;COD. MUNIC;NOME DO MUNICÍPIO;UF;populacao_2010;populacao_2022;crescimento
0;2603.0;Manaus;AM;1802014.0;2063689.0;261675.0
1;108.0;Brasília;DF;2572159.0;2817381.0;245222.0
2;50308.0;São Paulo;SP;11253503.0;11451999.0;198496.0
3;52205.0;Sorocaba;SP;586816.0;723682.0;136866.0
4;8707.0;Goiânia;GO;1301912.0;1437366.0;135454.0
5;100.0;Boa Vista;RR;284313.0;413486.0;129173.0
6;5407.0;Florianópolis;SC;421240.0;537211.0;115971.0
7;5536.0;Parauapebas;PA;153908.0;267836.0;113928.0
8;2704.0;Campo Grande;MS;786774.0;898100.0;111326.0
9;7507.0;João Pessoa;PB;723515.0;833932.0;110417.0
10;70206.0;Uberlândia;MG;604013.0;713224.0;109211.0
11;5002.0;Serra;ES;417330.0;520653.0;103323.0
12;9102.0;Joinville;SC;515288.0;616317.0;101029.0
13;3403.0;Cuiabá;MT;553202.0;650877.0;97675.0
14;43402.0;Ribeirão Preto;SP;604682.0;698642.0;93960.0
15;11101.0;Petrolina;PE;293962.0;386791.0;92829.0
16;41000.0;Praia Grande;SP;262051.0;349935.0;87884.0
17;11900.0;Palhoça;SC;137334.0;222598.0;85264.0
18;7909.0;Sinop;MT;113099.0;196312.0;83213.0
19;11201.0;São José de Ribamar;MA;161937.0;244579.0;82642.0
20;8203.0;Itajaí;SC;183373.0;264054.0;80681.0
21;5708.0;Barueri;SP;240749.0;316473.0;75724.0
22;21000.0;Palmas;TO;228332.0;302692.0;74360.0
23;13009.0;Cotia;SP;201150.0;274413.0;73263.0
24;25904.0;Jundiaí;SP;370126.0;443221.0;73095.0
25;47809.0;Santo André;SP;676407.0;748919.0;72512.0
26;49805.0;São José do Rio Preto;SP;408258.0;480393.0;72135.0
27;1405.0;Aparecida de Goiânia;GO;455735.0;527796.0;72061.0
28;4202.0;Chapecó;SC;183548.0;254785.0;71237.0
29;20454.0;Senador Canedo;GO;84433.0;155635.0;71202.0
30;2700.0;Maricá;RJ;127397.0;197277.0;69880.0
31;18800.0;Guarulhos;SP;1221979.0;1291771.0;69792.0
32;21858.0;Valparaíso de Goiás;GO;131105.0;198861.0;67756.0
33;7652.0;Fazenda Rio Grande;PR;81675.0;148873.0;67198.0
34;49904.0;São José dos Campos;SP;629921.0;697054.0;67133.0
35;258.0;Águas Lindas de Goiás;GO;159386.0;225693.0;66307.0
36;25506.0;São José dos Pinhais;PR;264210.0;329628.0;65418.0
37;33307.0;Vitória da Conquista;BA;306014.0;370879.0;64865.0
38;1108.0;Anápolis;GO;334623.0;398869.0;64246.0
39;30607.0;Mogi das Cruzes;SP;387779.0;451505.0;63726.0
40;4106.0;Caruaru;PE;314912.0;378048.0;63136.0
41;34401.0;Osasco;SP;666740.0;728615.0;61875.0
42;4808.0;Cascavel;PR;286177.0;348051.0;61874.0
43;16602.0;São José;SC;209804.0;270299.0;60495.0
44;10800.0;Feira de Santana;BA;556588.0;616272.0;59684.0
45;38709.0;Piracicaba;SP;364571.0;423323.0;58752.0
46;5701.0;Camaçari;BA;242970.0;300372.0;57402.0
47;9502.0;Campinas;SP;1081862.0;1139047.0;57185.0
48;15200.0;Maringá;PR;355432.0;409657.0;54225.0
49;20509.0;Indaiatuba;SP;201619.0;255748.0;54129.0
50;5200.0;Vila Velha;ES;414586.0;467722.0;53136.0
51;2404.0;Blumenau;SC;308943.0;361261.0;52318.0
52;6807.0;Santarém;PA;279805.0;331942.0;52137.0
53;43302.0;Montes Claros;MG;362148.0;414240.0;52092.0
54;11001.0;Teresina;PI;814230.0;866300.0;52070.0
55;4524.0;Rio das Ostras;RJ;105680.0;156491.0;50811.0
56;2152.0;Canaã dos Carajás;PA;26716.0;77079.0;50363.0
57;3251.0;Parnamirim;RN;202456.0;252716.0;50260.0
58;13700.0;Londrina;PR;506447.0;555965.0;49518.0
59;7602.0;Rondonópolis;MT;195586.0;244911.0;49325.0
60;18805.0;Rio Verde;GO;176424.0;225696.0;49272.0
61;3702.0;Dourados;MS;195495.0;243367.0;47872.0
62;19553.0;Luís Eduardo Magalhães;BA;60105.0;107909.0;47804.0
63;8402.0;Várzea Grande;MT;252361.0;300078.0;47717.0
64;23107.0;Itaquaquecetuba;SP;321770.0;369275.0;47505.0
65;19905.0;Ponta Grossa;PR;311601.0;358371.0;46770.0
66;47304.0;Santana de Parnaíba;SP;108813.0;154105.0;45292.0
67;48708.0;São Bernardo do Campo;SP;765463.0;810729.0;45266.0
68;52502.0;Suzano;SP;262480.0;307429.0;44949.0
69;303.0;Macapá;AP;398204.0;442933.0;44729.0
70;7925.0;Sorriso;MT;66354.0;110635.0;44281.0
71;19071.0;Hortolândia;SP;192692.0;236641.0;43949.0
72;70107.0;Uberaba;MG;295988.0;337836.0;41848.0
73;25303.0;Porto Seguro;BA;126581.0;168326.0;41745.0
74;10707.0;Paulista;PE;300466.0;342167.0;41701.0
75;3204.0;Camboriú;SC;62361.0;103074.0;40713.0
76;52403.0;Sumaré;SP;239562.0;279545.0;39983.0
77;7506.0;Paço do Lumiar;MA;105695.0;145643.0;39948.0
78;19207.0;Lauro de Freitas;BA;163449.0;203331.0;39882.0
79;2403.0;Macaé;RJ;206753.0;246391.0;39638.0
80;18407.0;Juazeiro;BA;198241.0;237821.0;39580.0
81;8906.0;Jaraguá do Sul;SC;143132.0;182660.0;39528.0
82;5259.0;Lucas do Rio Verde;MT;45571.0;83798.0;38227.0
83;21403.0;Trindade;GO;104496.0;142431.0;37935.0
84;8806.0;Goianira;GO;34058.0;71916.0;37858.0
85;3608.0;Extremoz;RN;24569.0;61635.0;37066.0
86;3709.0;Caucaia;CE;319637.0;355679.0;36042.0
87;7304.0;Juazeiro do Norte;CE;250095.0;286120.0;36025.0
88;704.0;Cabo Frio;RJ;186264.0;222161.0;35897.0
89;2909.0;Brusque;SC;105503.0;141385.0;35882.0
90;5497.0;Cidade Ocidental;GO;55915.0;91767.0;35852.0
91;6003.0;Bauru;SP;343937.0;379146.0;35209.0
92;4009.0;Campina Grande;PB;384737.0;419379.0;34642.0
93;12501.0;Luziânia;GO;174530.0;209129.0;34599.0
94;10500.0;Caraguatatuba;SP;100840.0;134873.0;34033.0
95;26256.0;Sarandi;PR;84492.0;118455.0;33963.0
96;16200.0;Franca;SP;318640.0;352536.0;33896.0
97;3208.0;Araraquara;SP;208662.0;242228.0;33566.0
98;7040.0;Primavera do Leste;MT;52051.0;85146.0;33095.0
99;54606.0;Ribeirão das Neves;MG;296736.0;329794.0;33058.0
100;48906.0;São Carlos;SP;221950.0;254857.0;32907.0
101;4208.0;Marabá;PA;233669.0;266533.0;32864.0
102;6705.0;Betim;MG;379138.0;411846.0;32708.0
103;1804.0;Araucária;PR;119123.0;151666.0;32543.0
104;54102.0;Taubaté;SP;278686.0;310739.0;32053.0
105;4107.0;Atibaia;SP;126603.0;158647.0;32044.0
106;205.0;Porto Velho;RO;428527.0;460434.0;31907.0
107;45208.0;Nova Serrana;MG;73699.0;105552.0;31853.0
108;308.0;Aracaju;SE;571149.0;602757.0;31608.0
109;22505.0;Itapevi;SP;200769.0;232297.0;31528.0
110;4805.0;Nossa Senhora do Socorro;SE;160827.0;192330.0;31503.0
111;27700.0;Toledo;PR;119313.0;150470.0;31157.0
112;2008.0;Balneário Camboriú;SC;108089.0;139155.0;31066.0
113;44805.0;Nova Lima;MG;80998.0;111697.0;30699.0
114;6256.0;Itaitinga;CE;34102.0;64650.0;30548.0
115;8305.0;Três Lagoas;MS;101786.0;132152.0;30366.0
116;8302.0;Itapema;SC;45797.0;75940.0;30143.0
117;7605.0;Bragança Paulista;SP;146744.0;176811.0;30067.0
118;8304.0;Foz do Iguaçu;PR;256088.0;285415.0;29327.0
119;24402.0;Jacareí;SP;211214.0;240275.0;29061.0
120;52809.0;Taboão da Serra;SP;244528.0;273542.0;29014.0
121;45209.0;Salto;SP;105516.0;134319.0;28803.0
122;401.0;Rio Branco;AC;336038.0;364756.0;28718.0
123;9205.0;Cajamar;SP;64114.0;92689.0;28575.0
124;36505.0;Paulínia;SP;82146.0;110537.0;28391.0
125;4285.0;Eusébio;CE;46033.0;74170.0;28137.0
126;4508.0;Caldas Novas;GO;70487.0;98622.0;28135.0
127;5108.0;Caxias do Sul;RS;435551.0;463501.0;27950.0
128;12005.0;São Gonçalo do Amarante;RN;87962.0;115838.0;27876.0
129;5109.0;Catalão;GO;86644.0;114427.0;27783.0
130;602.0;Altamira;PA;99075.0;126279.0;27204.0
131;1303.0;Barcarena;PA;99859.0;126650.0;26791.0
132;1608.0;Americana;SP;210638.0;237240.0;26602.0
133;24104.0;Esmeraldas;MG;59696.0;85598.0;25902.0
134;11306.0;Navegantes;SC;60556.0;86401.0;25845.0
135;3606.0;Itaituba;PA;97493.0;123314.0;25821.0
136;19509.0;Piraquara;PR;92962.0;118730.0;25768.0
137;24006.0;Itupeva;SP;44859.0;70616.0;25757.0
138;3205.0;Linhares;ES;141141.0;166786.0;25645.0
139;5302.0;Imperatriz;MA;247505.0;273110.0;25605.0
140;22109.0;Itanhaém;SP;87057.0;112476.0;25419.0
141;7650.0;Maracanaú;CE;209098.0;234509.0;25411.0
142;4302.0;Maceió;AL;932642.0;957916.0;25274.0
143;25101.0;Extrema;MG;28599.0;53482.0;24883.0
144;71204.0;Vespasiano;MG;104516.0;129246.0;24730.0
145;36702.0;Juiz de Fora;MG;516247.0;540756.0;24509.0
146;6224.0;Nova Mutum;MT;31649.0;55839.0;24190.0
147;4204.0;Campo Largo;PR;112213.0;136327.0;24114.0
148;4606.0;Canoas;RS;323827.0;347657.0;23830.0
149;17609.0;Planaltina;GO;81559.0;105031.0;23472.0
150;7701.0;Rio Largo;AL;70685.0;93927.0;23242.0
151;2107.0;Barra Velha;SC;22386.0;45369.0;22983.0
152;37601.0;Lagoa Santa;MG;52520.0;75145.0;22625.0
153;11300.0;São Luís;MA;1015329.0;1037775.0;22446.0
154;7958.0;Tangará da Serra;MT;84093.0;106434.0;22341.0
155;3201.0;Barreiras;BA;137427.0;159734.0;22307.0
156;13703.0;Santa Rita;PB;127676.0;149910.0;22234.0
157;4608.0;Criciúma;SC;192305.0;214493.0;22188.0
158;6902.0;Curitiba;PR;1751907.0;1773718.0;21811.0
159;52501.0;Pouso Alegre;MG;130615.0;152217.0;21602.0
160;4630.0;Capão da Canoa;RS;42040.0;63594.0;21554.0
161;11403.0;Lajeado;RS;72216.0;93646.0;21430.0
162;14100.0;Passo Fundo;RS;184826.0;206215.0;21389.0
163;300.0;Arapiraca;AL;213671.0;234696.0;21025.0
164;29005.0;Marília;SP;216745.0;237627.0;20882.0
165;2109.0;Araguaína;TO;150484.0;171301.0;20817.0
166;18004.0;Tijucas;SC;30960.0;51592.0;20632.0
167;1307.0;Araquari;SC;24810.0;45283.0;20473.0
168;1852.0;Iranduba;AM;40781.0;61163.0;20382.0
169;23404.0;Itatiba;SP;101471.0;121590.0;20119.0
170;48004.0;Patos de Minas;MG;139206.0;159235.0;20029.0
171;304.0;Vilhena;RO;76202.0;95832.0;19630.0
172;56206.0;Valinhos;SP;106793.0;126373.0;19580.0
173;5233.0;Horizonte;CE;55187.0;74755.0;19568.0
174;1901.0;Barbalha;CE;55523.0;75033.0;19510.0
175;1009.0;Campos dos Goytacazes;RJ;464066.0;483540.0;19474.0
176;18501.0;Pato Branco;PR;72370.0;91836.0;19466.0
177;2405.0;Guarapari;ES;105286.0;124656.0;19370.0
178;57006.0;Votorantim;SP;108618.0;127923.0;19305.0
179;5805.0;Colombo;PR;212994.0;232212.0;19218.0
180;2400.0;Castanhal;PA;173149.0;192256.0;19107.0
181;12209.0;Timon;MA;155579.0;174465.0;18886.0
182;18601.0;Contagem;MG;602986.0;621863.0;18877.0
183;2305.0;Biguaçu;SC;58206.0;76773.0;18567.0
184;2804.0;Araçatuba;SP;181579.0;200124.0;18545.0
185;2105.0;Bento Gonçalves;RS;104659.0;123151.0;18492.0
186;38006.0;Pindamonhangaba;SP;146995.0;165428.0;18433.0
187;2902.0;Cabo de Santo Agostinho;PE;185025.0;203440.0;18415.0
188;2637.0;Campo Novo do Parecis;MT;27573.0;45899.0;18326.0
189;7208.0;Ipojuca;PE;80637.0;98932.0;18295.0
190;1400.0;Balsas;MA;83528.0;101767.0;18239.0
191;22306.0;Divinópolis;MG;213016.0;231091.0;18075.0
192;41406.0;Presidente Prudente;SP;207610.0;225668.0;18058.0
193;4007.0;Araxá;MG;93672.0;111691.0;18019.0
194;3103.0;Cachoeirinha;RS;118278.0;136258.0;17980.0
195;7506.0;Botucatu;SP;127328.0;145155.0;17827.0
196;11909.0;Jataí;GO;88006.0;105729.0;17723.0
197;8403.0;Francisco Beltrão;PR;78943.0;96666.0;17723.0
198;58953.0;Santana do Paraíso;MG;27265.0;44800.0;17535.0
199;209.0;Araruama;RJ;112228.0;129671.0;17443.0
200;10609.0;Carapicuíba;SP;369584.0;386984.0;17400.0
201;13103.0;Mineiros;GO;52935.0;70081.0;17146.0
202;107.0;Abaetetuba;PA;141100.0;158188.0;17088.0
203;51702.0;Sertãozinho;SP;110074.0;126887.0;16813.0
204;1902.0;Itacoatiara;AM;86839.0;103598.0;16759.0
205;404.0;Alenquer;PA;52626.0;69377.0;16751.0
206;6701.0;São Cristóvão;SE;78864.0;95612.0;16748.0
207;2504.0;Manacapuru;AM;85141.0;101883.0;16742.0
208;7502.0;Indaial;SC;54854.0;71549.0;16695.0
209;54003.0;Tatuí;SP;107326.0;123942.0;16616.0
210;400.0;Almirante Tamandaré;PR;103217.0;119825.0;16608.0
211;6359.0;Bertioga;SP;47645.0;64188.0;16543.0
212;605.0;Barra dos Coqueiros;SE;24976.0;41511.0;16535.0
213;57807.0;Santa Luzia;MG;202601.0;219132.0;16531.0
214;2908.0;Itabaiana;SE;86967.0;103440.0;16473.0
215;7702.0;Parnaíba;PI;145705.0;162159.0;16454.0
216;28104.0;Umuarama;PR;100670.0;117095.0;16425.0
217;30706.0;Mogi Guaçu;SP;137245.0;153658.0;16413.0
218;48807.0;São Caetano do Sul;SP;149263.0;165655.0;16392.0
219;5208.0;São Pedro da Aldeia;RJ;87820.0;104029.0;16209.0
220;8450.0;Itapoá;SC;14763.0;30750.0;15987.0
221;26902.0;Limeira;SP;276022.0;291869.0;15847.0
222;8004.0;Formosa;GO;100085.0;115901.0;15816.0
223;6206.0;Cristalina;GO;46572.0;62337.0;15765.0
224;31803.0;Monte Mor;SP;48949.0;64662.0;15713.0
225;31100.0;Mongaguá;SP;46293.0;61951.0;15658.0
226;18204.0;Porto Nacional;TO;49146.0;64418.0;15272.0
227;5505.0;Saquarema;RJ;74293.0;89559.0;15266.0
228;43907.0;Rio Claro;SP;186253.0;201418.0;15165.0
229;18304.0;Conselheiro Lafaiete;MG;116512.0;131621.0;15109.0
230;11503.0;Itumbiara;GO;92876.0;107970.0;15094.0
231;6405.0;Itapipoca;CE;116076.0;131123.0;15047.0
232;24709.0;Jaguariúna;SP;44311.0;59347.0;15036.0
233;1507.0;Arapongas;PR;104150.0;119138.0;14988.0
234;16808.0;Santa Cruz do Sul;RS;118374.0;133230.0;14856.0
235;27306.0;Louveira;SP;37080.0;51847.0;14767.0
236;1204.0;Baião;PA;36882.0;51641.0;14759.0
237;9401.0;Guarapuava;PR;167414.0;182093.0;14679.0
238;5902.0;Gaspar;SC;57990.0;72570.0;14580.0
239;4906.0;São Mateus;ES;109193.0;123752.0;14559.0
240;4062.0;Tabatinga;AM;52272.0;66764.0;14492.0
241;4708.0;Marechal Deodoro;AL;46018.0;60370.0;14352.0
242;12908.0;Sobral;CE;188677.0;203023.0;14346.0
243;55406.0;Ubatuba;SP;78801.0;92981.0;14180.0
244;8608.0;Goianésia;GO;59549.0;73707.0;14158.0
245;6606.0;Ponta Porã;MS;77877.0;92017.0;14140.0
246;1808.0;Breves;PA;92860.0;106968.0;14108.0
247;23909.0;Itu;SP;154147.0;168240.0;14093.0
248;4703.0;Moju;PA;70018.0;84094.0;14076.0
249;3809.0;São Gabriel da Cachoeira;AM;37896.0;51795.0;13899.0
250;22404.0;Rolândia;PR;57862.0;71670.0;13808.0
251;7065.0;Querência;MT;13033.0;26769.0;13736.0
252;25201.0;Jarinu;SP;23847.0;37535.0;13688.0
253;6500.0;Santa Izabel do Pará;PA;59466.0;73019.0;13553.0
254;22307.0;Itapetininga;SP;144377.0;157790.0;13413.0
255;70701.0;Varginha;MG;123081.0;136467.0;13386.0
256;203.0;Cruzeiro do Sul;AC;78507.0;91888.0;13381.0
257;2103.0;Cametá;PA;120896.0;134184.0;13288.0
258;1704.0;Humaitá;AM;44227.0;57473.0;13246.0
259;16408.0;Franco da Rocha;SP;131604.0;144849.0;13245.0
260;2678.0;Campo Verde;MT;31348.0;44585.0;13237.0
261;67202.0;Sete Lagoas;MG;214221.0;227397.0;13176.0
262;6804.0;Igarassu;PE;102021.0;115196.0;13175.0
263;6002.0;Garanhuns;PE;129408.0;142506.0;13098.0
264;7104.0;Macaíba;RN;69173.0;82249.0;13076.0
265;4301.0;Concórdia;SC;68625.0;81646.0;13021.0
266;13909.0;Serra Talhada;PE;79232.0;92228.0;12996.0
267;607.0;Aracruz;ES;81832.0;94765.0;12933.0
268;47105.0;Pará de Minas;MG;84215.0;97139.0;12924.0
269;28502.0;Mairiporã;SP;80956.0;93853.0;12897.0
270;1803.0;Barra do Garças;MT;56315.0;69210.0;12895.0
271;56701.0;Vinhedo;SP;63656.0;76540.0;12884.0
272;18707.0;Tubarão;SC;97249.0;110088.0;12839.0
273;21600.0;Tramandaí;RS;41585.0;54387.0;12802.0
274;7001.0;Boituva;SP;48314.0;61081.0;12767.0
275;4602.0;Bady Bassitt;SP;14603.0;27260.0;12657.0
276;38203.0;Lavras;MG;92200.0;104761.0;12561.0
277;15804.0;Medianeira;PR;41817.0;54369.0;12552.0
278;10727.0;Eunápolis;BA;101255.0;113710.0;12455.0
279;233.0;Armação dos Búzios;RJ;27560.0;40006.0;12446.0
280;13401.0;Tianguá;CE;69083.0;81506.0;12423.0
281;7304.0;Imbituba;SC;40170.0;52579.0;12409.0
282;8407.0;Xinguara;PA;40573.0;52893.0;12320.0
283;29806.0;Ibirité;MG;158224.0;170537.0;12313.0
284;39409.0;Manhuaçu;MG;79574.0;91886.0;12312.0
285;4303.0;Campo Mourão;PR;87177.0;99432.0;12255.0
286;50.0;Abadia de Goiás;GO;6891.0;19128.0;12237.0
287;4203.0;Tefé;AM;61453.0;73669.0;12216.0
288;33808.0;Itaúna;MG;85463.0;97669.0;12206.0
289;2951.0;Chapadão do Sul;MS;18815.0;30993.0;12178.0
290;3307.0;Araras;SP;118843.0;130866.0;12023.0
291;28703.0;Santo Antônio de Jesus;BA;91057.0;103055.0;11998.0
292;57105.0;Votuporanga;SP;84692.0;96634.0;11942.0
293;1501.0;Benevides;PA;51651.0;63567.0;11916.0
294;8907.0;Satuba;AL;12443.0;24278.0;11835.0
295;5704.0;Garopaba;SC;18138.0;29959.0;11821.0
296;3901.0;Arujá;SP;74905.0;86678.0;11773.0
297;14104.0;Mandaguaçu;PR;19781.0;31457.0;11676.0
298;4800.0;Grajaú;MA;62234.0;73872.0;11638.0
299;13500.0;Porto Belo;SC;16083.0;27688.0;11605.0
300;6504.0;Guaramirim;SC;35172.0;46711.0;11539.0
301;8504.0;Caçapava;SP;84752.0;96202.0;11450.0
302;51800.0;Poços de Caldas;MG;152435.0;163742.0;11307.0
303;859.0;Anapu;PA;20543.0;31850.0;11307.0
304;14805.0;Rio do Sul;SC;61297.0;72587.0;11290.0
305;4901.0;Muaná;PA;34204.0;45368.0;11164.0
306;8001.0;Tomé-Açu;PA;56518.0;67585.0;11067.0
307;7007.0;Içara;SC;47982.0;59035.0;11053.0
308;65537.0;Sarzedo;MG;25814.0;36844.0;11030.0
309;30101.0;Igarapé;MG;34851.0;45847.0;10996.0
310;2600.0;Ceará-Mirim;RN;68141.0;79115.0;10974.0
311;15707.0;Ferraz de Vasconcelos;SP;168306.0;179198.0;10892.0
312;7875.0;Sapezal;MT;18089.0;28944.0;10855.0
313;33403.0;Nova Odessa;SP;51242.0;62019.0;10777.0
314;2453.0;Bombinhas;SC;14293.0;25058.0;10765.0
315;1306.0;Casimiro de Abreu;RJ;35347.0;46110.0;10763.0
316;12403.0;São Gonçalo do Amarante;CE;43393.0;54143.0;10750.0
317;16907.0;Santa Maria;RS;261032.0;271735.0;10703.0
318;12505.0;Santa Cruz do Capibaribe;PE;87582.0;98254.0;10672.0
319;16309.0;Francisco Morato;SP;154472.0;165139.0;10667.0
320;1406.0;Araranguá;SC;61292.0;71922.0;10630.0
321;6752.0;Pontes e Lacerda;MT;41408.0;52018.0;10610.0
322;1707.0;Barreirinhas;MA;55029.0;65589.0;10560.0
323;15004.0;Embu das Artes;SP;240230.0;250691.0;10461.0
324;18402.0;Paranavaí;PR;81590.0;92001.0;10411.0
325;5500.0;Barretos;SP;112101.0;122485.0;10384.0
326;9705.0;Hidrolândia;GO;17398.0;27742.0;10344.0
327;5809.0;Portel;PA;52172.0;62503.0;10331.0
328;6508.0;Birigui;SP;108728.0;118979.0;10251.0
329;3701.0;Cambé;PR;96987.0;107208.0;10221.0
330;54805.0;Tremembé;SP;40984.0;51173.0;10189.0
331;16206.0;São Francisco do Sul;SC;42520.0;52674.0;10154.0
332;12809.0;Balneário Piçarras;SC;17078.0;27127.0;10049.0
333;6138.0;Redenção;PA;75556.0;85597.0;10041.0
334;6408.0;Gravatá;PE;76476.0;86516.0;10040.0
335;17503.0;Paiçandu;PR;35936.0;45962.0;10026.0
336;40704.0;Mateus Leme;MG;27856.0;37841.0;9985.0
337;9609.0;Guaratuba;PR;32095.0;42062.0;9967.0
338;3353.0;Confresa;MT;25124.0;35075.0;9951.0
339;9706.0;Pacatuba;CE;71581.0;81524.0;9943.0
340;3754.0;Jacareacanga;PA;14103.0;24042.0;9939.0
341;14807.0;Marialva;PR;31959.0;41851.0;9892.0
342;13806.0;Morrinhos;GO;41465.0;51351.0;9886.0
343;4503.0;Avaré;SP;82934.0;92805.0;9871.0
344;1709.0;Bragança;PA;113227.0;123082.0;9855.0
345;4201.0;Resende;RJ;119769.0;129612.0;9843.0
346;3302.0;Bela Vista de Goiás;GO;24613.0;34445.0;9832.0
347;15705.0;Matinhos;PR;29428.0;39259.0;9831.0
348;4202.0;Crato;CE;121260.0;131050.0;9790.0
349;19152.0;Pinhais;PR;117253.0;127019.0;9766.0
350;4408.0;Canela;RS;39227.0;48946.0;9719.0
351;25003.0;Jandira;SP;108344.0;118045.0;9701.0
352;7005.0;Erechim;RS;96085.0;105705.0;9620.0
353;702.0;Alagoinhas;BA;141463.0;151055.0;9592.0
354;5508.0;Cianorte;PR;69958.0;79527.0;9569.0
355;30300.0;Mirassol;SP;53792.0;63337.0;9545.0
356;7805.0;Senador José Porfírio;PA;13045.0;22576.0;9531.0
357;19954.0;Pontal do Paraná;PR;20920.0;30425.0;9505.0
358;1201.0;Arcoverde;PE;68253.0;77742.0;9489.0
359;250.0;Alta Floresta;MT;49142.0;58613.0;9471.0
360;300.0;Autazes;AM;32135.0;41564.0;9429.0
361;11709.0;Guanambi;BA;78452.0;87817.0;9365.0
362;10406.0;Itaberaí;GO;35374.0;44734.0;9360.0
363;9209.0;Gravataí;RS;255723.0;265074.0;9351.0
364;18202.0;Timbó;SC;36774.0;46099.0;9325.0
365;47006.0;Paracatu;MG;84718.0;94023.0;9305.0
366;1408.0;Apucarana;PR;120919.0;130134.0;9215.0
367;10330.0;Imbé;RS;17670.0;26824.0;9154.0
368;9607.0;Pacajus;CE;61838.0;70983.0;9145.0
369;62104.0;São Gotardo;MG;31819.0;40910.0;9091.0
370;2801.0;Itapemirim;ES;30768.0;39832.0;9064.0
371;70404.0;Unaí;MG;77557.0;86619.0;9062.0
372;4006.0;Campina Grande do Sul;PR;38769.0;47825.0;9056.0
373;1725.0;Brasil Novo;PA;15690.0;24718.0;9028.0
374;11405.0;Quixeramobim;CE;73160.0;82177.0;9017.0
375;14609.0;Marechal Cândido Rondon;PR;46819.0;55836.0;9017.0
376;2900.0;Maués;AM;52236.0;61204.0;8968.0
377;49102.0;São João da Boa Vista;SP;83639.0;92547.0;8908.0
378;19753.0;Santo Antônio do Descoberto;GO;63233.0;72127.0;8894.0
379;5456.0;Forquilhinha;SC;22548.0;31431.0;8883.0
380;456.0;Pacaraima;RR;10433.0;19305.0;8872.0
381;62922.0;São Joaquim de Bicas;MG;25537.0;34348.0;8811.0
382;15231.0;Novo Gama;GO;94996.0;103804.0;8808.0
383;680.0;Boa Vista do Ramos;AM;14979.0;23785.0;8806.0
384;12456.0;Turilândia;MA;22846.0;31638.0;8792.0
385;11809.0;Marau;RS;36364.0;45124.0;8760.0
386;4752.0;Mojuí dos Campos;PA;14775.0;23501.0;8726.0
387;4508.0;Nossa Senhora da Glória;SE;32497.0;41212.0;8715.0
388;7207.0;Dois Vizinhos;PR;36179.0;44869.0;8690.0
389;56503.0;Várzea Paulista;SP;107089.0;115771.0;8682.0
390;8007.0;Picos;PI;74435.0;83090.0;8655.0
391;400.0;Altos;PI;38822.0;47453.0;8631.0
392;7254.0;Jijoca de Jericoacoara;CE;16958.0;25555.0;8597.0
393;37602.0;Peruíbe;SP;59773.0;68352.0;8579.0
394;3209.0;Cabedelo;PB;57944.0;66519.0;8575.0
395;36652.0;Juatuba;MG;22170.0;30716.0;8546.0
396;3256.0;Costa Rica;MS;17507.0;26037.0;8530.0
397;12502.0;Penha;SC;25141.0;33663.0;8522.0
398;15702.0;Palmeiras de Goiás;GO;23339.0;31858.0;8519.0
399;5031.0;Novo Progresso;PA;25124.0;33638.0;8514.0
400;9007.0;Caieiras;SP;86529.0;95032.0;8503.0
401;1506.0;Colatina;ES;111537.0;120033.0;8496.0
402;15802.0;São Bento do Sul;SC;74796.0;83277.0;8481.0
403;5101.0;Viana;ES;65001.0;73423.0;8422.0
404;14604.0;Irecê;BA;66117.0;74507.0;8390.0
405;17202.0;Santa Rosa;RS;68587.0;76963.0;8376.0
406;9500.0;Gurupi;TO;76755.0;85125.0;8370.0
407;472.0;Rorainópolis;RR;24279.0;32647.0;8368.0
408;201.0;Água Boa;MT;20856.0;29219.0;8363.0
409;13701.0;São Lourenço da Mata;PE;102889.0;111249.0;8360.0
410;49.0;Cacoal;RO;78574.0;86887.0;8313.0
411;9300.0;Lages;SC;156727.0;164981.0;8254.0
412;19309.0;Videira;SC;47228.0;55466.0;8238.0
413;21002.0;Iperó;SP;28300.0;36459.0;8159.0
414;8201.0;Nísia Floresta;RN;23784.0;31942.0;8158.0
415;200.0;Acaraú;CE;57190.0;65264.0;8074.0
416;3208.0;Chapadinha;MA;73350.0;81386.0;8036.0
417;1105.0;Bagre;PA;23864.0;31892.0;8028.0
418;17204.0;São Miguel do Oeste;SC;36306.0;44330.0;8024.0
419;3504.0;Araguari;MG;109801.0;117808.0;8007.0
420;1000.0;Aquiraz;CE;72652.0;80645.0;7993.0
421;16109.0;Paraíso do Tocantins;TO;44417.0;52360.0;7943.0
422;31901.0;Itabirito;MG;45452.0;53365.0;7913.0
423;3401.0;Nova Friburgo;RJ;182057.0;189939.0;7882.0
424;609.0;Tarauacá;AC;35590.0;43467.0;7877.0
425;9100.0;Gramado;RS;32290.0;40134.0;7844.0
426;3320.0;Marataízes;ES;34140.0;41929.0;7789.0
427;2405.0;Lábrea;AM;37701.0;45448.0;7747.0
428;5502.0;Paragominas;PA;97819.0;105550.0;7731.0
429;122.0;Ji-Paraná;RO;116610.0;124333.0;7723.0
430;14507.0;Nerópolis;GO;24213.0;31932.0;7719.0
431;3807.0;Paraty;RJ;37533.0;45243.0;7710.0
432;50704.0;São Sebastião;SP;73942.0;81595.0;7653.0
433;25102.0;Jardinópolis;SP;37661.0;45282.0;7621.0
434;40606.0;Porto Feliz;SP;48893.0;56497.0;7604.0
435;5513.0;Cocalzinho de Goiás;GO;17414.0;25016.0;7602.0
436;25501.0;Prado;BA;27413.0;35003.0;7590.0
437;12203.0;São José de Mipibu;RN;39698.0;47286.0;7588.0
438;18001.0;Jequié;BA;151301.0;158813.0;7512.0
439;19507.0;Xanxerê;SC;44128.0;51607.0;7479.0
440;5400.0;Maracaju;MS;37594.0;45047.0;7453.0
441;15703.0;Santo Amaro da Imperatriz;SC;19823.0;27272.0;7449.0
442;4559.0;Santa Maria de Jetibá;ES;34197.0;41636.0;7439.0
443;2073.0;Balneário Gaivota;SC;8234.0;15669.0;7435.0
444;56453.0;Vargem Grande Paulista;SP;42997.0;50415.0;7418.0
445;7695.0;São Gabriel do Oeste;MS;22162.0;29579.0;7417.0
446;48103.0;Patrocínio;MG;82471.0;89826.0;7355.0
447;6203.0;Salinópolis;PA;37421.0;44772.0;7351.0
448;15603.0;Padre Bernardo;GO;27661.0;34967.0;7306.0
449;3802.0;Artur Nogueira;SP;44177.0;51456.0;7279.0
450;2306.0;Jutaí;AM;17992.0;25172.0;7180.0
451;11258.0;Itaperuçu;PR;24044.0;31217.0;7173.0
452;40001.0;Mariana;MG;54219.0;61387.0;7168.0
453;2939.0;Dom Eliseu;PA;51319.0;58484.0;7165.0
454;13801.0;Diadema;SP;386089.0;393237.0;7148.0
455;7202.0;Casa Nova;BA;64940.0;72086.0;7146.0
456;5554.0;Seropédica;RJ;73463.0;80596.0;7133.0
457;2702.0;Canarana;MT;18754.0;25858.0;7104.0
458;21501.0;Torres;RS;34656.0;41751.0;7095.0
459;6307.0;Paranatinga;MT;19339.0;26423.0;7084.0
460;1706.0;Belo Jardim;PE;72432.0;79507.0;7075.0
461;13500.0;Trairi;CE;51422.0;58415.0;6993.0
462;501.0;Oiapoque;AP;20509.0;27482.0;6973.0
463;2905.0;Curuçá;PA;34294.0;41262.0;6968.0
464;22206.0;Rio Branco do Sul;PR;30617.0;37558.0;6941.0
465;7208.0;Rio Brilhante;MS;30663.0;37601.0;6938.0
466;2702.0;Manicoré;AM;47017.0;53914.0;6897.0
467;31350.0;Teixeira de Freitas;BA;138341.0;145216.0;6875.0
468;19600.0;Ibitinga;SP;53158.0;60033.0;6875.0
469;3501.0;Cascavel;CE;65897.0;72720.0;6823.0
470;64704.0;São Sebastião do Paraíso;MG;64980.0;71796.0;6816.0
471;28403.0;Mairinque;SP;43223.0;50027.0;6804.0
472;800.0;Ananindeua;PA;471980.0;478778.0;6798.0
473;4251.0;Cruz;CE;22983.0;29761.0;6778.0
474;2202.0;Capanema;PA;63639.0;70394.0;6755.0
475;3309.0;Igarapé-Miri;PA;58077.0;64831.0;6754.0
476;20400.0;Ilhabela;SP;28196.0;34934.0;6738.0
477;3500.0;Lagarto;SE;94861.0;101579.0;6718.0
478;10209.0;Paracuru;CE;32310.0;38980.0;6670.0
479;20904.0;Curvelo;MG;74004.0;80665.0;6661.0
480;1102.0;Araripina;PE;78429.0;85088.0;6659.0
481;5908.0;Porto de Moz;PA;33956.0;40597.0;6641.0
482;7906.0;Farroupilha;RS;63675.0;70286.0;6611.0
483;10607.0;São Raimundo Nonato;PI;32327.0;38934.0;6607.0
484;5150.0;Juína;MT;39267.0;45869.0;6602.0
485;50407.0;São Pedro;SP;31662.0;38256.0;6594.0
486;36207.0;João Monlevade;MG;73610.0;80187.0;6577.0
487;7505.0;Itaíba;PE;26122.0;32650.0;6528.0
488;29305.0;São Gonçalo dos Campos;BA;32990.0;39513.0;6523.0
489;13203.0;Pomerode;SC;27778.0;34289.0;6511.0
490;15509.0;Fernandópolis;SP;64696.0;71186.0;6490.0
491;13508.0;Osório;RS;40907.0;47396.0;6489.0
492;2057.0;Balneário Barra do Sul;SC;8430.0;14912.0;6482.0
493;23.0;Ariquemes;RO;90353.0;96833.0;6480.0
494;1900.0;Itaboraí;RJ;217790.0;224267.0;6477.0
495;8603.0;Pinheiro;MA;78162.0;84621.0;6459.0
496;4059.0;Mãe do Rio;PA;27904.0;34353.0;6449.0
497;8408.0;Conceição do Coité;BA;61378.0;67825.0;6447.0
498;16305.0;São João Batista;SC;26260.0;32687.0;6427.0
499;26704.0;Leme;SP;91756.0;98161.0;6405.0
500;600.0;Santana;AP;101262.0;107618.0;6356.0
501;17909.0;Palotina;PR;28683.0;35011.0;6328.0
502;13375.0;Nova Santa Rita;RS;22716.0;29024.0;6308.0
503;12507.0;Queimadas;PB;41361.0;47658.0;6297.0
504;62955.0;São José da Lapa;MG;19799.0;26090.0;6291.0
505;12254.0;Passo de Torres;SC;6627.0;12897.0;6270.0
506;4008.0;Assis;SP;95144.0;101409.0;6265.0
507;1950.0;Balneário Arroio do Silva;SC;9586.0;15820.0;6234.0
508;6005.0;Prainha;PA;29349.0;35577.0;6228.0
509;19705.0;Xaxim;SC;25713.0;31918.0;6205.0
510;4603.0;Conde;PB;21400.0;27605.0;6205.0
511;6187.0;Rondon do Pará;PA;46964.0;53143.0;6179.0
512;1903.0;Bom Jesus;PI;22629.0;28796.0;6167.0
513;10506.0;Maravilha;SC;22116.0;28251.0;6135.0
514;6306.0;Guabiruba;SC;18430.0;24543.0;6113.0
515;7406.0;Bom Despacho;MG;45624.0;51737.0;6113.0
516;4401.0;Urucurituba;AM;17837.0;23945.0;6108.0
517;409.0;Anchieta;ES;23902.0;29984.0;6082.0
518;16407.0;Vitória de Santo Antão;PE;128017.0;134084.0;6067.0
519;30805.0;Mogi Mirim;SP;86505.0;92558.0;6053.0
520;4605.0;Brumado;BA;64493.0;70510.0;6017.0
521;4907.0;Castro;PR;67084.0;73075.0;5991.0
522;22656.0;Nordestina;BA;12541.0;18523.0;5982.0
523;18404.0;Guaratinguetá;SP;112072.0;118044.0;5972.0
524;1407.0;Aripuanã;MT;18656.0;24626.0;5970.0
525;1109.0;Aracati;CE;69177.0;75113.0;5936.0
526;5606.0;Matupá;MT;14174.0;20091.0;5917.0
527;22208.0;Itapecerica da Serra;SP;152614.0;158522.0;5908.0
528;2503.0;Brejo Santo;CE;45189.0;51090.0;5901.0
529;9154.0;Manari;PE;17887.0;23763.0;5876.0
530;5471.0;Chapadão do Céu;GO;7001.0;12870.0;5869.0
531;10207.0;Ijuí;RS;78915.0;84780.0;5865.0
532;8084.0;Tucumã;PA;33690.0;39550.0;5860.0
533;6200.0;Goiana;PE;75231.0;81055.0;5824.0
534;288.0;Rolim de Moura;RO;50648.0;56406.0;5758.0
535;62500.0;São João del Rei;MG;84469.0;90225.0;5756.0
536;12208.0;Salgueiro;PE;56629.0;62372.0;5743.0
537;42602.0;Registro;SP;54261.0;59947.0;5686.0
538;10500.0;São Bento;MA;40736.0;46395.0;5659.0
539;47907.0;Passos;MG;106290.0;111939.0;5649.0
540;12908.0;Pinhalzinho;SC;16346.0;21972.0;5626.0
541;7008.0;Poxoréu;MT;17659.0;23283.0;5624.0
542;21601.0;Uruaçu;GO;36937.0;42546.0;5609.0
543;14501.0;Surubim;PE;58515.0;64120.0;5605.0
544;7000.0;Inajá;PE;20007.0;25603.0;5596.0
545;15409.0;Toritama;PE;35554.0;41137.0;5583.0
546;9200.0;Guapó;GO;13976.0;19545.0;5569.0
547;46603.0;Santa Fé do Sul;SP;29239.0;34794.0;5555.0
548;14209.0;Tibau do Sul;RN;11385.0;16929.0;5544.0
549;21451.0;Teutônia;RS;27272.0;32797.0;5525.0
550;6553.0;Itarema;CE;37453.0;42957.0;5504.0
551;5304.0;Oriximiná;PA;62794.0;68294.0;5500.0
552;4700.0;Ivinhema;MS;22341.0;27821.0;5480.0
553;5508.0;José de Freitas;PI;37085.0;42559.0;5474.0
554;13904.0;Panambi;RS;38044.0;43515.0;5471.0
555;206.0;Acará;PA;53569.0;59023.0;5454.0
556;37205.0;Lagoa da Prata;MG;45984.0;51412.0;5428.0
557;8405.0;Cabreúva;SP;41604.0;47011.0;5407.0
558;18305.0;Guararema;SP;25844.0;31236.0;5392.0
559;13302.0;Tauá;CE;55849.0;61227.0;5378.0
560;704.0;Uiramutã;RR;8375.0;13751.0;5376.0
561;6002.0;Nova Alvorada do Sul;MS;16450.0;21822.0;5372.0
562;1003.0;Aparecida do Taboado;MS;22307.0;27674.0;5367.0
563;18204.0;Paranaguá;PR;140469.0;145829.0;5360.0
564;17602.0;Palmas;PR;42888.0;48247.0;5359.0
565;2806.0;Curralinho;PA;28549.0;33903.0;5354.0
566;7609.0;Estância Velha;RS;42574.0;47924.0;5350.0
567;30501.0;Serrinha;BA;75095.0;80435.0;5340.0
568;17306.0;Conceição das Alagoas;MG;23043.0;28381.0;5338.0
569;10302.0;Capela do Alto;SP;17532.0;22866.0;5334.0
570;4253.0;Campo Magro;PR;24843.0;30160.0;5317.0
571;20909.0;Tapejara;RS;19250.0;24557.0;5307.0
572;10608.0;Paudalho;PE;51361.0;56665.0;5304.0
573;17504.0;Conceição do Mato Dentro;MG;17905.0;23163.0;5258.0
574;4804.0;Carlos Barbosa;RS;25162.0;30420.0;5258.0
575;5205.0;Oeiras do Pará;PA;28595.0;33844.0;5249.0
576;631.0;Beruri;AM;15486.0;20718.0;5232.0
577;18508.0;Quirinópolis;GO;43221.0;48447.0;5226.0
578;14302.0;Mandirituba;PR;22220.0;27439.0;5219.0
579;6767.0;Eldorado do Sul;RS;34343.0;39559.0;5216.0
580;1607.0;Alfenas;MG;73774.0;78970.0;5196.0
581;8507.0;Conceição do Jacuípe;BA;30112.0;35308.0;5196.0
582;2205.0;Itaperuna;RJ;95867.0;101041.0;5174.0
583;27106.0;Telêmaco Borba;PR;69872.0;75042.0;5170.0
584;104.0;Afogados da Ingazeira;PE;35088.0;40241.0;5153.0
585;12307.0;Capelinha;MG;34477.0;39626.0;5149.0
586;2903.0;Araçoiaba da Serra;SP;27299.0;32443.0;5144.0
587;6873.0;Capim Grosso;BA;28093.0;33235.0;5142.0
588;20000.0;Balneário Rincão;SC;10851.0;15981.0;5130.0
589;14003.0;Presidente Getúlio;SC;14883.0;20010.0;5127.0
590;27107.0;Frutal;MG;53468.0;58588.0;5120.0
591;5437.0;Ourilândia do Norte;PA;27359.0;32467.0;5108.0
592;11508.0;Cerquilho;SP;39617.0;44695.0;5078.0
593;11902.0;Lagoa da Confusão;TO;10210.0;15288.0;5078.0
594;26803.0;Lençóis Paulista;SP;61428.0;66505.0;5077.0
595;1876.0;Iguaba Grande;RJ;22848.0;27920.0;5072.0
596;10852.0;Pindoretama;CE;18334.0;23391.0;5057.0
597;11209.0;Uruçuí;PI;20149.0;25203.0;5054.0
598;33908.0;Olímpia;SP;50024.0;55074.0;5050.0
599;34202.0;Ituiutaba;MG;97171.0;102217.0;5046.0
600;407.0;Normandia;RR;8940.0;13986.0;5046.0
601;10057.0;Dias d'Ávila;BA;66440.0;71485.0;5045.0
602;51504.0;Serrana;SP;38878.0;43909.0;5031.0
603;10509.0;Camanducaia;MG;21080.0;26097.0;5017.0
604;7901.0;Sidrolândia;MS;42114.0;47118.0;5004.0
605;33208.0;Vera Cruz;BA;37567.0;42529.0;4962.0
606;9006.0;Brumadinho;MG;33973.0;38915.0;4942.0
607;12401.0;Montenegro;RS;59415.0;64322.0;4907.0
608;402.0;Mazagão;AP;17032.0;21924.0;4892.0
609;3704.0;Cajazeiras;PB;58365.0;63239.0;4874.0
610;28901.0;São Desidério;BA;27976.0;32828.0;4852.0
611;2407.0;Caarapó;MS;25770.0;30612.0;4842.0
612;20700.0;Maraú;BA;19689.0;24527.0;4838.0
613;17508.0;Jacobina;BA;77758.0;82590.0;4832.0
614;4205.0;Arcos;MG;36597.0;41416.0;4819.0
615;706.0;Boca do Acre;AM;30632.0;35447.0;4815.0
616;175.0;Cantá;RR;13902.0;18682.0;4780.0
617;24400.0;Santo Antônio do Sudoeste;PR;18893.0;23673.0;4780.0
618;8003.0;Mossoró;RN;259815.0;264577.0;4762.0
619;14102.0;Viçosa do Ceará;CE;54955.0;59712.0;4757.0
620;2800.0;Braço do Norte;SC;29019.0;33773.0;4754.0
621;1308.0;Cariacica;ES;348738.0;353491.0;4753.0
622;17402.0;Schroeder;SC;15316.0;20061.0;4745.0
623;19702.0;Macarani;BA;16880.0;21599.0;4719.0
624;10701.0;Euclides da Cunha;BA;56739.0;61456.0;4717.0
625;7106.0;Ilhota;SC;12355.0;17046.0;4691.0
626;6257.0;Nova Xavantina;MT;19657.0;24345.0;4688.0
627;50.0;Alto Alegre;RR;16448.0;21096.0;4648.0
628;11300.0;Cedral;SP;7972.0;12618.0;4646.0
629;2301.0;Capitão Poço;PA;51893.0;56506.0;4613.0
630;2601.0;Mangaratiba;RJ;36610.0;41220.0;4610.0
631;104.0;Brasiléia;AC;21398.0;26000.0;4602.0
632;27.0;Amajari;RR;9327.0;13927.0;4600.0
633;609.0;Amambai;MS;34730.0;39325.0;4595.0
634;24009.0;Paulo Afonso;BA;108308.0;112870.0;4562.0
635;4802.0;Monte Alegre;PA;55462.0;60012.0;4550.0
636;28802.0;Santo Estêvão;BA;47726.0;52276.0;4550.0
637;4000.0;Limoeiro do Ajuru;PA;25021.0;29569.0;4548.0
638;46107.0;Ouro Preto;MG;70281.0;74821.0;4540.0
639;7900.0;Floresta;PR;5931.0;10458.0;4527.0
640;9452.0;Raposa;MA;26369.0;30839.0;4470.0
641;2101.0;Andradina;SP;55334.0;59783.0;4449.0
642;138.0;Bujari;AC;8471.0;12917.0;4446.0
643;2754.0;Araçariguama;SP;17080.0;21522.0;4442.0
644;4007.0;Carpina;PE;74858.0;79293.0;4435.0
645;10208.0;Iporá;GO;31278.0;35684.0;4406.0
646;5454.0;Cidreira;RS;12668.0;17071.0;4403.0
647;57708.0;Santa Juliana;MG;11337.0;15734.0;4397.0
648;20426.0;Ilha Comprida;SP;9025.0;13419.0;4394.0
649;16605.0;Cláudio;MG;25771.0;30159.0;4388.0
650;19709.0;Ibiúna;SP;71217.0;75605.0;4388.0
651;7601.0;Limoeiro do Norte;CE;55180.0;59560.0;4380.0
652;18007.0;Congonhas;MG;48519.0;52890.0;4371.0
653;26603.0;Siqueira Campos;PR;18454.0;22811.0;4357.0
654;3909.0;Floriano;PI;57690.0;62036.0;4346.0
655;20804.0;Quatro Barras;PR;19851.0;24191.0;4340.0
656;29909.0;Seabra;BA;41821.0;46160.0;4339.0
657;3453.0;Cafelândia;PR;14662.0;18997.0;4335.0
658;6006.0;Campo Formoso;BA;67059.0;71377.0;4318.0
659;8500.0;Ituporanga;SC;22226.0;26525.0;4299.0
660;4200.0;Goianinha;RN;22481.0;26741.0;4260.0
661;13201.0;Nova Petrópolis;RS;19040.0;23300.0;4260.0
662;3056.0;Jaguaré;ES;24678.0;28931.0;4253.0
663;607.0;Benjamin Constant;AM;33411.0;37648.0;4237.0
664;71303.0;Viçosa;MG;72220.0;76430.0;4210.0
665;15103.0;Embu-Guaçu;SP;62769.0;66970.0;4201.0
666;4203.0;Piúma;ES;18110.0;22300.0;4190.0
667;51503.0;Piumhi;MG;31883.0;36062.0;4179.0
668;5000.0;São João da Barra;RJ;32412.0;36573.0;4161.0
669;1202.0;Bacabal;MA;99557.0;103711.0;4154.0
670;4659.0;Carambeí;PR;19163.0;23283.0;4120.0
671;3600.0;Campos Novos;SC;32819.0;36932.0;4113.0
672;1636.0;Balneário Pinhal;RS;10856.0;14955.0;4099.0
673;7803.0;Brodowski;SP;21107.0;25201.0;4094.0
674;336.0;Mâncio Lima;AC;15206.0;19294.0;4088.0
675;909.0;Augusto Corrêa;PA;40497.0;44573.0;4076.0
676;35050.0;Jaíba;MG;33602.0;37660.0;4058.0
677;14203.0;Mandaguari;PR;32658.0;36716.0;4058.0
678;2209.0;Bonito;MS;19605.0;23659.0;4054.0
679;54.0;Abreu e Lima;PE;94425.0;98462.0;4037.0
680;5707.0;Naviraí;MS;46424.0;50457.0;4033.0
681;23804.0;Xangri-lá;RS;12434.0;16463.0;4029.0
682;33600.0;Itapeva;MG;8664.0;12692.0;4028.0
683;29206.0;São Francisco do Conde;BA;34707.0;38733.0;4026.0
684;2206.0;Beberibe;CE;49095.0;53114.0;4019.0
685;344.0;Manoel Urbano;AC;7981.0;11996.0;4015.0
686;7105.0;Simão Dias;SE;38581.0;42578.0;3997.0
687;8006.0;Tapurah;MT;10377.0;14370.0;3993.0
688;3203.0;Itaporanga d'Ajuda;SE;30419.0;34411.0;3992.0
689;7752.0;Itapissuma;PE;23769.0;27749.0;3980.0
690;10203.0;Santa Rita;MA;33078.0;37035.0;3957.0
691;10000.0;Inhumas;GO;48257.0;52204.0;3947.0
692;6351.0;Santa Bárbara do Pará;PA;17141.0;21087.0;3946.0
693;6302.0;Salvaterra;PA;20183.0;24129.0;3946.0
694;11409.0;Cerqueira César;SP;17532.0;21469.0;3937.0
695;6009.0;Governador Celso Ramos;SC;12999.0;16915.0;3916.0
696;35100.0;Janaúba;MG;66803.0;70699.0;3896.0
697;70529.0;Urucuia;MG;13604.0;17479.0;3875.0
698;25706.0;José Bonifácio;SP;32763.0;36633.0;3870.0
699;2705.0;Cantanhede;MA;20448.0;24303.0;3855.0
700;2807.0;Barra da Estiva;BA;22173.0;26026.0;3853.0
701;15152.0;Engenheiro Coelho;SP;15721.0;19566.0;3845.0
702;5103.0;Custódia;PE;33855.0;37699.0;3844.0
703;17505.0;Guapiaçu;SP;17869.0;21711.0;3842.0
704;49309.0;Pedro Leopoldo;MG;58740.0;62580.0;3840.0
705;203.0;Água Clara;MS;12902.0;16741.0;3839.0
706;34400.0;Iturama;MG;34456.0;38295.0;3839.0
707;20108.0;São Luís de Montes Belos;GO;30033.0;33852.0;3819.0
708;3903.0;Juruti;PA;47086.0;50881.0;3795.0
709;19055.0;Holambra;SP;11299.0;15094.0;3795.0
710;20009.0;São João d'Aliança;GO;10257.0;14041.0;3784.0
711;8508.0;Frederico Westphalen;RS;28843.0;32627.0;3784.0
712;5803.0;Garuva;SC;14761.0;18545.0;3784.0
713;4110.0;Porto Real;RJ;16592.0;20373.0;3781.0
714;6808.0;Cansanção;BA;33668.0;37439.0;3771.0
715;2000.0;Assis Chateaubriand;PR;33037.0;36808.0;3771.0
716;1208.0;Antônio Carlos;SC;7458.0;11224.0;3766.0
717;8201.0;Flores da Cunha;RS;27139.0;30892.0;3753.0
718;6652.0;Guatambú;SC;4679.0;8425.0;3746.0
719;1301.0;Álvares Machado;SP;23513.0;27255.0;3742.0
720;16209.0;Vertentes;PE;18222.0;21959.0;3737.0
721;14901.0;Itacaré;BA;23971.0;27704.0;3733.0
722;3700.0;Santo Antônio do Içá;AM;24481.0;28211.0;3730.0
723;4755.0;São Francisco de Itabapoana;RJ;41354.0;45059.0;3705.0
724;8403.0;Piripiri;PI;61834.0;65538.0;3704.0
725;508.0;Barreirinha;AM;27355.0;31051.0;3696.0
726;12202.0;Ibicoara;BA;17099.0;20785.0;3686.0
727;17302.0;Pirenópolis;GO;23008.0;26690.0;3682.0
728;601.0;Alhandra;PB;18055.0;21730.0;3675.0
729;2686.0;Campos de Júlio;MT;5154.0;8822.0;3668.0
730;877.0;Araricá;RS;4864.0;8525.0;3661.0
731;41108.0;Matozinhos;MG;33958.0;37618.0;3660.0
732;252.0;Epitaciolândia;AC;15100.0;18757.0;3657.0
733;8607.0;Garibaldi;RS;30679.0;34335.0;3656.0
734;6631.0;Matões do Norte;MA;13794.0;17432.0;3638.0
735;45308.0;Salto de Pirapora;SP;40132.0;43748.0;3616.0
736;17401.0;Pires do Rio;GO;28761.0;32373.0;3612.0
737;5509.0;Ferreiros;PE;11418.0;15026.0;3608.0
738;5609.0;Barrinha;SP;28496.0;32092.0;3596.0
739;4103.0;Crateús;CE;72817.0;76390.0;3573.0
740;2764.0;Cumaru do Norte;PA;10466.0;14036.0;3570.0
741;1902.0;Domingos Martins;ES;31847.0;35416.0;3569.0
742;11306.0;Quixadá;CE;80608.0;84168.0;3560.0
743;31703.0;Itabira;MG;109783.0;113343.0;3560.0
744;9601.0;Campo Limpo Paulista;SP;74074.0;77632.0;3558.0
745;12407.0;Turiaçu;MA;33933.0;37491.0;3558.0
746;4422.0;Marituba;PA;108246.0;111785.0;3539.0
747;2004.0;Cachoeira do Arari;PA;20443.0;23981.0;3538.0
748;1801.0;Aragoiânia;GO;8365.0;11890.0;3525.0
749;11607.0;Cesário Lange;SP;15540.0;19048.0;3508.0
750;51603.0;Serra Negra;SP;26387.0;29894.0;3507.0
751;5001.0;Guaraciaba do Norte;CE;38548.0;42053.0;3505.0
752;3536.0;Presidente Figueiredo;AM;27175.0;30668.0;3493.0
753;258.0;Arraial do Cabo;RJ;27496.0;30986.0;3490.0
754;22604.0;Itapira;SP;68537.0;72022.0;3485.0
755;9809.0;Santa Helena;MA;38078.0;41561.0;3483.0
756;18300.0;Posse;GO;31432.0;34914.0;3482.0
757;8903.0;Coração de Maria;BA;23213.0;26692.0;3479.0
758;2605.0;Brejo da Madre de Deus;PE;45180.0;48648.0;3468.0
759;14204.0;Carmo do Cajuru;MG;20012.0;23479.0;3467.0
760;11100.0;União;PI;42654.0;46119.0;3465.0
761;39301.0;Pirassununga;SP;70081.0;73545.0;3464.0
762;45901.0;Ouro Branco;MG;35268.0;38724.0;3456.0
763;6605.0;Cruzeiro do Oeste;PR;20384.0;23831.0;3447.0
764;52106.0;Socorro;SP;36686.0;40122.0;3436.0
765;12407.0;Cordeirópolis;SP;21080.0;24514.0;3434.0
766;12605.0;Urbano Santos;MA;29386.0;32812.0;3426.0
767;4500.0;Maragogi;AL;28749.0;32174.0;3425.0
768;24053.0;Santa Terezinha de Itaipu;PR;20841.0;24262.0;3421.0
769;605.0;Alto Paraíso de Goiás;GO;6885.0;10306.0;3421.0
770;11105.0;Formosa do Rio Preto;BA;22490.0;25899.0;3409.0
771;9807.0;Ibiporã;PR;48198.0;51603.0;3405.0
772;5508.0;Colinas do Tocantins;TO;30838.0;34233.0;3395.0
773;14703.0;Itaberaba;BA;61681.0;65073.0;3392.0
774;5069.0;Venda Nova do Imigrante;ES;20447.0;23831.0;3384.0
775;3346.0;Marechal Floriano;ES;14262.0;17641.0;3379.0
776;17709.0;Sombrio;SC;26613.0;29991.0;3378.0
777;9952.0;Indiara;GO;13690.0;17061.0;3371.0
778;27705.0;Santa Cruz Cabrália;BA;25827.0;29185.0;3358.0
779;49705.0;Perdigão;MG;8912.0;12268.0;3356.0
780;25704.0;São Miguel do Iguaçu;PR;25769.0;29122.0;3353.0
781;27108.0;Lins;SP;71432.0;74779.0;3347.0
782;43906.0;Muriaé;MG;100765.0;104108.0;3343.0
783;23700.0;Engenheiro Caldas;MG;10280.0;13622.0;3342.0
784;11800.0;Jaraguá;GO;41883.0;45223.0;3340.0
785;45803.0;Santa Bárbara d'Oeste;SP;180009.0;183347.0;3338.0
786;36703.0;Pederneiras;SP;41497.0;44827.0;3330.0
787;25758.0;Presidente Tancredo Neves;BA;24409.0;27734.0;3325.0
788;18705.0;São Leopoldo;RS;214087.0;217409.0;3322.0
789;1057.0;Arroio do Sal;RS;7740.0;11057.0;3317.0
790;500.0;Sena Madureira;AC;38029.0;41343.0;3314.0
791;3454.0;Camaragibe;PE;144466.0;147771.0;3305.0
792;308.0;Mucajaí;RR;14792.0;18095.0;3303.0
793;2605.0;Andradas;MG;37270.0;40553.0;3283.0
794;34608.0;Jaboticatubas;MG;17134.0;20406.0;3272.0
795;208.0;Açu;RN;53227.0;56496.0;3269.0
796;701.0;Anajás;PA;24759.0;28011.0;3252.0
797;6209.0;Contenda;PR;15891.0;19128.0;3237.0
798;3500.0;Bom Jesus de Goiás;GO;20727.0;23958.0;3231.0
799;17608.0;Santo Antônio da Patrulha;RS;39722.0;42947.0;3225.0
800;14803.0;Portão;RS;30868.0;34071.0;3203.0
801;3701.0;Esperantina;PI;37767.0;40970.0;3203.0
802;3856.0;Paty do Alferes;RJ;26416.0;29619.0;3203.0
803;4709.0;Carlópolis;PR;13706.0;16905.0;3199.0
804;308.0;Alexânia;GO;23814.0;27008.0;3194.0
805;28708.0;Vitorino;PR;6513.0;9706.0;3193.0
806;1904.0;Bataguassu;MS;19839.0;23031.0;3192.0
807;28005.0;Ubiratã;PR;21558.0;24749.0;3191.0
808;15607.0;Trindade;PE;27142.0;30321.0;3179.0
809;1008.0;Arroio do Meio;RS;18783.0;21958.0;3175.0
810;904.0;Canutama;AM;13695.0;16869.0;3174.0
811;9101.0;Goiatuba;GO;32493.0;35664.0;3171.0
812;37305.0;Penápolis;SP;58510.0;61679.0;3169.0
813;30774.0;Sobradinho;BA;22310.0;25475.0;3165.0
814;709.0;Agudos;SP;34524.0;37680.0;3156.0
815;2007.0;Itaguaí;RJ;113691.0;116841.0;3150.0
816;4302.0;Presidente Kennedy;ES;10547.0;13696.0;3149.0
817;63706.0;São Lourenço;MG;41657.0;44798.0;3141.0
818;6403.0;Dois Irmãos;RS;27572.0;30709.0;3137.0
819;5309.0;Vitória;ES;319738.0;322869.0;3131.0
820;9003.0;Joaçaba;SC;27020.0;30146.0;3126.0
821;26109.0;Formiga;MG;65128.0;68248.0;3120.0
822;4005.0;Silves;AM;8444.0;11559.0;3115.0
823;10801.0;Ivoti;RS;19874.0;22983.0;3109.0
824;5206.0;Caetité;BA;48913.0;52012.0;3099.0
825;1200.0;Barras;PI;44850.0;47938.0;3088.0
826;8807.0;Jaguaruna;SC;17290.0;20375.0;3085.0
827;27601.0;Tijucas do Sul;PR;14537.0;17621.0;3084.0
828;3305.0;Demerval Lobão;PI;13278.0;16352.0;3074.0
829;4505.0;Melgaço;PA;24808.0;27881.0;3073.0
830;16909.0;São Lourenço do Oeste;SC;21725.0;24791.0;3066.0
831;56107.0;Valentim Gentil;SP;11036.0;14098.0;3062.0
832;1605.0;Fonte Boa;AM;22817.0;25871.0;3054.0
833;10608.0;Cambuí;MG;26488.0;29536.0;3048.0
834;40804.0;Potirendaba;SP;15449.0;18496.0;3047.0
835;10706.0;Irati;PR;56207.0;59250.0;3043.0
836;5357.0;Icapuí;CE;18392.0;21433.0;3041.0
837;33709.0;Itatiaiuçu;MG;9928.0;12966.0;3038.0
838;39400.0;Piratininga;SP;12072.0;15108.0;3036.0
839;20603.0;Silvânia;GO;19210.0;22245.0;3035.0
840;3908.0;Nova Venécia;ES;46031.0;49065.0;3034.0
841;1904.0;Bezerros;PE;58668.0;61694.0;3026.0
842;302.0;Feijó;AC;32412.0;35426.0;3014.0
843;2454.0;Ibatiba;ES;22366.0;25380.0;3014.0
844;64605.0;São Sebastião do Oeste;MG;5805.0;8815.0;3010.0
845;28000.0;Santaluz;BA;34833.0;37834.0;3001.0
846;56700.0;Sabará;MG;126384.0;129380.0;2996.0
847;6200.0;Nova Andradina;MS;45578.0;48563.0;2985.0
848;754.0;Amontada;CE;39172.0;42156.0;2984.0
849;159.0;Bonfim;RR;10943.0;13923.0;2980.0
850;11102.0;Catanduva;SP;112820.0;115791.0;2971.0
851;1001.0;Carauari;AM;25774.0;28742.0;2968.0
852;7859.0;São Félix do Araguaia;MT;10655.0;13621.0;2966.0
853;3006.0;Caçador;SC;70762.0;73720.0;2958.0
854;8800.0;Lajedo;PE;36628.0;39582.0;2954.0
855;8209.0;Vigia;PA;47889.0;50832.0;2943.0
856;8401.0;Missão Velha;CE;33898.0;36822.0;2924.0
857;20502.0;Maracás;BA;24701.0;27620.0;2919.0
858;2405.0;Delmiro Gouveia;AL;48399.0;51318.0;2919.0
859;21406.0;Realeza;PR;16338.0;19247.0;2909.0
860;1951.0;Itamarati;AM;8038.0;10937.0;2899.0
861;338.0;Nova Mamoré;RO;22546.0;25444.0;2898.0
862;11902.0;Jaguapitã;PR;12225.0;15122.0;2897.0
863;5106.0;Óbidos;PA;49333.0;52229.0;2896.0
864;6305.0;Volta Redonda;RJ;258669.0;261563.0;2894.0
865;4507.0;Guamaré;RN;12404.0;15295.0;2891.0
866;43401.0;Monte Sião;MG;21203.0;24089.0;2886.0
867;59605.0;Santa Rita do Sapucaí;MG;37754.0;40635.0;2881.0
868;12209.0;Conchal;SP;25229.0;28101.0;2872.0
869;351.0;Marechal Thaumaturgo;AC;14227.0;17093.0;2866.0
870;7402.0;Tobias Barreto;SE;48040.0;50905.0;2865.0
871;8400.0;Goianápolis;GO;11104.0;13967.0;2863.0
872;13300.0;Nova Prata;RS;22830.0;25692.0;2862.0
873;22509.0;Vacaria;RS;61342.0;64197.0;2855.0
874;14857.0;Tamandaré;PE;20715.0;23561.0;2846.0
875;24020.0;Santa Tereza do Oeste;PR;10332.0;13174.0;2842.0
876;36306.0;João Pinheiro;MG;43962.0;46801.0;2839.0
877;59803.0;Santa Vitória;MG;18138.0;20973.0;2835.0
878;607.0;Alto Taquari;MT;8072.0;10904.0;2832.0
879;30154.0;Serra do Ramalho;BA;31391.0;34222.0;2831.0
880;5506.0;Iguatu;CE;95243.0;98064.0;2821.0
881;22608.0;Venâncio Aires;RS;65953.0;68763.0;2810.0
882;13359.0;Serra do Mel;RN;10287.0;13091.0;2804.0
883;3904.0;Bom Jesus da Lapa;BA;62771.0;65550.0;2779.0
884;56908.0;Sacramento;MG;23896.0;26670.0;2774.0
885;506.0;Bom Jardim;RJ;25333.0;28102.0;2769.0
886;12304.0;São Benedito;CE;44875.0;47640.0;2765.0
887;3559.0;Bonfinópolis;GO;7531.0;10296.0;2765.0
888;1150.0;Baixa Grande do Ribeiro;PI;10516.0;13272.0;2756.0
889;34905.0;Jacutinga;MG;22772.0;25525.0;2753.0
890;49804.0;Perdizes;MG;14404.0;17151.0;2747.0
891;10078.0;Imbaú;PR;11503.0;14249.0;2746.0
892;20200.0;São Miguel do Tocantins;TO;10497.0;13241.0;2744.0
893;7706.0;São Sebastião da Boa Vista;PA;22904.0;25643.0;2739.0
894;9407.0;Pau dos Ferros;RN;27745.0;30479.0;2734.0
895;1453.0;Baraúna;RN;24182.0;26913.0;2731.0
896;22707.0;Vera Cruz;RS;23983.0;26710.0;2727.0
897;22701.0;Sabáudia;PR;6096.0;8822.0;2726.0
898;12707.0;Ibirapitanga;BA;22618.0;25344.0;2726.0
899;3101.0;Gurupá;PA;29062.0;31786.0;2724.0
900;305.0;Afuá;PA;35042.0;37765.0;2723.0
901;46801.0;Santa Isabel;SP;50453.0;53174.0;2721.0
902;23357.0;Ourolândia;BA;16522.0;19243.0;2721.0
903;69307.0;Três Corações;MG;72765.0;75485.0;2720.0
904;4502.0;Itaporã;MS;21418.0;24137.0;2719.0
905;26608.0;Ribeira do Pombal;BA;51293.0;54010.0;2717.0
906;40159.0;Mário Campos;MG;13192.0;15900.0;2708.0
907;20404.0;Serafina Corrêa;RS;14253.0;16961.0;2708.0
908;1576.0;Bom Jesus do Tocantins;PA;15298.0;18005.0;2707.0
909;801.0;Alcobaça;BA;21823.0;24530.0;2707.0
910;409.0;Alto Garças;MT;10345.0;13052.0;2707.0
911;4526.0;Ipiranga do Norte;MT;5113.0;7815.0;2702.0
912;4807.0;Jaciara;MT;25882.0;28569.0;2687.0
913;19738.0;Santo Antônio de Goiás;GO;4703.0;7386.0;2683.0
914;19901.0;Sapiranga;RS;72968.0;75648.0;2680.0
915;8901.0;Mamanguape;PB;41920.0;44599.0;2679.0
916;68606.0;Teófilo Otoni;MG;134745.0;137418.0;2673.0
917;2200.0;Buriti;MA;27013.0;29685.0;2672.0
918;5010.0;Sooretama;ES;23843.0;26502.0;2659.0
919;7604.0;Ilha de Itamaracá;PE;21884.0;24540.0;2656.0
920;5909.0;Campo Alegre de Lourdes;BA;28021.0;30671.0;2650.0
921;55504.0;Rio Paranaíba;MG;11885.0;14532.0;2647.0
922;328.0;Jordão;AC;6577.0;9222.0;2645.0
923;144.0;Apuí;AM;18007.0;20647.0;2640.0
924;39103.0;Pirapora do Bom Jesus;SP;15733.0;18370.0;2637.0
925;9904.0;Lontras;SC;10244.0;12873.0;2629.0
926;10901.0;Itapaci;GO;18458.0;21087.0;2629.0
927;2355.0;Craíbas;AL;22785.0;25397.0;2612.0
928;33505.0;Wenceslau Guimarães;BA;21867.0;24474.0;2607.0
929;456.0;Belford Roxo;RJ;480487.0;483087.0;2600.0
930;48005.0;Santo Antônio de Posse;SP;20650.0;23244.0;2594.0
931;16208.0;Morretes;PR;15718.0;18309.0;2591.0
932;14407.0;Touros;RN;30472.0;33035.0;2563.0
933;4144.0;Queimados;RJ;137962.0;140523.0;2561.0
934;209.0;Caracaraí;RR;18398.0;20957.0;2559.0
935;4350.0;Forquilha;CE;21614.0;24173.0;2559.0
936;5406.0;Poço Redondo;SE;30888.0;33439.0;2551.0
937;6900.0;Ibirama;SC;17315.0;19862.0;2547.0
938;3907.0;Capinzal;SC;20769.0;23314.0;2545.0
939;233.0;Caroebe;RR;8114.0;10656.0;2542.0
940;52808.0;Prata;MG;25802.0;28342.0;2540.0
941;4260.0;Uarini;AM;11891.0;14431.0;2540.0
942;8058.0;Paulino Neves;MA;14519.0;17056.0;2537.0
943;5400.0;Barão de Cocais;MG;28241.0;30778.0;2537.0
944;12009.0;Jaguariaíva;PR;32606.0;35141.0;2535.0
945;803.0;Cachoeiras de Macacu;RJ;54408.0;56943.0;2535.0
946;809.0;Candeias do Jamari;RO;19779.0;22310.0;2531.0
947;13206.0;São João;PE;21312.0;23837.0;2525.0
948;46405.0;Santa Cruz do Rio Pardo;SP;43921.0;46442.0;2521.0
949;7009.0;Oeiras;PI;35640.0;38161.0;2521.0
950;11801.0;Russas;CE;70408.0;72928.0;2520.0
951;4552.0;Governador Edison Lobão;MA;15895.0;18411.0;2516.0
952;16505.0;Pedro Afonso;TO;11539.0;14055.0;2516.0
953;15805.0;Tupanatinga;PE;24425.0;26937.0;2512.0
954;17006.0;São Ludgero;SC;10998.0;13509.0;2511.0
955;8005.0;Massapê;CE;35190.0;37697.0;2507.0
956;1407.0;Eirunepé;AM;30665.0;33170.0;2505.0
957;4459.0;Fortim;CE;14791.0;17294.0;2503.0
958;55.0;Açailândia;MA;104047.0;106550.0;2503.0
959;839.0;Caapiranga;AM;10975.0;13469.0;2494.0
960;6448.0;Paripueira;AL;11347.0;13835.0;2488.0
961;4705.0;Carazinho;RS;59317.0;61804.0;2487.0
962;15455.0;Sangão;SC;10400.0;12882.0;2482.0
963;10808.0;Patos;PB;100693.0;103165.0;2472.0
964;10953.0;Itaipulândia;PR;9026.0;11485.0;2459.0
965;25300.0;Jaú;SP;131040.0;133497.0;2457.0
966;6372.0;Pedra Preta;MT;15610.0;18066.0;2456.0
967;9407.0;Guaporé;RS;22814.0;25268.0;2454.0
968;6809.0;Encantado;RS;20513.0;22962.0;2449.0
969;18509.0;Treze Tílias;SC;6341.0;8787.0;2446.0
970;1006.0;Aveiro;PA;15849.0;18290.0;2441.0
971;25105.0;Poções;BA;45855.0;48293.0;2438.0
972;21903.0;Itajobi;SP;14556.0;16989.0;2433.0
973;4509.0;Frecheirinha;CE;13227.0;15657.0;2430.0
974;10605.0;Massaranduba;SC;14736.0;17162.0;2426.0
975;19103.0;Piên;PR;11236.0;13655.0;2419.0
976;32404.0;Itajubá;MG;90658.0;93073.0;2415.0
977;11207.0;Morro da Fumaça;SC;16126.0;18537.0;2411.0
978;25253.0;Ponto Novo;BA;15529.0;17938.0;2409.0
979;22005.0;Vianópolis;GO;12548.0;14956.0;2408.0
980;21258.0;Delta;MG;8089.0;10494.0;2405.0
981;8501.0;Vera;MT;10402.0;12800.0;2398.0
982;57203.0;Santa Bárbara;MG;28077.0;30466.0;2389.0
983;5404.0;Cairu;BA;15374.0;17761.0;2387.0
984;10100.0;Mafra;SC;52912.0;55286.0;2374.0
985;9007.0;Porto Franco;MA;21530.0;23903.0;2373.0
986;11202.0;Pedras de Fogo;PB;27289.0;29662.0;2373.0
987;15606.0;Matelândia;PR;16078.0;18450.0;2372.0
988;12304.0;Paulo Lopes;SC;6692.0;9063.0;2371.0
989;10258.0;Paraipaba;CE;29849.0;32216.0;2367.0
990;3304.0;Novo Aripuanã;AM;21451.0;23818.0;2367.0
991;6240.0;Nova Ubiratã;MT;9175.0;11530.0;2355.0
992;3858.0;Gaúcha do Norte;MT;6292.0;8642.0;2350.0
993;3751.0;Araporã;MG;6144.0;8479.0;2335.0
994;17255.0;Nova Prata do Iguaçu;PR;10377.0;12699.0;2322.0
995;27207.0;Lorena;SP;82537.0;84855.0;2318.0
996;7902.0;Brotas;SP;21580.0;23898.0;2318.0
997;13708.0;Pouso Redondo;SC;14810.0;17123.0;2313.0
998;1002.0;Ampére;PR;17308.0;19620.0;2312.0
999;3107.0;Bocaiúva do Sul;PR;10987.0;13299.0;2312.0
1000;11532.0;São Pedro da Água Branca;MA;12028.0;14338.0;2310.0
1001;24005.0;Ervália;MG;17946.0;20255.0;2309.0
1002;3956.0;Capivari de Baixo;SC;21674.0;23975.0;2301.0
1003;7100.0;Bom Jesus dos Perdões;SP;19708.0;22006.0;2298.0
1004;21150.0;Ipiguá;SP;4463.0;6761.0;2298.0
1005;28203.0;União da Vitória;PR;52735.0;55033.0;2298.0
1006;4806.0;Curitibanos;SC;37748.0;40045.0;2297.0
1007;11204.0;Gandu;BA;29887.0;32178.0;2291.0
1008;5507.0;Vila Bela da Santíssima Trindade;MT;14493.0;16774.0;2281.0
1009;7605.0;Palmeirândia;MA;18780.0;21059.0;2279.0
1010;19504.0;Livramento de Nossa Senhora;BA;41625.0;43903.0;2278.0
1011;10009.0;Ibirubá;RS;19310.0;21583.0;2273.0
1012;7807.0;Monte Alegre;RN;20763.0;23031.0;2268.0
1013;11702.0;Orleans;SC;21393.0;23661.0;2268.0
1014;4542.0;Itanhangá;MT;5276.0;7539.0;2263.0
1015;27101.0;Rodelas;BA;8056.0;10308.0;2252.0
1016;3207.0;Caetés;PE;26577.0;28827.0;2250.0
1017;29302.0;Matão;SP;76786.0;79033.0;2247.0
1018;18357.0;João Dourado;BA;22609.0;24854.0;2245.0
1019;24405.0;Pilão Arcado;BA;33118.0;35357.0;2239.0
1020;51206.0;Pirapora;MG;53368.0;55606.0;2238.0
1021;3808.0;Canoinhas;SC;52779.0;55016.0;2237.0
1022;5706.0;Luís Correia;PI;28406.0;30641.0;2235.0
1023;2903.0;Carutapera;MA;22006.0;24238.0;2232.0
1024;13503.0;São José do Belmonte;PE;32617.0;34843.0;2226.0
1025;3800.0;Cambira;PR;7236.0;9460.0;2224.0
1026;30766.0;Sítio do Quinto;BA;12553.0;14773.0;2220.0
1027;3709.0;Canelinha;SC;10603.0;12821.0;2218.0
1028;14403.0;Dracena;SP;43258.0;45474.0;2216.0
1029;43303.0;Ribeirão Pires;SP;113354.0;115559.0;2205.0
1030;7109.0;Ribas do Rio Pardo;MS;20946.0;23150.0;2204.0
1031;12802.0;Capitólio;MG;8183.0;10380.0;2197.0
1032;832.0;Apicum-Açu;MA;15323.0;17519.0;2196.0
1033;6720.0;Nazária;PI;8068.0;10262.0;2194.0
1034;7901.0;Bom Repouso;MG;10457.0;12649.0;2192.0
1035;21005.0;Mata de São João;BA;40375.0;42566.0;2191.0
1036;4663.0;Capão do Leão;RS;24298.0;26487.0;2189.0
1037;1407.0;Castelo;ES;34747.0;36930.0;2183.0
1038;24401.0;Espírito Santo do Dourado;MG;4429.0;6611.0;2182.0
1039;1207.0;Canindé de São Francisco;SE;24654.0;26834.0;2180.0
1040;1905.0;Amparo;SP;65829.0;68008.0;2179.0
1041;8357.0;Vitória do Xingu;PA;13431.0;15607.0;2176.0
1042;4237.0;Tonantins;AM;17079.0;19247.0;2168.0
1043;2602.0;Camocim;CE;60158.0;62326.0;2168.0
1044;10704.0;Pentecoste;CE;35651.0;37813.0;2162.0
1045;13404.0;Caratinga;MG;85207.0;87360.0;2153.0
1046;708.0;Xapuri;AC;16091.0;18243.0;2152.0
1047;5681.0;Mundo Novo;MS;17043.0;19193.0;2150.0
1048;4151.0;Quissamã;RJ;20253.0;22393.0;2140.0
1049;508.0;Barra de Santo Antônio;AL;14230.0;16365.0;2135.0
1050;5101.0;Juara;MT;32781.0;34906.0;2125.0
1051;40507.0;Porangaba;SP;8326.0;10451.0;2125.0
1052;2254.0;Itatiaia;RJ;28783.0;30908.0;2125.0
1053;38204.0;Pinhalzinho;SP;13105.0;15224.0;2119.0
1054;9302.0;Guaraí;TO;22661.0;24775.0;2114.0
1055;6301.0;Guarabira;PB;55381.0;57484.0;2103.0
1056;15306.0;Orizona;GO;14300.0;16399.0;2099.0
1057;2307.0;Balsa Nova;PR;11300.0;13395.0;2095.0
1058;49953.0;São Lourenço da Serra;SP;13973.0;16067.0;2094.0
1059;506.0;São João da Baliza;RR;6769.0;8858.0;2089.0
1060;4251.0;Cocal do Sul;SC;15159.0;17240.0;2081.0
1061;68002.0;Taiobeiras;MG;30970.0;33050.0;2080.0
1062;23501.0;Santa Helena;PR;23413.0;25492.0;2079.0
1063;154.0;Pedra Branca do Amapari;AP;10772.0;12847.0;2075.0
1064;61908.0;São Gonçalo do Rio Abaixo;MG;9777.0;11850.0;2073.0
1065;6901.0;Pilar;AL;33305.0;35370.0;2065.0
1066;53807.0;Taquarituba;SP;22291.0;24350.0;2059.0
1067;1803.0;Ipixuna;AM;22254.0;24311.0;2057.0
1068;49409.0;São Joaquim da Barra;SP;46512.0;48558.0;2046.0
1069;16856.0;Itatim;BA;13691.0;15737.0;2046.0
1070;1251.0;Bacabeira;MA;14925.0;16966.0;2041.0
1071;435.0;Santa Rosa do Purus;AC;4691.0;6723.0;2032.0
1072;2305.0;Bela Cruz;CE;30745.0;32775.0;2030.0
1073;8906.0;Morrinhos;CE;20723.0;22753.0;2030.0
1074;54.0;Assis Brasil;AC;6072.0;8100.0;2028.0
1075;19308.0;Santa Helena de Goiás;GO;36467.0;38492.0;2025.0
1076;13502.0;Loanda;PR;21201.0;23225.0;2024.0
1077;23506.0;Palmeiras;BA;8316.0;10339.0;2023.0
1078;9907.0;Ouricuri;PE;63228.0;65245.0;2017.0
1079;18602.0;Guariba;SP;35486.0;37498.0;2012.0
1080;11108.0;Porteiras;CE;15048.0;17050.0;2002.0
1081;15408.0;Marmeleiro;PR;13900.0;15901.0;2001.0
1082;53955.0;Tarumã;SP;12885.0;14882.0;1997.0
1083;9901.0;Curaçá;BA;32191.0;34180.0;1989.0
1084;2652.0;Irupi;ES;11723.0;13710.0;1987.0
1085;46702.0;Santa Gertrudes;SP;21634.0;23611.0;1977.0
1086;8308.0;Viseu;PA;56716.0;58692.0;1976.0
1087;22406.0;Itapeva;SP;87753.0;89728.0;1975.0
1088;8453.0;Lagoa do Carro;PE;16007.0;17981.0;1974.0
1089;11003.0;Castilho;SP;18003.0;19977.0;1974.0
1090;6158.0;Nova Bandeirantes;MT;11662.0;13635.0;1973.0
1091;26004.0;Remanso;BA;38615.0;40586.0;1971.0
1092;1852.0;Bom Jesus do Araguaia;MT;5314.0;7280.0;1966.0
1093;1007.0;Amargosa;BA;34557.0;36521.0;1964.0
1094;301.0;Agudos do Sul;PR;8270.0;10233.0;1963.0
1095;12658.0;Não-Me-Toque;RS;15936.0;17898.0;1962.0
1096;18003.0;Porangatu;GO;42355.0;44317.0;1962.0
1097;17103.0;Sant'Ana do Livramento;RS;82464.0;84421.0;1957.0
1098;24501.0;Jaci;SP;5657.0;7613.0;1956.0
1099;12233.0;Trizidela do Vale;MA;20529.0;22484.0;1955.0
1100;4501.0;Capanema;PR;18526.0;20481.0;1955.0
1101;13756.0;Montividiu;GO;10567.0;12521.0;1954.0
1102;24306.0;Piatã;BA;18133.0;20086.0;1953.0
1103;11308.0;Valença do Piauí;PI;20326.0;22279.0;1953.0
1104;1608.0;Barra do Corda;MA;82580.0;84532.0;1952.0
1105;22003.0;Mucuri;BA;36026.0;37977.0;1951.0
1106;32009.0;Morungaba;SP;11769.0;13720.0;1951.0
1107;2009.0;Itapiranga;AM;8211.0;10162.0;1951.0
1108;12803.0;Viana;MA;49496.0;51442.0;1946.0
1109;69703.0;Turmalina;MG;18055.0;20000.0;1945.0
1110;52006.0;Pompéu;MG;29105.0;31047.0;1942.0
1111;6409.0;Mata Roma;MA;15150.0;17090.0;1940.0
1112;4358.0;Candiota;RS;8771.0;10710.0;1939.0
1113;21408.0;Iracemápolis;SP;20029.0;21967.0;1938.0
1114;2908.0;Miguel Pereira;RJ;24646.0;26582.0;1936.0
1115;5906.0;Batatais;SP;56476.0;58402.0;1926.0
1116;9508.0;Laurentino;SC;6007.0;7932.0;1925.0
1117;14908.0;Elias Fausto;SP;15775.0;17699.0;1924.0
1118;43104.0;Monte Carmelo;MG;45772.0;47692.0;1920.0
1119;2107.0;Baturité;CE;33302.0;35218.0;1916.0
1120;6326.0;Maracaçumé;MA;19234.0;21149.0;1915.0
1121;10153.0;Canitar;SP;4369.0;6283.0;1914.0
1122;7307.0;Ipubi;PE;27097.0;29009.0;1912.0
1123;5202.0;Ladário;MS;19615.0;21522.0;1907.0
1124;16703.0;Nova Aurora;PR;11866.0;13765.0;1899.0
1125;53608.0;Prudente de Morais;MG;9573.0;11466.0;1893.0
1126;34757.0;Ouroeste;SP;8405.0;10294.0;1889.0
1127;17406.0;Guaíra;SP;37404.0;39279.0;1875.0
1128;13656.0;Palmares do Sul;RS;10969.0;12844.0;1875.0
1129;10003.0;São João do Piauí;PI;19548.0;21421.0;1873.0
1130;2901.0;Corrente;PI;25407.0;27278.0;1871.0
1131;2855.0;Curuá;PA;12254.0;14117.0;1863.0
1132;3007.0;Nhamundá;AM;18278.0;20136.0;1858.0
1133;7802.0;Selvíria;MS;6287.0;8142.0;1855.0
1134;13107.0;São Caitano;PE;35274.0;37126.0;1852.0
1135;904.0;Barra de São Francisco;ES;40649.0;42498.0;1849.0
1136;69901.0;Ubá;MG;101519.0;103365.0;1846.0
1137;36900.0;Juruaia;MG;9238.0;11084.0;1846.0
1138;12500.0;São Miguel;RN;21693.0;23537.0;1844.0
1139;4306.0;Catolé do Rocha;PB;28818.0;30661.0;1843.0
1140;53005.0;Taguaí;SP;10828.0;12669.0;1841.0
1141;4854.0;Campo Limpo de Goiás;GO;6241.0;8081.0;1840.0
1142;15109.0;Rodeio;SC;10922.0;12757.0;1835.0
1143;14808.0;Tacaratu;PE;22068.0;23902.0;1834.0
1144;7979.0;Terra Santa;PA;16949.0;18782.0;1833.0
1145;5158.0;São José do Vale do Rio Preto;RJ;20251.0;22080.0;1829.0
1146;44004.0;Rio das Pedras;SP;29501.0;31328.0;1827.0
1147;3752.0;Davinópolis;MA;12579.0;14404.0;1825.0
1148;21605.0;Diamantina;MG;45880.0;47702.0;1822.0
1149;1500.0;Bananeiras;PB;21315.0;23134.0;1819.0
1150;6207.0;Gravatal;SC;10618.0;12435.0;1817.0
1151;11209.0;Itapejara d'Oeste;PR;10531.0;12344.0;1813.0
1152;807.0;Porto Acre;AC;14880.0;16693.0;1813.0
1153;2200.0;Angatuba;SP;22210.0;24022.0;1812.0
1154;9908.0;Santa Inês;MA;83203.0;85014.0;1811.0
1155;16006.0;Rolante;RS;19448.0;21253.0;1805.0
1156;32405.0;Nazaré Paulista;SP;16414.0;18217.0;1803.0
1157;2708.0;Barra;BA;49291.0;51092.0;1801.0
1158;56304.0;Rodeiro;MG;6867.0;8664.0;1797.0
1159;38625.0;Limeira do Oeste;MG;6890.0;8687.0;1797.0
1160;27205.0;Terra Boa;PR;15776.0;17568.0;1792.0
1161;8108.0;Buritama;SP;15418.0;17210.0;1792.0
1162;45000.0;Nova Ponte;MG;12812.0;14598.0;1786.0
1163;9802.0;Cruz das Almas;BA;58562.0;60348.0;1786.0
1164;12505.0;Capim Branco;MG;8881.0;10663.0;1782.0
1165;1451.0;Belterra;PA;16318.0;18099.0;1781.0
1166;10805.0;Simplício Mendes;PI;12089.0;13870.0;1781.0
1167;29.0;Alvarães;AM;14088.0;15866.0;1778.0
1168;2504.0;Cáceres;MT;87907.0;89681.0;1774.0
1169;20202.0;Igaratá;SP;8831.0;10605.0;1774.0
1170;21956.0;Trindade do Sul;RS;5787.0;7556.0;1769.0
1171;3005.0;Itabaianinha;SE;38910.0;40678.0;1768.0
1172;13060.0;Nova Hartz;RS;18324.0;20088.0;1764.0
1173;24808.0;Jales;SP;47012.0;48776.0;1764.0
1174;9502.0;Riachão;MA;20387.0;22145.0;1758.0
1175;6422.0;Peixoto de Azevedo;MT;30963.0;32714.0;1751.0
1176;8104.0;Itaiópolis;SC;20301.0;22051.0;1750.0
1177;15653.0;Santa Rosa do Sul;SC;8043.0;9792.0;1749.0
1178;4351.0;Rio Bananal;ES;17530.0;19274.0;1744.0
1179;37502.0;Lagoa Formosa;MG;17161.0;18904.0;1743.0
1180;1950.0;Barreira;CE;20653.0;22392.0;1739.0
1181;15504.0;Ouvidor;GO;5467.0;7200.0;1733.0
1182;33502.0;Novo Horizonte;SP;36593.0;38324.0;1731.0
1183;53856.0;Taquarivaí;SP;5151.0;6876.0;1725.0
1184;2906.0;Barra do Choça;BA;34817.0;36539.0;1722.0
1185;17701.0;Palmeira;PR;32133.0;33855.0;1722.0
1186;26001.0;Junqueirópolis;SP;18726.0;20448.0;1722.0
1187;7256.0;Douradina;PR;7445.0;9161.0;1716.0
1188;7209.0;Nina Rodrigues;MA;12464.0;14176.0;1712.0
1189;56354.0;Vargem;SP;8801.0;10512.0;1711.0
1190;14406.0;Iraquara;BA;22170.0;23879.0;1709.0
1191;22004.0;Triunfo;RS;25793.0;27498.0;1705.0
1192;20804.0;Sítio Novo do Tocantins;TO;9132.0;10830.0;1698.0
1193;8320.0;Francisco Alves;PR;6418.0;8116.0;1698.0
1194;8307.0;Lagoa Seca;PB;26033.0;27730.0;1697.0
1195;7907.0;Flores de Goiás;GO;12048.0;13744.0;1696.0
1196;11056.0;Tibau;RN;3687.0;5382.0;1695.0
1197;30402.0;Serra Preta;BA;16304.0;17996.0;1692.0
1198;8009.0;Buri;SP;18563.0;20250.0;1687.0
1199;21802.0;Ribeirão Claro;PR;10678.0;12364.0;1686.0
1200;13207.0;Cristais Paulista;SP;7588.0;9272.0;1684.0
1201;17501.0;Seara;SC;16936.0;18620.0;1684.0
1202;1731.0;Belágua;MA;6782.0;8460.0;1678.0
1203;18907.0;Pérola;PR;10208.0;11878.0;1670.0
1204;11002.0;Petrolândia;PE;32492.0;34161.0;1669.0
1205;200.0;Agrolândia;SC;9323.0;10990.0;1667.0
1206;56305.0;Valparaíso;SP;22576.0;24241.0;1665.0
1207;24103.0;Santo Antônio da Platina;PR;42707.0;44369.0;1662.0
1208;2772.0;Curionópolis;PA;18288.0;19950.0;1662.0
1209;3203.0;Barro Alto;GO;8716.0;10371.0;1655.0
1210;42404.0;Regente Feijó;SP;18494.0;20145.0;1651.0
1211;34906.0;Pacaembu;SP;13226.0;14877.0;1651.0
1212;16404.0;São João do Sul;SC;7018.0;8668.0;1650.0
1213;12708.0;Nonoai;RS;12074.0;13719.0;1645.0
1214;1902.0;Brasnorte;MT;15361.0;17004.0;1643.0
1215;18607.0;Rialma;GO;10523.0;12165.0;1642.0
1216;19253.0;Iaras;SP;6376.0;8010.0;1634.0
1217;4081.0;Fernando Falcão;MA;9241.0;10873.0;1632.0
1218;4707.0;Granja;CE;51717.0;53344.0;1627.0
1219;8305.0;Jupi;PE;13705.0;15329.0;1624.0
1220;29301.0;Iapu;MG;10407.0;12030.0;1623.0
1221;2703.0;Cocal;PI;26591.0;28212.0;1621.0
1222;18301.0;Três Barras;SC;18129.0;19746.0;1617.0
1223;36406.0;Paulicéia;SP;6339.0;7955.0;1616.0
1224;204.0;Calçoene;AP;9000.0;10612.0;1612.0
1225;7307.0;Bocaiúva;MG;46421.0;48032.0;1611.0
1226;3801.0;Fátima do Sul;MS;19009.0;20609.0;1600.0
1227;11309.0;Pombos;PE;25953.0;27552.0;1599.0
1228;3502.0;Diamantino;MT;20343.0;21941.0;1598.0
1229;6609.0;Santa Maria do Pará;PA;23026.0;24624.0;1598.0
1230;11408.0;Campo Florido;MG;6870.0;8466.0;1596.0
1231;179.0;Capixaba;AC;8798.0;10392.0;1594.0
1232;805.0;Baixo Guandu;ES;29081.0;30674.0;1593.0
1233;6108.0;Irauçuba;CE;22324.0;23915.0;1591.0
1234;62708.0;São João do Paraíso;MG;22319.0;23910.0;1591.0
1235;13108.0;Cravinhos;SP;31691.0;33281.0;1590.0
1236;6502.0;Lagoa Nova;RN;13983.0;15573.0;1590.0
1237;1706.0;Almenara;MG;38775.0;40364.0;1589.0
1238;8256.0;Pedro do Rosário;MA;22732.0;24320.0;1588.0
1239;35804.0;Paranapanema;SP;17808.0;19395.0;1587.0
1240;55109.0;Tupi Paulista;SP;14269.0;15854.0;1585.0
1241;6506.0;Coronel Vivida;PR;21749.0;23331.0;1582.0
1242;550.0;Águas de Santa Bárbara;SP;5601.0;7177.0;1576.0
1243;21906.0;Mucugê;BA;10563.0;12137.0;1574.0
1244;22009.0;Divino;MG;19133.0;20706.0;1573.0
1245;36109.0;Pardinho;SP;5582.0;7153.0;1571.0
1246;20107.0;Sarandi;RS;21285.0;22851.0;1566.0
1247;30200.0;Igaratinga;MG;9264.0;10830.0;1566.0
1248;7807.0;Estrela;RS;30619.0;32183.0;1564.0
1249;21209.0;Delfinópolis;MG;6830.0;8393.0;1563.0
1250;555.0;Alto Horizonte;GO;4510.0;6072.0;1562.0
1251;393.0;Porto Walter;AC;9176.0;10735.0;1559.0
1252;3955.0;Pinheiral;RJ;22740.0;24298.0;1558.0
1253;8203.0;Meruoca;CE;13599.0;15157.0;1558.0
1254;37107.0;Pedreira;SP;41558.0;43112.0;1554.0
1255;16159.0;Chapada Gaúcha;MG;10805.0;12355.0;1550.0
1256;3908.0;São Paulo de Olivença;AM;31422.0;32967.0;1545.0
1257;5403.0;Ourém;PA;16311.0;17855.0;1544.0
1258;47402.0;Paraopeba;MG;22563.0;24107.0;1544.0
1259;300.0;Alto Araguaia;MT;15649.0;17193.0;1544.0
1260;33205.0;Nova Independência;SP;3068.0;4609.0;1541.0
1261;856.0;Angélica;MS;9191.0;10729.0;1538.0
1262;11504.0;Nova Trento;SC;12190.0;13727.0;1537.0
1263;6653.0;Pontal do Araguaia;MT;5395.0;6932.0;1537.0
1264;4302.0;Urucará;AM;17094.0;18631.0;1537.0
1265;23006.0;Salto do Lontra;PR;13689.0;15223.0;1534.0
1266;2554.0;Augustinópolis;TO;15950.0;17484.0;1534.0
1267;10859.0;Filadélfia;BA;16364.0;17897.0;1533.0
1268;2108.0;Japurá;AM;7326.0;8858.0;1532.0
1269;3454.0;Deodápolis;MS;12133.0;13663.0;1530.0
1270;27309.0;Salinas da Margarida;BA;13463.0;14987.0;1524.0
1271;17706.0;Jaguarari;BA;31184.0;32703.0;1519.0
1272;29500.0;Mendonça;SP;4640.0;6159.0;1519.0
1273;11205.0;Santa Cruz;RN;35797.0;37313.0;1516.0
1274;36307.0;Patrocínio Paulista;SP;13000.0;14512.0;1512.0
1275;4706.0;Campinorte;GO;11003.0;12510.0;1507.0
1276;8304.0;Piracuruca;PI;27339.0;28846.0;1507.0
1277;2306.0;Guaçuí;ES;27851.0;29358.0;1507.0
1278;12902.0;Cosmorama;SP;7214.0;8719.0;1505.0
1279;12751.0;Jesuítas;PR;9001.0;10506.0;1505.0
1280;18857.0;Perobal;PR;5691.0;7189.0;1498.0
1281;10401.0;Capivari;SP;48576.0;50068.0;1492.0
1282;1509.0;Barão de Grajaú;MA;17493.0;18984.0;1491.0
1283;51405.0;Serra Azul;SP;11256.0;12746.0;1490.0
1284;2608.0;Colares;PA;11381.0;12868.0;1487.0
1285;9307.0;Correntina;BA;30970.0;32457.0;1487.0
1286;22901.0;Itapuí;SP;12173.0;13659.0;1486.0
1287;13.0;Acrelândia;AC;12538.0;14021.0;1483.0
1288;7600.0;Umbaúba;SE;22434.0;23917.0;1483.0
1289;29401.0;Mauá;SP;416778.0;418261.0;1483.0
1290;28709.0;Guaxupé;MG;49430.0;50911.0;1481.0
1291;4104.0;Tapauá;AM;18120.0;19599.0;1479.0
1292;47204.0;Paraguaçu;MG;20245.0;21723.0;1478.0
1293;11705.0;Riacho das Almas;PE;19162.0;20639.0;1477.0
1294;31209.0;Monte Alegre do Sul;SP;7152.0;8627.0;1475.0
1295;32206.0;Itaguara;MG;12372.0;13846.0;1474.0
1296;27507.0;Santa Bárbara;BA;19479.0;20952.0;1473.0
1297;8603.0;Cachoeira Paulista;SP;30091.0;31564.0;1473.0
1298;100.0;Abadiânia;GO;15759.0;17232.0;1473.0
1299;18006.0;Paraíso do Norte;PR;11772.0;13245.0;1473.0
1300;21907.0;Três Passos;RS;23965.0;25436.0;1471.0
1301;10102.0;Imbituva;PR;28455.0;29924.0;1469.0
1302;3601.0;Japaratinga;AL;7754.0;9219.0;1465.0
1303;44102.0;Muzambinho;MG;20430.0;21891.0;1461.0
1304;16201.0;Sousa;PB;65799.0;67259.0;1460.0
1305;67608.0;Simonésia;MG;18298.0;19750.0;1452.0
1306;31608.0;Teolândia;BA;13881.0;15332.0;1451.0
1307;69109.0;Toledo;MG;5764.0;7214.0;1450.0
1308;19303.0;Ibaté;SP;30734.0;32178.0;1444.0
1309;20452.0;Mansidão;BA;12476.0;13919.0;1443.0
1310;64407.0;São Sebastião da Bela Vista;MG;4948.0;6387.0;1439.0
1311;4800.0;Bálsamo;SP;8160.0;9596.0;1436.0
1312;3906.0;Buriti Alegre;GO;9059.0;10495.0;1436.0
1313;13901.0;São Bento;PB;30801.0;32235.0;1434.0
1314;5622.0;Mirassol d'Oeste;MT;25352.0;26785.0;1433.0
1315;13304.0;Laranjeiras do Sul;PR;30801.0;32227.0;1426.0
1316;9701.0;Monteiro;PB;30852.0;32277.0;1425.0
1317;32207.0;Narandiba;SP;4288.0;5713.0;1425.0
1318;5153.0;Igarapé do Meio;MA;12550.0;13974.0;1424.0
1319;50158.0;Piedade de Caratinga;MG;7110.0;8529.0;1419.0
1320;4805.0;São Fidélis;RJ;37543.0;38961.0;1418.0
1321;4509.0;Corupá;SC;13852.0;15267.0;1415.0
1322;17876.0;Confins;MG;5936.0;7350.0;1414.0
1323;26000.0;Florestal;MG;6632.0;8045.0;1413.0
1324;10407.0;Maracajá;SC;6404.0;7815.0;1411.0
1325;5409.0;Chopinzinho;PR;19679.0;21085.0;1406.0
1326;8102.0;Feliz;RS;12359.0;13764.0;1405.0
1327;1772.0;Bela Vista do Maranhão;MA;10349.0;11750.0;1401.0
1328;1009.0;Campo do Brito;SE;16749.0;18149.0;1400.0
1329;69406.0;Três Pontas;MG;53860.0;55255.0;1395.0
1330;22054.0;Vicentinópolis;GO;7373.0;8768.0;1395.0
1331;8809.0;Guaíra;PR;30704.0;32097.0;1393.0
1332;40506.0;Martinho Campos;MG;12611.0;14003.0;1392.0
1333;30508.0;Mococa;SP;66290.0;67681.0;1391.0
1334;9057.0;Marcação;PB;7609.0;8999.0;1390.0
1335;7101.0;Itapororoca;PB;16997.0;18382.0;1385.0
1336;18303.0;Praia Norte;TO;7659.0;9044.0;1385.0
1337;57906.0;Santa Margarida;MG;15011.0;16395.0;1384.0
1338;21197.0;Terezópolis de Goiás;GO;6561.0;7944.0;1383.0
1339;6778.0;Porto Alegre do Norte;MT;10748.0;12127.0;1379.0
1340;5802.0;Teresópolis;RJ;163746.0;165123.0;1377.0
1341;54904.0;Três Fronteiras;SP;5427.0;6804.0;1377.0
1342;51404.0;Pitangui;MG;25311.0;26685.0;1374.0
1343;61809.0;São Gonçalo do Pará;MG;10398.0;11770.0;1372.0
1344;4033.0;Capim;PB;5601.0;6970.0;1369.0
1345;12408.0;Puxinanã;PB;12911.0;14277.0;1366.0
1346;4805.0;Campo Alegre de Goiás;GO;6060.0;7422.0;1362.0
1347;27403.0;Terra Roxa;PR;16759.0;18119.0;1360.0
1348;11573.0;São Pedro dos Crentes;MA;4425.0;5783.0;1358.0
1349;10003.0;Iguaraçu;PR;3982.0;5338.0;1356.0
1350;8006.0;Santana do Ipanema;AL;44867.0;46220.0;1353.0
1351;2352.0;Bom Princípio;RS;11789.0;13142.0;1353.0
1352;60.0;Amaturá;AM;9467.0;10819.0;1352.0
1353;31208.0;Ipanema;MG;18170.0;19522.0;1352.0
1354;19302.0;Coromandel;MG;27547.0;28894.0;1347.0
1355;14002.0;Mozarlândia;GO;13404.0;14750.0;1346.0
1356;51108.0;Sarapuí;SP;9027.0;10369.0;1342.0
1357;18200.0;São Francisco de Paula;RS;20551.0;21893.0;1342.0
1358;6102.0;Bebedouro;SP;75035.0;76373.0;1338.0
1359;15009.0;Nova Veneza;GO;8145.0;9481.0;1336.0
1360;253.0;Itaubal;AP;4265.0;5599.0;1334.0
1361;5406.0;Ceres;GO;20712.0;22046.0;1334.0
1362;6696.0;Murici dos Portelas;PI;8464.0;9797.0;1333.0
1363;10301.0;Paranatama;PE;10866.0;12199.0;1333.0
1364;7109.0;Boa Esperança;MG;38516.0;39848.0;1332.0
1365;8377.0;Miraíma;CE;12866.0;14196.0;1330.0
1366;1008.0;Apodi;RN;34763.0;36093.0;1330.0
1367;14601.0;Dumont;SP;8143.0;9471.0;1328.0
1368;8750.0;Lagoa Grande;PE;22760.0;24088.0;1328.0
1369;282.0;Iracema;RR;8696.0;10023.0;1327.0
1370;7607.0;São Miguel do Guamá;PA;51567.0;52894.0;1327.0
1371;15400.0;Fartura;SP;15320.0;16641.0;1321.0
1372;60405.0;Santo Antônio do Monte;MG;25975.0;27295.0;1320.0
1373;8709.0;São Miguel dos Milagres;AL;7163.0;8482.0;1319.0
1374;3900.0;Araújos;MG;7883.0;9199.0;1316.0
1375;1003.0;Águas Vermelhas;MG;12722.0;14037.0;1315.0
1376;500.0;Águas Belas;PE;40235.0;41548.0;1313.0
1377;62450.0;São João das Missões;MG;11715.0;13024.0;1309.0
1378;21208.0;Quitandinha;PR;17089.0;18398.0;1309.0
1379;6404.0;Crixás;GO;15760.0;17065.0;1305.0
1380;7801.0;Paulistana;PI;19753.0;21055.0;1302.0
1381;134.0;Acreúna;GO;20268.0;21568.0;1300.0
1382;49903.0;Perdões;MG;20087.0;21384.0;1297.0
1383;19505.0;São Sebastião do Caí;RS;23134.0;24428.0;1294.0
1384;9303.0;Buritis;MG;22737.0;24030.0;1293.0
1385;59001.0;Santana do Riacho;MG;4023.0;5313.0;1290.0
1386;24678.0;Piraí do Norte;BA;9685.0;10974.0;1289.0
1387;7248.0;Santa Carmem;MT;4085.0;5374.0;1289.0
1388;24806.0;São João;PR;10599.0;11886.0;1287.0
1389;2374.0;Cachoeira Grande;MA;8446.0;9732.0;1286.0
1390;37503.0;Pereiras;SP;7454.0;8737.0;1283.0
1391;69604.0;Tupaciguara;MG;24188.0;25470.0;1282.0
1392;3000.0;Caxias;MA;155692.0;156973.0;1281.0
1393;4900.0;Cruz do Espírito Santo;PB;15815.0;17095.0;1280.0
1394;54150.0;Reduto;MG;6569.0;7848.0;1279.0
1395;10001.0;Luiz Alves;SC;10405.0;11684.0;1279.0
1396;450.0;Senador Guiomard;AC;20179.0;21454.0;1275.0
1397;6008.0;Três Rios;RJ;77075.0;78346.0;1271.0
1398;17303.0;Saudades;SC;8994.0;10265.0;1271.0
1399;26801.0;Tapejara;PR;14598.0;15869.0;1271.0
1400;8401.0;Itapiranga;SC;15371.0;16638.0;1267.0
1401;12303.0;Leopoldo de Bulhões;GO;7479.0;8745.0;1266.0
1402;3007.0;Iúna;ES;27328.0;28590.0;1262.0
1403;309.0;Agronômica;SC;4794.0;6055.0;1261.0
1404;4003.0;Piraí;RJ;26214.0;27474.0;1260.0
1405;1102.0;Aquidauana;MS;45543.0;46803.0;1260.0
1406;758.0;Alambari;SP;4884.0;6141.0;1257.0
1407;12709.0;Mambaí;GO;6867.0;8124.0;1257.0
1408;189.0;Pimenta Bueno;RO;33822.0;35079.0;1257.0
1409;11803.0;Jacarezinho;PR;39121.0;40375.0;1254.0
1410;1401.0;Baía da Traição;PB;7971.0;9224.0;1253.0
1411;30507.0;Ilicínea;MG;11488.0;12741.0;1253.0
1412;66808.0;Serra do Salitre;MG;10549.0;11801.0;1252.0
1413;57303.0;Estiva Gerbi;SP;10044.0;11295.0;1251.0
1414;40705.0;Porto Ferreira;SP;51400.0;52649.0;1249.0
1415;24203.0;Espera Feliz;MG;22856.0;24102.0;1246.0
1416;30204.0;Sento Sé;BA;36909.0;38154.0;1245.0
1417;14600.0;Tabira;PE;26436.0;27681.0;1245.0
1418;22454.0;Divisópolis;MG;8974.0;10213.0;1239.0
1419;40555.0;Mata Verde;MG;7874.0;9112.0;1238.0
1420;5476.0;Jenipapo dos Vieiras;MA;15839.0;17076.0;1237.0
1421;44301.0;Roseira;SP;9599.0;10832.0;1233.0
1422;6307.0;Palmeira dos Índios;AL;70341.0;71574.0;1233.0
1423;1901.0;Aurora;SC;5551.0;6780.0;1229.0
1424;37700.0;Lajinha;MG;19609.0;20835.0;1226.0
1425;506.0;Areia Branca;SE;16857.0;18081.0;1224.0
1426;40530.0;Martins Soares;MG;7173.0;8396.0;1223.0
1427;56909.0;Vista Alegre do Alto;SP;6886.0;8109.0;1223.0
1428;72004.0;Visconde do Rio Branco;MG;37942.0;39160.0;1218.0
1429;9907.0;Caetanópolis;MG;10218.0;11435.0;1217.0
1430;12903.0;Rio Tinto;PB;23366.0;24581.0;1215.0
1431;9201.0;Nova Olinda;CE;14186.0;15399.0;1213.0
1432;37909.0;Pilar do Sul;SP;26406.0;27619.0;1213.0
1433;28907.0;Guimarânia;MG;7265.0;8478.0;1213.0
1434;22806.0;Veranópolis;RS;22810.0;24021.0;1211.0
1435;1004.0;Altinópolis;SP;15607.0;16818.0;1211.0
1436;53401.0;Tanabi;SP;24055.0;25265.0;1210.0
1437;15202.0;Estrela d'Oeste;SP;8208.0;9417.0;1209.0
1438;12801.0;Joaquim Távora;PR;10736.0;11945.0;1209.0
1439;7180.0;Ribeirão Cascalheira;MT;8881.0;10089.0;1208.0
1440;3502.0;Pauini;AM;18166.0;19373.0;1207.0
1441;48609.0;São Bento do Sapucaí;SP;10468.0;11674.0;1206.0
1442;7904.0;Soure;PA;23001.0;24204.0;1203.0
1443;2603.0;Feira Grande;AL;21513.0;22712.0;1199.0
1444;11607.0;São Raimundo das Mangabeiras;MA;17474.0;18672.0;1198.0
1445;606.0;Águas Mornas;SC;5548.0;6743.0;1195.0
1446;43807.0;Munhoz;MG;6257.0;7451.0;1194.0
1447;16758.0;Santa Clara do Sul;RS;5697.0;6887.0;1190.0
1448;21808.0;Três de Maio;RS;23726.0;24916.0;1190.0
1449;17708.0;Pontalina;GO;17121.0;18309.0;1188.0
1450;18806.0;Turvo;SC;11855.0;13043.0;1188.0
1451;3505.0;Colinas;MA;39132.0;40316.0;1184.0
1452;4557.0;Caldazinha;GO;3331.0;4507.0;1176.0
1453;54804.0;Rio Acima;MG;9087.0;10261.0;1174.0
1454;9151.0;José Boiteux;SC;4812.0;5985.0;1173.0
1455;21804.0;Itaí;SP;24008.0;25180.0;1172.0
1456;6174.0;Nova Nazaré;MT;3029.0;4200.0;1171.0
1457;6182.0;Nova Lacerda;MT;5500.0;6670.0;1170.0
1458;10306.0;Serra Caiada;RN;8960.0;10125.0;1165.0
1459;15302.0;Sapé;PB;50143.0;51306.0;1163.0
1460;18506.0;Jussara;BA;15194.0;16354.0;1160.0
1461;6308.0;Corbélia;PR;16312.0;17470.0;1158.0
1462;403.0;Alagoa Nova;PB;19856.0;21013.0;1157.0
1463;45877.0;Orizânia;MG;7284.0;8437.0;1153.0
1464;10806.0;Pedra;PE;21644.0;22795.0;1151.0
1465;20008.0;Sapucaia do Sul;RS;130957.0;132107.0;1150.0
1466;10902.0;Piquet Carneiro;CE;15469.0;16616.0;1147.0
1467;11959.0;Salitre;CE;15487.0;16633.0;1146.0
1468;9206.0;Massaranduba;PB;12994.0;14139.0;1145.0
1469;8904.0;Parelhas;RN;20354.0;21499.0;1145.0
1470;30408.0;Ijaci;MG;5859.0;7003.0;1144.0
1471;1602.0;Bagé;RS;116794.0;117938.0;1144.0
1472;12604.0;Santa Maria da Boa Vista;PE;39435.0;40578.0;1143.0
1473;8035.0;Tracuateua;PA;27455.0;28595.0;1140.0
1474;12108.0;Jandaia do Sul;PR;20269.0;21408.0;1139.0
1475;19926.0;Madre de Deus;BA;17376.0;18504.0;1128.0
1476;16503.0;São Joaquim;SC;24812.0;25939.0;1127.0
1477;202.0;Água Branca;PI;16451.0;17573.0;1122.0
1478;11509.0;Pilar;PB;11191.0;12311.0;1120.0
1479;9555.0;Harmonia;RS;4259.0;5378.0;1119.0
1480;5486.0;Pacajá;PA;39979.0;41097.0;1118.0
1481;67103.0;Serro;MG;20835.0;21952.0;1117.0
1482;23601.0;Elói Mendes;MG;25220.0;26336.0;1116.0
1483;12001.0;Colina;SP;17371.0;18486.0;1115.0
1484;25605.0;São Mateus do Sul;PR;41257.0;42366.0;1109.0
1485;6607.0;Biritiba Mirim;SP;28575.0;29683.0;1108.0
1486;8351.0;Milhã;CE;13015.0;14123.0;1108.0
1487;30758.0;Sítio do Mato;BA;12300.0;13408.0;1108.0
1488;13158.0;Santa Cecília;PB;6563.0;7670.0;1107.0
1489;17805.0;Jaguaripe;BA;16552.0;17659.0;1107.0
1490;22251.0;Tupandi;RS;3924.0;5029.0;1105.0
1491;51008.0;Piranguinho;MG;8016.0;9120.0;1104.0
1492;30808.0;Souto Soares;BA;15952.0;17054.0;1102.0
1493;45159.0;Saltinho;SP;7059.0;8161.0;1102.0
1494;53203.0;Taiúva;SP;5447.0;6548.0;1101.0
1495;7809.0;Marco;CE;24698.0;25799.0;1101.0
1496;302.0;Agrestina;PE;22679.0;23779.0;1100.0
1497;906.0;Antônio João;MS;8208.0;9303.0;1095.0
1498;17453.0;Ouro Verde do Oeste;PR;5692.0;6785.0;1093.0
1499;6408.0;Belo Vale;MG;7536.0;8627.0;1091.0
1500;4601.0;Astolfo Dutra;MG;13049.0;14138.0;1089.0
1501;203.0;Afrânio;PE;17586.0;18674.0;1088.0
1502;1052.0;Araçoiaba;PE;18156.0;19243.0;1087.0
1503;1505.0;Armazém;SC;7753.0;8834.0;1081.0
1504;26272.0;Saudade do Iguaçu;PR;5028.0;6108.0;1080.0
1505;3108.0;Cachoeirinha;PE;18819.0;19899.0;1080.0
1506;37206.0;Pedro de Toledo;SP;10204.0;11281.0;1077.0
1507;17253.0;São Pedro de Alcântara;SC;4704.0;5776.0;1072.0
1508;38609.0;Lima Duarte;MG;16149.0;17221.0;1072.0
1509;16057.0;São Cristóvão do Sul;SC;5012.0;6084.0;1072.0
1510;8909.0;Limoeiro;PE;55439.0;56510.0;1071.0
1511;705.0;Alfredo Wagner;SC;9410.0;10481.0;1071.0
1512;14500.0;Manoel Ribas;PR;13169.0;14240.0;1071.0
1513;1159.0;Brejetuba;ES;11915.0;12985.0;1070.0
1514;16300.0;Sumé;PB;16096.0;17166.0;1070.0
1515;12205.0;Papanduva;SC;18080.0;19150.0;1070.0
1516;3158.0;Centro do Guilherme;MA;11273.0;12342.0;1069.0
1517;2606.0;Cândido Mendes;MA;18864.0;19932.0;1068.0
1518;12001.0;Tasso Fragoso;MA;7796.0;8862.0;1066.0
1519;47303.0;Paraisópolis;MG;19379.0;20445.0;1066.0
1520;1705.0;Araruna;PR;13419.0;14485.0;1066.0
1521;5801.0;João Câmara;RN;32227.0;33290.0;1063.0
1522;33105.0;Itanhandu;MG;14175.0;15236.0;1061.0
1523;5807.0;Bastos;SP;20445.0;21503.0;1058.0
1524;30105.0;Senhor do Bonfim;BA;73466.0;74523.0;1057.0
1525;2603.0;Campinápolis;MT;14291.0;15347.0;1056.0
1526;20705.0;Quatiguá;PR;7045.0;8099.0;1054.0
1527;57005.0;Salinas;MG;39125.0;40178.0;1053.0
1528;20206.0;Seberi;RS;10897.0;11950.0;1053.0
1529;3502.0;Montanha;ES;17849.0;18900.0;1051.0
1530;17808.0;Taió;SC;17260.0;18310.0;1050.0
1531;17104.0;Piracanjuba;GO;23834.0;24883.0;1049.0
1532;24907.0;Jambeiro;SP;5349.0;6397.0;1048.0
1533;25508.0;Joanópolis;SP;11768.0;12815.0;1047.0
1534;20101.0;São Bento do Tocantins;TO;4608.0;5654.0;1046.0
1535;19401.0;Coronel Fabriciano;MG;103694.0;104736.0;1042.0
1536;8101.0;Cocos;BA;18111.0;19151.0;1040.0
1537;535.0;Porto Grande;AP;16809.0;17848.0;1039.0
1538;3205.0;Novo Airão;AM;14723.0;15761.0;1038.0
1539;8254.0;Tabocão;TO;2419.0;3455.0;1036.0
1540;70750.0;Varjão de Minas;MG;5934.0;6969.0;1035.0
1541;9102.0;Mulungu;CE;9534.0;10569.0;1035.0
1542;42008.0;Quintana;SP;6004.0;7038.0;1034.0
1543;56008.0;Urupês;SP;12714.0;13744.0;1030.0
1544;3353.0;Marilândia;ES;11358.0;12387.0;1029.0
1545;16354.0;São João do Itaperiú;SC;3435.0;4463.0;1028.0
1546;16600.0;Sananduva;RS;15373.0;16399.0;1026.0
1547;924.0;Chupinguaia;RO;8301.0;9324.0;1023.0
1548;16101.0;Florínea;SP;2829.0;3851.0;1022.0
1549;11627.0;Lindolfo Collor;RS;5227.0;6248.0;1021.0
1550;29602.0;Sapeaçu;BA;16943.0;17963.0;1020.0
1551;23503.0;Itatinga;SP;18052.0;19070.0;1018.0
1552;62948.0;São José da Barra;MG;6778.0;7793.0;1015.0
1553;14709.0;Tacaimbó;PE;12725.0;13738.0;1013.0
1554;1702.0;Cristinápolis;SE;16087.0;17100.0;1013.0
1555;45109.0;Nova Resende;MG;15374.0;16387.0;1013.0
1556;4004.0;Catanduvas;SC;9555.0;10566.0;1011.0
1557;4350.0;Cordilheira Alta;SC;3771.0;4781.0;1010.0
1558;26407.0;Laranjal Paulista;SP;25251.0;26261.0;1010.0
1559;10658.0;São Domingos do Azeitão;MA;6983.0;7992.0;1009.0
1560;13807.0;Praia Grande;SC;7262.0;8270.0;1008.0
1561;25808.0;Queimadas;BA;24986.0;25988.0;1002.0
1562;62559.0;São João do Manhuaçu;MG;10245.0;11246.0;1001.0
1563;12153.0;Mato Leitão;RS;3858.0;4859.0;1001.0
1564;1107.0;Arroio dos Ratos;RS;13606.0;14601.0;995.0
1565;40754.0;Potim;SP;19397.0;20392.0;995.0
1566;12703.0;Santa Maria do Cambucá;PE;13021.0;14013.0;992.0
1567;2207.0;Fundão;ES;17025.0;18014.0;989.0
1568;65578.0;Senador Amaral;MG;5219.0;6206.0;987.0
1569;2901.0;Axixá do Tocantins;TO;9275.0;10262.0;987.0
1570;44806.0;Sales;SP;5451.0;6437.0;986.0
1571;28406.0;Santa Rita de Cássia;BA;26404.0;27390.0;986.0
1572;6299.0;Paranaíta;MT;10686.0;11671.0;985.0
1573;1004.0;Arari;MA;28488.0;29472.0;984.0
1574;5901.0;Corumbaíba;GO;8181.0;9164.0;983.0
1575;13104.0;Piratuba;SC;4786.0;5769.0;983.0
1576;28006.0;Guanhães;MG;31262.0;32244.0;982.0
1577;19000.0;São Marcos;RS;20103.0;21084.0;981.0
1578;13609.0;Ubajara;CE;31787.0;32767.0;980.0
1579;27603.0;Luís Antônio;SP;11286.0;12265.0;979.0
1580;70057.0;Ubaporanga;MG;12040.0;13017.0;977.0
1581;68903.0;Tiros;MG;6906.0;7883.0;977.0
1582;11301.0;Piancó;PB;15465.0;16441.0;976.0
1583;11751.0;Otacílio Costa;SC;16337.0;17312.0;975.0
1584;44003.0;Mutum;MG;26661.0;27635.0;974.0
1585;39805.0;Mar de Espanha;MG;11749.0;12721.0;972.0
1586;44509.0;Rubinéia;SP;2862.0;3833.0;971.0
1587;3957.0;São Sebastião do Uatumã;AM;10705.0;11670.0;965.0
1588;1508.0;Bandeirantes;MS;6977.0;7940.0;963.0
1589;6275.0;Paraíso das Águas;MS;4548.0;5510.0;962.0
1590;38808.0;Piraju;SP;28475.0;29436.0;961.0
1591;4102.0;Cachoeira Alta;GO;10552.0;11513.0;961.0
1592;4609.0;Santa Teresa;ES;21851.0;22808.0;957.0
1593;14501.0;Carmópolis de Minas;MG;17048.0;18003.0;955.0
1594;12807.0;Nova Araçá;RS;4001.0;4954.0;953.0
1595;23001.0;Nova Viçosa;BA;38556.0;39509.0;953.0
1596;12806.0;Ibirapuã;BA;7948.0;8896.0;948.0
1597;5581.0;Lagoa do Piauí;PI;3863.0;4810.0;947.0
1598;2800.0;Canindé;CE;73228.0;74174.0;946.0
1599;6559.0;Santa Luzia do Pará;PA;19424.0;20370.0;946.0
1600;23402.0;Santa Fé;PR;10432.0;11378.0;946.0
1601;12803.0;Cosmópolis;SP;58827.0;59773.0;946.0
1602;3007.0;Chapada dos Guimarães;MT;18047.0;18990.0;943.0
1603;12609.0;São Paulo do Potengi;RN;15843.0;16786.0;943.0
1604;17905.0;Santo Cristo;RS;14378.0;15320.0;942.0
1605;4558.0;Correia Pinto;SC;14785.0;15727.0;942.0
1606;7503.0;Porto Real do Colégio;AL;19141.0;20082.0;941.0
1607;22541.0;Vale Real;RS;5118.0;6058.0;940.0
1608;24509.0;Santo Inácio;PR;5241.0;6181.0;940.0
1609;19853.0;Zortéa;SC;2991.0;3930.0;939.0
1610;10405.0;Pureza;RN;8424.0;9362.0;938.0
1611;23808.0;Santa Izabel do Oeste;PR;13132.0;14070.0;938.0
1612;53905.0;Raposos;MG;15342.0;16279.0;937.0
1613;34708.0;Ourinhos;SP;103035.0;103970.0;935.0
1614;7650.0;Iporã do Oeste;SC;8400.0;9335.0;935.0
1615;12559.0;São Miguel do Gostoso;RN;9287.0;10221.0;934.0
1616;21902.0;Divinésia;MG;3293.0;4226.0;933.0
1617;7684.0;Ipuaçu;SC;6798.0;7730.0;932.0
1618;31308.0;Monte Alto;SP;46642.0;47574.0;932.0
1619;14505.0;Irará;BA;27112.0;28043.0;931.0
1620;19608.0;Pitanga;PR;32638.0;33567.0;929.0
1621;32504.0;Neves Paulista;SP;8772.0;9699.0;927.0
1622;26301.0;Riachão do Jacuípe;BA;32463.0;33386.0;923.0
1623;55604.0;Uchoa;SP;9471.0;10394.0;923.0
1624;4201.0;Monte Alegre de Sergipe;SE;13415.0;14336.0;921.0
1625;7103.0;Carinhanha;BA;27948.0;28869.0;921.0
1626;5008.0;Caculé;BA;21541.0;22462.0;921.0
1627;41208.0;Presidente Bernardes;SP;13570.0;14490.0;920.0
1628;13805.0;Palmitinho;RS;6920.0;7839.0;919.0
1629;13559.0;Tururu;CE;14495.0;15412.0;917.0
1630;1703.0;Ascurra;SC;7403.0;8319.0;916.0
1631;4500.0;Santa Leopoldina;ES;12191.0;13106.0;915.0
1632;6206.0;Salgado;SE;19365.0;20279.0;914.0
1633;8255.0;Jucati;PE;10604.0;11517.0;913.0
1634;38600.0;Piracaia;SP;25116.0;26029.0;913.0
1635;40902.0;Matipó;MG;17639.0;18552.0;913.0
1636;18451.0;Pato Bragado;PR;4822.0;5733.0;911.0
1637;15909.0;Rodeio Bonito;RS;5743.0;6654.0;911.0
1638;20201.0;Cristais;MG;11286.0;12197.0;911.0
1639;26506.0;Lavínia;SP;8779.0;9689.0;910.0
1640;10108.0;Igrejinha;RS;31899.0;32808.0;909.0
1641;6603.0;Itatira;CE;19516.0;20424.0;908.0
1642;31004.0;Tanhaçu;BA;20105.0;21006.0;901.0
1643;68507.0;Teixeiras;MG;11355.0;12255.0;900.0
1644;5551.0;Pau D'Arco;PA;6033.0;6931.0;898.0
1645;31053.0;Tanque Novo;BA;16261.0;17158.0;897.0
1646;5963.0;Lagoa Grande do Maranhão;MA;10517.0;11411.0;894.0
1647;2701.0;Botuverá;SC;4470.0;5363.0;893.0
1648;105.0;Adamantina;SP;33797.0;34687.0;890.0
1649;4128.0;Quatis;RJ;12793.0;13682.0;889.0
1650;14838.0;Nova Crixás;GO;11927.0;12815.0;888.0
1651;34005.0;Onda Verde;SP;3884.0;4771.0;887.0
1652;15853.0;Mercedes;PR;5046.0;5931.0;885.0
1653;1306.0;Capela;SE;30761.0;31645.0;884.0
1654;12650.0;Pescaria Brava;SC;9307.0;10190.0;883.0
1655;18622.0;São José dos Ausentes;RS;3290.0;4172.0;882.0
1656;50703.0;Pirajuba;MG;4656.0;5537.0;881.0
1657;11405.0;Nova Erechim;SC;4275.0;5155.0;880.0
1658;28601.0;Manduri;SP;8992.0;9871.0;879.0
1659;102.0;Anori;AM;16317.0;17194.0;877.0
1660;18904.0;Rubiataba;GO;18915.0;19788.0;873.0
1661;15358.0;Maripá;PR;5684.0;6555.0;871.0
1662;29057.0;São Félix do Coribe;BA;14326.0;15194.0;868.0
1663;56404.0;Vargem Grande do Sul;SP;39266.0;40133.0;867.0
1664;7404.0;Porto de Pedras;AL;8429.0;9295.0;866.0
1665;6281.0;Novo São Joaquim;MT;6054.0;6919.0;865.0
1666;11506.0;Ivaiporã;PR;31856.0;32720.0;864.0
1667;238.0;Ferreira Gomes;AP;5802.0;6666.0;864.0
1668;13906.0;Uruoca;CE;12883.0;13746.0;863.0
1669;15971.0;Sobrado;PB;7373.0;8236.0;863.0
1670;37809.0;Lambari;MG;19554.0;20414.0;860.0
1671;36257.0;Parisi;SP;2032.0;2892.0;860.0
1672;1631.0;Alfredo Vasconcelos;MG;6075.0;6931.0;856.0
1673;5400.0;Feira Nova;PE;20571.0;21427.0;856.0
1674;8554.0;Logradouro;PB;3942.0;4797.0;855.0
1675;5707.0;Floresta;PE;29285.0;30137.0;852.0
1676;9971.0;São João do Arraial;PI;7336.0;8186.0;850.0
1677;9709.0;Cachoeira de Minas;MG;11034.0;11883.0;849.0
1678;1506.0;Envira;AM;16338.0;17186.0;848.0
1679;54953.0;Tuiuti;SP;5930.0;6778.0;848.0
1680;44905.0;Sales Oliveira;SP;10568.0;11411.0;843.0
1681;6904.0;Bofete;SP;9618.0;10460.0;842.0
1682;7002.0;Itaporanga;PB;23098.0;23940.0;842.0
1683;9305.0;Mataraca;PB;7407.0;8244.0;837.0
1684;7106.0;Jardim;CE;26574.0;27411.0;837.0
1685;5152.0;Juti;MS;5897.0;6729.0;832.0
1686;6300.0;Bernardino de Campos;SP;10775.0;11607.0;832.0
1687;27206.0;Funilândia;MG;3855.0;4686.0;831.0
1688;3001.0;Caaporã;PB;20362.0;21193.0;831.0
1689;8604.0;Lucena;PB;11730.0;12560.0;830.0
1690;15754.0;Mauá da Serra;PR;8555.0;9383.0;828.0
1691;54508.0;Tietê;SP;36835.0;37663.0;828.0
1692;37800.0;Piedade;SP;52143.0;52970.0;827.0
1693;50901.0;Piranguçu;MG;5217.0;6041.0;824.0
1694;9503.0;Montadas;PB;4990.0;5812.0;822.0
1695;2402.0;Bom Retiro do Sul;RS;11472.0;12294.0;822.0
1696;159.0;Aperibé;RJ;10213.0;11034.0;821.0
1697;4954.0;Guaiúba;CE;23504.0;24325.0;821.0
1698;14007.0;Dobrada;SP;7939.0;8759.0;820.0
1699;16001.0;Venturosa;PE;16433.0;17251.0;818.0
1700;21101.0;Ipeúna;SP;6016.0;6831.0;815.0
1701;4903.0;Casca;RS;8651.0;9465.0;814.0
1702;17305.0;Ortigueira;PR;23380.0;24192.0;812.0
1703;28505.0;Santa Terezinha;BA;9629.0;10441.0;812.0
1704;43500.0;Morada Nova de Minas;MG;8255.0;9067.0;812.0
1705;15508.0;Tracunhaém;PE;13055.0;13867.0;812.0
1706;5103.0;Bambuí;MG;22734.0;23546.0;812.0
1707;8602.0;Brasília de Minas;MG;31213.0;32025.0;812.0
1708;5500.0;João Lisboa;MA;23900.0;24709.0;809.0
1709;4601.0;Itaquiraí;MS;18614.0;19423.0;809.0
1710;12906.0;Nova Bassano;RS;8840.0;9649.0;809.0
1711;10109.0;Ipameri;GO;24740.0;25548.0;808.0
1712;2502.0;Aruanã;GO;7496.0;8300.0;804.0
1713;32801.0;Nova Aliança;SP;5891.0;6693.0;802.0
1714;35407.0;Jeceaba;MG;5395.0;6197.0;802.0
1715;7755.0;Sapucaia;PA;5047.0;5847.0;800.0
1716;7768.0;Santa Rita do Trivelato;MT;2477.0;3276.0;799.0
1717;4908.0;Jaraguari;MS;6341.0;7139.0;798.0
1718;2270.0;Japeri;RJ;95492.0;96289.0;797.0
1719;3905.0;Campo Bom;RS;62091.0;62886.0;795.0
1720;8552.0;Brasilândia de Minas;MG;14226.0;15020.0;794.0
1721;19402.0;Ibirá;SP;10896.0;11690.0;794.0
1722;204.0;Adolfo;SP;3557.0;4351.0;794.0
1723;3708.0;Paraíba do Sul;RJ;41269.0;42063.0;794.0
1724;2083.0;Cajueiro da Praia;PI;7163.0;7957.0;794.0
1725;5803.0;Ipu;CE;40292.0;41081.0;789.0
1726;14035.0;Pareci Novo;RS;3530.0;4319.0;789.0
1727;36208.0;Pariquera-Açu;SP;18446.0;19233.0;787.0
1728;7003.0;Santo Antônio do Tauá;PA;26674.0;27461.0;787.0
1729;54300.0;Teodoro Sampaio;SP;21386.0;22173.0;787.0
1730;22156.0;Rio Bonito do Iguaçu;PR;13143.0;13929.0;786.0
1731;3301.0;Encanto;RN;5231.0;6016.0;785.0
1732;68804.0;Tiradentes;MG;6961.0;7744.0;783.0
1733;14050.0;Parobé;RS;51275.0;52058.0;783.0
1734;33006.0;Itamonte;MG;14003.0;14786.0;783.0
1735;7905.0;Cipó;BA;16449.0;17230.0;781.0
1736;21402.0;Tenente Portela;RS;13719.0;14497.0;778.0
1737;1100.0;Bom Jesus do Norte;ES;9476.0;10254.0;778.0
1738;2109.0;Astorga;PR;24698.0;25475.0;777.0
1739;36802.0;Pedra Bela;SP;5780.0;6557.0;777.0
1740;57252.0;Santa Bárbara do Leste;MG;7682.0;8458.0;776.0
1741;3276.0;Barrocas;BA;14429.0;15203.0;774.0
1742;14201.0;Quilombo;SC;10248.0;11022.0;774.0
1743;32503.0;Itamarandiba;MG;32175.0;32948.0;773.0
1744;44656.0;Ninheira;MG;9815.0;10588.0;773.0
1745;1502.0;Anguera;BA;10259.0;11031.0;772.0
1746;5000.0;Carmo do Rio Verde;GO;8938.0;9710.0;772.0
1747;7100.0;Morros;MA;17783.0;18554.0;771.0
1748;20805.0;Cruzília;MG;14591.0;15362.0;771.0
1749;13707.0;Montes Claros de Goiás;GO;7985.0;8756.0;771.0
1750;6190.0;Nova Santa Helena;MT;3468.0;4239.0;771.0
1751;9050.0;Glorinha;RS;6891.0;7658.0;767.0
1752;10607.0;Iporã;PR;14981.0;15746.0;765.0
1753;3908.0;General Carneiro;MT;5272.0;6037.0;765.0
1754;62203.0;São João Batista do Glória;MG;6887.0;7652.0;765.0
1755;3500.0;Nova Iguaçu;RJ;785102.0;785867.0;765.0
1756;4905.0;Groaíras;CE;10147.0;10910.0;763.0
1757;3109.0;Arandu;SP;6123.0;6885.0;762.0
1758;7743.0;Santa Cruz do Xingu;MT;1900.0;2661.0;761.0
1759;51602.0;Planura;MG;10384.0;11145.0;761.0
1760;2101.0;Brejo;MA;33359.0;34120.0;761.0
1761;6309.0;Paranaíba;MS;40197.0;40957.0;760.0
1762;4609.0;Itiquira;MT;11478.0;12236.0;758.0
1763;6601.0;Lagoa Salgada;RN;7564.0;8319.0;755.0
1764;48054.0;Santo Antônio do Aracanguá;SP;7626.0;8379.0;753.0
1765;3303.0;Campo Alegre;SC;11748.0;12501.0;753.0
1766;7201.0;São Domingos do Capim;PA;29846.0;30599.0;753.0
1767;7406.0;Rio Verde de Mato Grosso;MS;19066.0;19818.0;752.0
1768;51305.0;Piraúba;MG;10862.0;11610.0;748.0
1769;21667.0;Três Cachoeiras;RS;10217.0;10962.0;745.0
1770;709.0;Anajatuba;MA;24579.0;25322.0;743.0
1771;3609.0;Brazabrantes;GO;3251.0;3992.0;741.0
1772;10504.0;Rafael Fernandes;RN;4692.0;5432.0;740.0
1773;550.0;Amapá do Maranhão;MA;6431.0;7170.0;739.0
1774;4706.0;Santo Antônio de Pádua;RJ;40589.0;41325.0;736.0
1775;8009.0;Pastos Bons;MA;18067.0;18802.0;735.0
1776;9005.0;Guapirama;PR;3891.0;4626.0;735.0
1777;11200.0;Campo Belo;MG;51544.0;52277.0;733.0
1778;3106.0;Cocalinho;MT;5490.0;6220.0;730.0
1779;33174.0;Varzedo;BA;9183.0;9913.0;730.0
1780;11402.0;Glória;BA;14795.0;15524.0;729.0
1781;4403.0;Inocência;MS;7677.0;8404.0;727.0
1782;35704.0;Jequitibá;MG;5156.0;5883.0;727.0
1783;1651.0;Barão;RS;5735.0;6461.0;726.0
1784;4458.0;Nossa Senhora Aparecida;SE;8508.0;9232.0;724.0
1785;7354.0;São José do Xingu;MT;5240.0;5964.0;724.0
1786;21109.0;Tocantínia;TO;6736.0;7459.0;723.0
1787;18052.0;Porteirão;GO;3347.0;4070.0;723.0
1788;38674.0;Luisburgo;MG;6234.0;6956.0;722.0
1789;19806.0;Planalto;PR;13654.0;14374.0;720.0
1790;2809.0;Indiaroba;SE;15831.0;16549.0;718.0
1791;29609.0;Meridiano;SP;3855.0;4572.0;717.0
1792;17600.0;Siderópolis;SC;12998.0;13714.0;716.0
1793;5953.0;Marcolândia;PI;7819.0;8533.0;714.0
1794;14159.0;Tenente Laurentino Cruz;RN;5177.0;5891.0;714.0
1795;9703.0;Cristópolis;BA;13280.0;13993.0;713.0
1796;31604.0;Iraí de Minas;MG;6467.0;7180.0;713.0
1797;51107.0;Pirapetinga;MG;10364.0;11077.0;713.0
1798;23007.0;Dores de Campos;MG;9299.0;10007.0;708.0
1799;54101.0;Recreio;MG;10299.0;11007.0;708.0
1800;14003.0;Várzea Alegre;CE;38276.0;38984.0;708.0
1801;20264.0;São Miguel do Passa Quatro;GO;3757.0;4464.0;707.0
1802;18608.0;Trombudo Central;SC;6567.0;7274.0;707.0
1803;14109.0;Ipupiara;BA;9229.0;9935.0;706.0
1804;55505.0;Ubirajara;SP;4427.0;5132.0;705.0
1805;25409.0;Jeriquara;SP;3160.0;3863.0;703.0
1806;4300.0;Rio Bonito;RJ;55576.0;56276.0;700.0
1807;13702.0;Descalvado;SP;31056.0;31756.0;700.0
1808;6672.0;Milagres do Maranhão;MA;8118.0;8818.0;700.0
1809;4689.0;Capela de Santana;RS;10462.0;11159.0;697.0
1810;17222.0;Nova Santa Rosa;PR;7626.0;8322.0;696.0
1811;19002.0;Urussanga;SC;20223.0;20919.0;696.0
1812;4355.0;Caturité;PB;4563.0;5254.0;691.0
1813;16805.0;Triunfo;PB;9201.0;9892.0;691.0
1814;11600.0;Governador Mangabeira;BA;19916.0;20605.0;689.0
1815;6161.0;Rio Maria;PA;17697.0;18384.0;687.0
1816;40803.0;Matias Barbosa;MG;13435.0;14121.0;686.0
1817;12907.0;Marzagão;GO;2072.0;2758.0;686.0
1818;98.0;Espigão D'Oeste;RO;28729.0;29414.0;685.0
1819;20606.0;Prudentópolis;PR;48709.0;49393.0;684.0
1820;9404.0;Mogeiro;PB;13219.0;13899.0;680.0
1821;20853.0;Quatro Pontes;PR;3803.0;4480.0;677.0
1822;20607.0;Crucilândia;MG;4757.0;5434.0;677.0
1823;3488.0;Dois Irmãos do Buriti;MS;10423.0;11100.0;677.0
1824;2754.0;Capinzal do Norte;MA;10698.0;11374.0;676.0
1825;2508.0;Boqueirão;PB;16922.0;17598.0;676.0
1826;14607.0;Rio do Oeste;SC;7072.0;7747.0;675.0
1827;3402.0;Carnaubal;CE;16537.0;17210.0;673.0
1828;10605.0;Penaforte;CE;8299.0;8972.0;673.0
1829;6753.0;Nossa Senhora de Nazaré;PI;4556.0;5228.0;672.0
1830;30600.0;Serrolândia;BA;12664.0;13335.0;671.0
1831;22302.0;Vila Propício;GO;5145.0;5815.0;670.0
1832;45704.0;Santa Albertina;SP;5723.0;6393.0;670.0
1833;2106.0;Estância;SE;64409.0;65078.0;669.0
1834;503.0;Almeirim;PA;33614.0;34280.0;666.0
1835;501.0;Águas de Lindóia;SP;17266.0;17930.0;664.0
1836;7809.0;Irani;SC;9531.0;10195.0;664.0
1837;13200.0;Ibotirama;BA;25645.0;26309.0;664.0
1838;50605.0;São Roque;SP;78821.0;79484.0;663.0
1839;29203.0;Martinópolis;SP;24219.0;24881.0;662.0
1840;7108.0;Divinópolis do Tocantins;TO;6363.0;7024.0;661.0
1841;19408.0;Witmarsum;SC;3596.0;4255.0;659.0
1842;28858.0;Marapoama;SP;2633.0;3292.0;659.0
1843;15930.0;Sertãozinho;PB;4395.0;5054.0;659.0
1844;24500.0;Estiva;MG;10845.0;11502.0;657.0
1845;52709.0;Prados;MG;8391.0;9048.0;657.0
1846;12007.0;Santana do Acaraú;CE;29972.0;30628.0;656.0
1847;2304.0;Frei Paulo;SE;13874.0;14530.0;656.0
1848;5805.0;Luzilândia;PI;24721.0;25375.0;654.0
1849;39202.0;Pirapozinho;SP;24694.0;25348.0;654.0
1850;20200.0;Porto Rico;PR;2530.0;3182.0;652.0
1851;15106.0;Itagi;BA;13152.0;13803.0;651.0
1852;2205.0;Feira Nova;SE;5324.0;5975.0;651.0
1853;21407.0;Desterro de Entre Rios;MG;7002.0;7653.0;651.0
1854;6201.0;Luís Domingues;MA;6510.0;7161.0;651.0
1855;7538.0;Entre Rios do Oeste;PR;3926.0;4575.0;649.0
1856;48203.0;Santo Antônio do Pinhal;SP;6486.0;7133.0;647.0
1857;48756.0;Pedra Bonita;MG;6673.0;7320.0;647.0
1858;6305.0;Santa Luzia do Itanhy;SE;12969.0;13616.0;647.0
1859;13404.0;São José da Coroa Grande;PE;18180.0;18825.0;645.0
1860;1101.0;Aparecida do Rio Negro;TO;4213.0;4856.0;643.0
1861;17509.0;Santo Ângelo;RS;76275.0;76917.0;642.0
1862;5503.0;Caldeirão Grande;BA;12438.0;13080.0;642.0
1863;7505.0;Rochedo;MS;4557.0;5199.0;642.0
1864;8005.0;Itá;SC;6426.0;7067.0;641.0
1865;3503.0;Califórnia;PR;8069.0;8710.0;641.0
1866;38104.0;Lassance;MG;6484.0;7124.0;640.0
1867;12100.0;Colômbia;SP;5994.0;6629.0;635.0
1868;5801.0;Constantina;RS;9752.0;10385.0;633.0
1869;7908.0;Martinópole;CE;10214.0;10846.0;632.0
1870;65008.0;São Tiago;MG;10561.0;11192.0;631.0
1871;10039.0;Santa Luzia do Paruá;MA;23676.0;24307.0;631.0
1872;6105.0;Canápolis;BA;9597.0;10225.0;628.0
1873;6606.0;Ibimirim;PE;25965.0;26593.0;628.0
1874;15500.0;Serra Branca;PB;12987.0;13614.0;627.0
1875;15359.0;Catas Altas;MG;4846.0;5473.0;627.0
1876;1800.0;Brejinho;RN;11577.0;12202.0;625.0
1877;23602.0;Itirapina;SP;15524.0;16148.0;624.0
1878;42305.0;Redenção da Serra;SP;3873.0;4494.0;621.0
1879;1701.0;Barão de Cotegipe;RS;6526.0;7144.0;618.0
1880;18865.0;Santa Fé do Araguaia;TO;6599.0;7216.0;617.0
1881;2208.0;Campo Maior;PI;45177.0;45793.0;616.0
1882;2174.0;Campo Largo do Piauí;PI;6803.0;7419.0;616.0
1883;3659.0;Catunda;CE;9828.0;10444.0;616.0
1884;8107.0;Bonfim;MG;6818.0;7434.0;616.0
1885;302.0;Abre Campo;MG;13311.0;13927.0;616.0
1886;17900.0;Congonhal;MG;10468.0;11083.0;615.0
1887;19203.0;Coroaci;MG;10270.0;10884.0;614.0
1888;21709.0;Três Coroas;RS;23812.0;24425.0;613.0
1889;2407.0;Alvorada de Minas;MG;3546.0;4159.0;613.0
1890;43600.0;Rifaina;SP;3436.0;4049.0;613.0
1891;3900.0;Figueirão;MS;2928.0;3539.0;611.0
1892;42007.0;Mirabela;MG;13042.0;13651.0;609.0
1893;1770.0;Boa Hora;PI;6296.0;6902.0;606.0
1894;5301.0;Bandeira do Sul;MG;5338.0;5943.0;605.0
1895;3003.0;Barra do Mendes;BA;13233.0;13836.0;603.0
1896;1253.0;Bannach;PA;3431.0;4031.0;600.0
1897;17956.0;Tigrinhos;SC;1730.0;2329.0;599.0
1898;40209.0;Maripá de Minas;MG;2788.0;3387.0;599.0
1899;6109.0;Ouro Branco;AL;10848.0;11446.0;598.0
1900;1001.0;Araguaiana;MT;3197.0;3795.0;598.0
1901;7700.0;Ipumirim;SC;7220.0;7816.0;596.0
1902;5209.0;Erval Velho;SC;4290.0;4885.0;595.0
1903;8402.0;São José da Tapera;AL;30009.0;30604.0;595.0
1904;12405.0;Japurá;PR;8549.0;9144.0;595.0
1905;1257.0;Ararendá;CE;10501.0;11096.0;595.0
1906;8078.0;Fazenda Vilanova;RS;3697.0;4291.0;594.0
1907;7950.0;Tacuru;MS;10215.0;10808.0;593.0
1908;15149.0;Presidente Lucena;RS;2484.0;3077.0;593.0
1909;4050.0;Bonito;BA;15254.0;15844.0;590.0
1910;16059.0;Missal;PR;10474.0;11064.0;590.0
1911;50209.0;São Miguel Arcanjo;SP;31450.0;32039.0;589.0
1912;2208.0;Araguatins;TO;31329.0;31918.0;589.0
1913;4658.0;São Domingos do Norte;ES;8001.0;8589.0;588.0
1914;7604.0;Bom Jesus da Penha;MG;3887.0;4474.0;587.0
1915;21551.0;Turvelândia;GO;4399.0;4985.0;586.0
1916;14605.0;Upanema;RN;12992.0;13577.0;585.0
1917;1803.0;Carneiros;AL;8415.0;8999.0;584.0
1918;10301.0;Caldas;MG;13633.0;14217.0;584.0
1919;12009.0;Lajeado;TO;2773.0;3357.0;584.0
1920;6104.0;Primavera;PA;10268.0;10851.0;583.0
1921;6824.0;Canudos;BA;15522.0;16105.0;583.0
1922;26605.0;Lavrinhas;SP;6590.0;7171.0;581.0
1923;40308.0;Marliéria;MG;4012.0;4592.0;580.0
1924;12700.0;Petrolândia;SC;6136.0;6716.0;580.0
1925;2000.0;Buriti dos Lopes;PI;19074.0;19654.0;580.0
1926;8857.0;Nova Marilândia;MT;2949.0;3529.0;580.0
1927;14706.0;Rio dos Cedros;SC;10286.0;10865.0;579.0
1928;6706.0;Mirador;MA;20452.0;21030.0;578.0
1929;69356.0;Três Marias;MG;28318.0;28895.0;577.0
1930;2859.0;Braço do Trombudo;SC;3451.0;4026.0;575.0
1931;33601.0;Nuporanga;SP;6817.0;7391.0;574.0
1932;12762.0;Riachão do Poço;PB;4164.0;4738.0;574.0
1933;6305.0;Cristianópolis;GO;2932.0;3504.0;572.0
1934;6358.0;Paranhos;MS;12350.0;12921.0;571.0
1935;48707.0;Pedra Azul;MG;23839.0;24410.0;571.0
1936;11789.0;Serrano do Maranhão;MA;9632.0;10202.0;570.0
1937;28007.0;Macatuba;SP;16259.0;16829.0;570.0
1938;4403.0;Chã de Alegria;PE;12414.0;12984.0;570.0
1939;17208.0;Guaiçara;SP;10670.0;11239.0;569.0
1940;12506.0;Tutóia;MA;52788.0;53356.0;568.0
1941;1803.0;Divino de São Lourenço;ES;4516.0;5083.0;567.0
1942;35308.0;Japaraíba;MG;3939.0;4506.0;567.0
1943;18789.0;Rio Quente;GO;3298.0;3864.0;566.0
1944;49002.0;Pedra Dourada;MG;2191.0;2757.0;566.0
1945;10401.0;São Benedito do Rio Preto;MA;17799.0;18364.0;565.0
1946;17334.0;Iuiu;BA;10553.0;11118.0;565.0
1947;605.0;São Luiz;RR;6750.0;7315.0;565.0
1948;3205.0;Colíder;MT;30807.0;31370.0;563.0
1949;2402.0;Carnaúba dos Dantas;RN;7429.0;7992.0;563.0
1950;2553.0;Ibitirama;ES;8957.0;9520.0;563.0
1951;30556.0;Imbé de Minas;MG;6424.0;6986.0;562.0
1952;10538.0;Itaara;RS;5010.0;5572.0;562.0
1953;3508.0;Belo Campo;BA;17851.0;18412.0;561.0
1954;154.0;Água Doce do Maranhão;MA;11581.0;12142.0;561.0
1955;1351.0;Assunção;PB;3594.0;4152.0;558.0
1956;27502.0;Tibagi;PR;19403.0;19961.0;558.0
1957;808.0;Alfredo Marcondes;SP;3891.0;4445.0;554.0
1958;5004.0;Cupira;PE;22964.0;23518.0;554.0
1959;6506.0;Darcinópolis;TO;5273.0;5827.0;554.0
1960;1534.0;Baraúna;PB;4210.0;4762.0;552.0
1961;17108.0;Conceição da Aparecida;MG;9820.0;10371.0;551.0
1962;3002.0;Faro;PA;8177.0;8728.0;551.0
1963;42809.0;Monte Alegre de Minas;MG;19619.0;20170.0;551.0
1964;46504.0;Santa Ernestina;SP;5568.0;6118.0;550.0
1965;4099.0;Formosa da Serra Negra;MA;17169.0;17719.0;550.0
1966;427.0;Rodrigues Alves;AC;14389.0;14938.0;549.0
1967;5455.0;Cezarina;GO;7542.0;8090.0;548.0
1968;5904.0;Colorado;PR;22349.0;22896.0;547.0
1969;9957.0;Canas;SP;4385.0;4931.0;546.0
1970;20504.0;Serranópolis;GO;7481.0;8027.0;546.0
1971;52908.0;Taciba;SP;5714.0;6260.0;546.0
1972;2504.0;Ibiraçu;ES;11178.0;11723.0;545.0
1973;21469.0;Tio Hugo;RS;2724.0;3267.0;543.0
1974;19906.0;Córrego do Bom Jesus;MG;3730.0;4272.0;542.0
1975;21436.0;Terra de Areia;RS;9793.0;10334.0;541.0
1976;3800.0;Buriti do Tocantins;TO;9768.0;10307.0;539.0
1977;5459.0;Fernando de Noronha;PE;2630.0;3167.0;537.0
1978;6607.0;Matões;MA;31638.0;32174.0;536.0
1979;14300.0;Rancho Queimado;SC;2744.0;3279.0;535.0
1980;31407.0;Monte Aprazível;SP;21746.0;22280.0;534.0
1981;5308.0;Faxinal dos Guedes;SC;10661.0;11192.0;531.0
1982;6309.0;Belo Oriente;MG;23397.0;23928.0;531.0
1983;4408.0;Grossos;RN;9393.0;9924.0;531.0
1984;9409.0;Laguna;SC;42255.0;42785.0;530.0
1985;14402.0;Carmo do Rio Claro;MG;20426.0;20954.0;528.0
1986;41059.0;Pratânia;SP;4599.0;5126.0;527.0
1987;46008.0;Ouro Fino;MG;31568.0;32094.0;526.0
1988;1507.0;Batalha;PI;25774.0;26300.0;526.0
1989;12702.0;Mateiros;TO;2223.0;2748.0;525.0
1990;11704.0;Jaboti;PR;4902.0;5427.0;525.0
1991;23304.0;Dores do Turvo;MG;4462.0;4987.0;525.0
1992;577.0;Algodão de Jandaíra;PB;2429.0;2953.0;524.0
1993;1504.0;Aporé;GO;3803.0;4325.0;522.0
1994;3107.0;Cristino Castro;PI;9981.0;10503.0;522.0
1995;23303.0;Santa Cruz de Monte Castelo;PR;8092.0;8613.0;521.0
1996;42403.0;Moema;MG;7028.0;7548.0;520.0
1997;1929.0;Bonfim do Piauí;PI;5393.0;5913.0;520.0
1998;13602.0;Careaçu;MG;6298.0;6816.0;518.0
1999;4007.0;Glória de Dourados;MS;9927.0;10444.0;517.0
2000;9156.0;Marizópolis;PB;6188.0;6705.0;517.0
2001;936.0;Carapebus;RJ;13330.0;13847.0;517.0
2002;3842.0;Campos Lindos;TO;8139.0;8653.0;514.0
2003;2500.0;Baianópolis;BA;13100.0;13614.0;514.0
2004;13005.0;Solonópole;CE;17665.0;18179.0;514.0
2005;46108.0;Santa Clara d'Oeste;SP;2084.0;2598.0;514.0
2006;37403.0;Lagoa Dourada;MG;12256.0;12769.0;513.0
2007;13955.0;Varjota;CE;17593.0;18105.0;512.0
2008;1701.0;Bom Jesus;RN;9440.0;9952.0;512.0
2009;7508.0;São João do Araguaia;PA;13155.0;13664.0;509.0
2010;62906.0;São João Nepomuceno;MG;25057.0;25565.0;508.0
2011;5521.0;Colinas do Sul;GO;3523.0;4030.0;507.0
2012;27404.0;Gonçalves;MG;4220.0;4727.0;507.0
2013;5100.0;Dona Emma;SC;3715.0;4221.0;506.0
2014;23908.0;Entre Rios de Minas;MG;14242.0;14746.0;504.0
2015;1203.0;Areial;PB;6624.0;7128.0;504.0
2016;17801.0;Conceição dos Ouros;MG;10377.0;10880.0;503.0
2017;359.0;Alto Boa Vista;MT;5212.0;5715.0;503.0
2018;9605.0;Horizontina;RS;18348.0;18851.0;503.0
2019;18400.0;Treze de Maio;SC;6859.0;7362.0;503.0
2020;10905.0;Campanha;MG;15433.0;15935.0;502.0
2021;3206.0;Curimatá;PI;10768.0;11270.0;502.0
2022;8255.0;Bonito de Minas;MG;9703.0;10204.0;501.0
2023;2729.0;Cocal dos Alves;PI;5885.0;6386.0;501.0
2024;10206.0;Dom Macedo Costa;BA;3907.0;4407.0;500.0
2025;23800.0;Itobi;SP;7546.0;8046.0;500.0
2026;30102.0;Mirandópolis;SP;27483.0;27983.0;500.0
2027;7306.0;Doutor Camargo;PR;5828.0;6327.0;499.0
2028;27008.0;Fronteira;MG;14041.0;14540.0;499.0
2029;25931.0;Quixabeira;BA;8962.0;9461.0;499.0
2030;34301.0;Itumirim;MG;6139.0;6638.0;499.0
2031;3370.0;Brasilândia do Sul;PR;3209.0;3708.0;499.0
2032;16950.0;Nova Esperança do Sudoeste;PR;5098.0;5597.0;499.0
2033;5208.0;Caturaí;GO;4686.0;5184.0;498.0
2034;2050.0;Alto Caparaó;MG;5297.0;5795.0;498.0
2035;1243.0;Aral Moreira;MS;10251.0;10748.0;497.0
2036;1970.0;Boa Vista do Gurupi;MA;7078.0;7574.0;496.0
2037;7800.0;Santo Antônio do Leverger;MT;14751.0;15246.0;495.0
2038;2159.0;Bodoquena;MS;8072.0;8567.0;495.0
2039;9396.0;Maturéia;PB;5939.0;6433.0;494.0
2040;20870.0;Curral de Dentro;MG;6913.0;7406.0;493.0
2041;21007.0;Taquaral de Goiás;GO;3534.0;4026.0;492.0
2042;26103.0;Retirolândia;BA;13159.0;13651.0;492.0
2043;507.0;Alcântaras;CE;10877.0;11369.0;492.0
2044;4300.0;Caçu;GO;13283.0;13774.0;491.0
2045;5903.0;Nobres;MT;15002.0;15492.0;490.0
2046;4402.0;Gilbués;PI;10402.0;10892.0;490.0
2047;56452.0;Rosário da Limeira;MG;4247.0;4734.0;487.0
2048;25600.0;Presidente Dutra;BA;14643.0;15130.0;487.0
2049;951.0;Comendador Levy Gasparian;RJ;8254.0;8741.0;487.0
2050;13807.0;Uruburetama;CE;19703.0;20189.0;486.0
2051;65701.0;Senador Firmino;MG;7230.0;7716.0;486.0
2052;20442.0;Ilha Solteira;SP;25064.0;25549.0;485.0
2053;207.0;Abaré;BA;17155.0;17639.0;484.0
2054;21809.0;Urutaí;GO;3070.0;3553.0;483.0
2055;8008.0;Terenos;MS;17169.0;17652.0;483.0
2056;3806.0;Florânia;RN;9713.0;10196.0;483.0
2057;16701.0;São José do Cedro;SC;13684.0;14167.0;483.0
2058;55702.0;Rio Piracicaba;MG;14149.0;14631.0;482.0
2059;7402.0;Edéia;GO;11266.0;11747.0;481.0
2060;5905.0;Barroso;MG;19599.0;20080.0;481.0
2061;1454.0;Aparecida do Rio Doce;GO;2427.0;2907.0;480.0
2062;10001.0;Palhano;CE;8866.0;9346.0;480.0
2063;3554.0;Conceição do Lago-Açu;MA;14436.0;14915.0;479.0
2064;15305.0;Quaraí;RS;23021.0;23500.0;479.0
2065;31000.0;Inhaúma;MG;5760.0;6239.0;479.0
2066;6702.0;Herval d'Oeste;SC;21246.0;21724.0;478.0
2067;4300.0;Muribeca;SE;7344.0;7822.0;478.0
2068;6701.0;Damianópolis;GO;3292.0;3770.0;478.0
2069;16706.0;Teixeira;PB;14153.0;14631.0;478.0
2070;32702.0;Nipoã;SP;4274.0;4750.0;476.0
2071;60900.0;São Brás do Suaçuí;MG;3513.0;3989.0;476.0
2072;7309.0;Jacaraú;PB;14004.0;14477.0;473.0
2073;11504.0;Quixeré;CE;20401.0;20874.0;473.0
2074;9458.0;Ocara;CE;24020.0;24493.0;473.0
2075;19306.0;Lençóis;BA;10302.0;10774.0;472.0
2076;5603.0;Jardim de Piranhas;RN;13506.0;13977.0;471.0
2077;47908.0;Santo Antônio da Alegria;SP;6304.0;6775.0;471.0
2078;1960.0;Brasileira;PI;7966.0;8436.0;470.0
2079;4807.0;São José do Calçado;ES;10408.0;10878.0;470.0
2080;4651.0;Governador Newton Bello;MA;10245.0;10713.0;468.0
2081;10609.0;São Bernardo;MA;26476.0;26943.0;467.0
2082;12204.0;Jussara;GO;19153.0;19620.0;467.0
2083;4604.0;Mocajuba;PA;26731.0;27198.0;467.0
2084;5565.0;Lagoa do Barro do Piauí;PI;4530.0;4995.0;465.0
2085;25357.0;São Jorge do Patrocínio;PR;6041.0;6504.0;463.0
2086;1850.0;Guapimirim;RJ;51233.0;51696.0;463.0
2087;1152.0;Alumínio;SP;16839.0;17301.0;462.0
2088;1945.0;Boqueirão do Piauí;PI;6083.0;6545.0;462.0
2089;10562.0;Itaguari;GO;4503.0;4963.0;460.0
2090;1002.0;Ananás;TO;9865.0;10325.0;460.0
2091;2502.0;Magé;RJ;227667.0;228127.0;460.0
2092;9403.0;Cajuru;SP;23371.0;23830.0;459.0
2093;16904.0;Uiraúna;PB;14472.0;14930.0;458.0
2094;2653.0;Caxingó;PI;5039.0;5496.0;457.0
2095;41802.0;Queiroz;SP;2808.0;3265.0;457.0
2096;3926.0;Carnaubeira da Penha;PE;11782.0;12239.0;457.0
2097;30904.0;Mombuca;SP;3266.0;3722.0;456.0
2098;41306.0;Medeiros;MG;3444.0;3900.0;456.0
2099;64472.0;São Sebastião do Anta;MG;5739.0;6194.0;455.0
2100;8205.0;Formoso do Araguaia;TO;18427.0;18881.0;454.0
2101;55000.0;Tupã;SP;63476.0;63928.0;452.0
2102;6455.0;Planalto da Serra;MT;2716.0;3166.0;450.0
2103;2805.0;Brejo do Cruz;PB;13163.0;13613.0;450.0
2104;11706.0;Charqueada;SP;15085.0;15535.0;450.0
2105;7802.0;Itaquitinga;PE;16105.0;16554.0;449.0
2106;8904.0;Getúlio Vargas;RS;16154.0;16602.0;448.0
2107;18503.0;Guareí;SP;14565.0;15013.0;448.0
2108;12002.0;Pocinhos;PB;17022.0;17469.0;447.0
2109;7308.0;Boracéia;SP;4268.0;4715.0;447.0
2110;17203.0;Piranhas;GO;11266.0;11712.0;446.0
2111;14456.0;Pinhal;RS;2513.0;2959.0;446.0
2112;18206.0;Guararapes;SP;30597.0;31043.0;446.0
2113;4559.0;Itaúba;MT;4575.0;5020.0;445.0
2114;13104.0;Tabuleiro do Norte;CE;30209.0;30652.0;443.0
2115;64308.0;São Roque de Minas;MG;6686.0;7129.0;443.0
2116;1305.0;Campo Grande;RN;9289.0;9730.0;441.0
2117;6004.0;Esperança;PB;30792.0;31231.0;439.0
2118;23309.0;Vila Flores;RS;3207.0;3646.0;439.0
2119;26355.0;Serranópolis do Iguaçu;PR;4568.0;5007.0;439.0
2120;3708.0;Macambira;SE;6401.0;6838.0;437.0
2121;22355.0;Divisa Alegre;MG;5884.0;6321.0;437.0
2122;42304.0;Moeda;MG;4689.0;5125.0;436.0
2123;28303.0;Guaranésia;MG;18714.0;19150.0;436.0
2124;7883.0;Serra Nova Dourada;MT;1365.0;1800.0;435.0
2125;17503.0;Pium;TO;6694.0;7128.0;434.0
2126;9808.0;Orocó;PE;13180.0;13613.0;433.0
2127;31109.0;Inimutaba;MG;6939.0;7371.0;432.0
2128;5601.0;Peixe-Boi;PA;7854.0;8285.0;431.0
2129;51701.0;Poço Fundo;MG;15959.0;16390.0;431.0
2130;16001.0;Chalé;MG;5645.0;6075.0;430.0
2131;68309.0;Taquaraçu de Minas;MG;3794.0;4224.0;430.0
2132;11408.0;Primavera;PE;13409.0;13838.0;429.0
2133;8104.0;Mauriti;CE;45132.0;45561.0;429.0
2134;19006.0;Herculândia;SP;8696.0;9125.0;429.0
2135;11775.0;Maquiné;RS;6989.0;7418.0;429.0
2136;2133.0;Campo Grande do Piauí;PI;5592.0;6020.0;428.0
2137;707.0;Alvorada;TO;8374.0;8802.0;428.0
2138;31158.0;Ipaba;MG;16708.0;17136.0;428.0
2139;10708.0;São Domingos do Maranhão;MA;33607.0;34034.0;427.0
2140;6205.0;Lagoa d'Anta;RN;6227.0;6654.0;427.0
2141;9106.0;Caiuá;SP;5039.0;5466.0;427.0
2142;12754.0;Riachão do Bacamarte;PB;4264.0;4690.0;426.0
2143;22653.0;Itapirapuã Paulista;SP;3880.0;4306.0;426.0
2144;35002.0;Palestina;SP;11051.0;11476.0;425.0
2145;8200.0;Conceição da Feira;BA;20375.0;20800.0;425.0
2146;19105.0;Iacanga;SP;10013.0;10437.0;424.0
2147;9106.0;Presidente Dutra;MA;44731.0;45155.0;424.0
2148;45851.0;Oratórios;MG;4493.0;4917.0;424.0
2149;32909.0;Itamogi;MG;10349.0;10770.0;421.0
2150;7456.0;Borebi;SP;2293.0;2713.0;420.0
2151;851.0;Arambaré;RS;3693.0;4112.0;419.0
2152;2809.0;Avelinópolis;GO;2450.0;2868.0;418.0
2153;9103.0;Taquarana;AL;18615.0;19032.0;417.0
2154;4809.0;Japorã;MS;7731.0;8148.0;417.0
2155;68408.0;Tarumirim;MG;14293.0;14709.0;416.0
2156;4607.0;Nossa Senhora das Dores;SE;24580.0;24996.0;416.0
2157;5207.0;Cerro Largo;RS;13289.0;13705.0;416.0
2158;4236.0;Croatá;CE;17066.0;17481.0;415.0
2159;5005.0;Barão de Antonina;SP;3116.0;3531.0;415.0
2160;11407.0;Ivaí;PR;12815.0;13229.0;414.0
2161;2506.0;Brejinho;PE;7307.0;7720.0;413.0
2162;13102.0;Senador Elói de Souza;RN;5553.0;5965.0;412.0
2163;33455.0;Wanderley;BA;12558.0;12968.0;410.0
2164;67509.0;Simão Pereira;MG;2537.0;2947.0;410.0
2165;3956.0;Chorozinho;CE;19753.0;20163.0;410.0
2166;12809.0;Senador Sá;CE;6852.0;7262.0;410.0
2167;35357.0;Japonvar;MG;7718.0;8127.0;409.0
2168;4502.0;Chã Grande;PE;20137.0;20546.0;409.0
2169;3555.0;Cacimbas;PB;6814.0;7223.0;409.0
2170;6156.0;Varre-Sai;RJ;9798.0;10207.0;409.0
2171;15608.0;Fernando Prestes;SP;5534.0;5942.0;408.0
2172;8404.0;Vicentina;MS;5929.0;6336.0;407.0
2173;9177.0;Jupiá;SC;2148.0;2555.0;407.0
2174;17909.0;Ponte Alta do Tocantins;TO;7180.0;7586.0;406.0
2175;4107.0;Fortaleza dos Nogueiras;MA;12234.0;12640.0;406.0
2176;58904.0;Santana do Manhuaçu;MG;8582.0;8987.0;405.0
2177;225.0;Areal;RJ;11423.0;11828.0;405.0
2178;5607.0;Cidade Gaúcha;PR;11062.0;11467.0;405.0
2179;706.0;Atílio Vivácqua;ES;10135.0;10540.0;405.0
2180;22730.0;Nova Fátima;BA;7563.0;7967.0;404.0
2181;19100.0;Santa Bárbara de Goiás;GO;5746.0;6149.0;403.0
2182;4508.0;Rio das Flores;RJ;8552.0;8954.0;402.0
2183;14904.0;Rio Fortuna;SC;4446.0;4847.0;401.0
2184;6805.0;Bocaina;SP;10859.0;11259.0;400.0
2185;556.0;Águas Frias;SC;2439.0;2839.0;400.0
2186;18840.0;Sandolândia;TO;3326.0;3723.0;397.0
2187;8609.0;Monsenhor Tabosa;CE;16753.0;17149.0;396.0
2188;7456.0;Olinda Nova do Maranhão;MA;13181.0;13577.0;396.0
2189;15002.0;Marilena;PR;6858.0;7253.0;395.0
2190;23528.0;Durandé;MG;7423.0;7817.0;394.0
2191;7198.0;Ribeirãozinho;MT;2199.0;2593.0;394.0
2192;27388.0;Goianá;MG;3659.0;4053.0;394.0
2193;52007.0;Silveiras;SP;5792.0;6186.0;394.0
2194;4708.0;São Gabriel da Palha;ES;31859.0;32252.0;393.0
2195;30606.0;Inconfidentes;MG;6908.0;7301.0;393.0
2196;2204.0;Boa Vista do Buricá;RS;6574.0;6966.0;392.0
2197;7900.0;Pedro II;PI;37502.0;37894.0;392.0
2198;8208.0;Lagoa de Dentro;PB;7428.0;7819.0;391.0
2199;8908.0;Guairaçá;PR;6197.0;6587.0;390.0
2200;3558.0;Camargo;RS;2592.0;2981.0;389.0
2201;22052.0;Mulungu do Morro;BA;12763.0;13152.0;389.0
2202;38807.0;Luz;MG;17486.0;17875.0;389.0
2203;26406.0;Fortuna de Minas;MG;2705.0;3093.0;388.0
2204;7252.0;Major Sales;RN;3536.0;3924.0;388.0
2205;9452.0;Campina do Monte Alegre;SP;5567.0;5954.0;387.0
2206;52105.0;Ponte Nova;MG;57390.0;57776.0;386.0
2207;13206.0;Carandaí;MG;23427.0;23812.0;385.0
2208;5175.0;Entre Rios;SC;3018.0;3402.0;384.0
2209;14453.0;São José dos Ramos;PB;5508.0;5891.0;383.0
2210;4105.0;Campo do Tenente;PR;7125.0;7508.0;383.0
2211;1103.0;Axixá;MA;11407.0;11790.0;383.0
2212;14001.0;Paraí;RS;6812.0;7194.0;382.0
2213;709.0;Tartarugalzinho;AP;12563.0;12945.0;382.0
2214;35408.0;Panorama;SP;14583.0;14964.0;381.0
2215;50406.0;Piedade dos Gerais;MG;4640.0;5019.0;379.0
2216;3354.0;Dirceu Arcoverde;PI;6675.0;7054.0;379.0
2217;56601.0;Rubim;MG;9919.0;10298.0;379.0
2218;14100.0;Tenente Ananias;RN;9883.0;10262.0;379.0
2219;1150.0;Ângulo;PR;2859.0;3235.0;376.0
2220;1109.0;Anitápolis;SC;3218.0;3593.0;375.0
2221;5036.0;Vargem Alta;ES;19188.0;19563.0;375.0
2222;3361.0;Conquista D'Oeste;MT;3385.0;3760.0;375.0
2223;17901.0;Guaraci;SP;9976.0;10350.0;374.0
2224;30409.0;Mirassolândia;SP;4295.0;4669.0;374.0
2225;4607.0;Campestre de Goiás;GO;3382.0;3755.0;373.0
2226;3802.0;Dom Pedro;MA;22681.0;23053.0;372.0
2227;22000.0;Itaju;SP;3246.0;3618.0;372.0
2228;607.0;Barra de São Miguel;AL;7574.0;7944.0;370.0
2229;708.0;Anastácio;MS;23744.0;24114.0;370.0
2230;35902.0;Jesuânia;MG;4768.0;5138.0;370.0
2231;9005.0;Goiatins;TO;12064.0;12433.0;369.0
2232;5133.0;São José de Ubá;RJ;6702.0;7070.0;368.0
2233;150.0;Acarape;CE;13661.0;14027.0;366.0
2234;19001.0;Sanclerlândia;GO;7554.0;7918.0;364.0
2235;22603.0;Dom Joaquim;MG;4535.0;4899.0;364.0
2236;41703.0;Quatá;SP;12799.0;13163.0;364.0
2237;5871.0;Coronel Barros;RS;2459.0;2822.0;363.0
2238;803.0;Alvorada do Norte;GO;8084.0;8446.0;362.0
2239;69000.0;Tocantins;MG;15823.0;16185.0;362.0
2240;23035.0;Novo Horizonte;BA;10801.0;11162.0;361.0
2241;4853.0;Itajá;RN;6932.0;7292.0;360.0
2242;4659.0;Ilha Grande;PI;8914.0;9274.0;360.0
2243;2052.0;Bernardino Batista;PB;3145.0;3504.0;359.0
2244;1157.0;Cardoso Moreira;RJ;12600.0;12958.0;358.0
2245;43006.0;Ribeirão Branco;SP;18269.0;18627.0;358.0
2246;29370.0;São José do Jacuípe;BA;9830.0;10187.0;357.0
2247;19808.0;Icém;SP;7462.0;7819.0;357.0
2248;57154.0;Zacarias;SP;2335.0;2692.0;357.0
2249;34609.0;Osvaldo Cruz;SP;30917.0;31272.0;355.0
2250;18859.0;Guatapará;SP;6966.0;7320.0;354.0
2251;36603.0;Nova União;MG;5555.0;5909.0;354.0
2252;3073.0;Barra do Ouro;TO;4123.0;4476.0;353.0
2253;18481.0;São José do Hortêncio;RS;4094.0;4447.0;353.0
2254;1504.0;Cordeiro;RJ;20430.0;20783.0;353.0
2255;42107.0;Rafard;SP;8612.0;8965.0;353.0
2256;52600.0;Pouso Alto;MG;6213.0;6566.0;353.0
2257;11603.0;Nova Veneza;SC;13312.0;13664.0;352.0
2258;7792.0;Santo Antônio do Leste;MT;3748.0;4099.0;351.0
2259;19202.0;Pinhalão;PR;6215.0;6566.0;351.0
2260;18808.0;Sampaio;TO;3864.0;4215.0;351.0
2261;1504.0;Carmópolis;SE;13503.0;13853.0;350.0
2262;9809.0;Campos Novos Paulista;SP;4539.0;4888.0;349.0
2263;34203.0;Orindiúva;SP;5675.0;6024.0;349.0
2264;6304.0;Lagoa de Pedras;RN;6989.0;7338.0;349.0
2265;20150.0;São Félix do Tocantins;TO;1437.0;1783.0;346.0
2266;6422.0;Pariconha;AL;10227.0;10573.0;346.0
2267;13005.0;Pinheiro Preto;SC;3127.0;3473.0;346.0
2268;9270.0;Presidente Sarney;MA;17165.0;17511.0;346.0
2269;5439.0;Chuí;RS;5917.0;6262.0;345.0
2270;4707.0;Cunha Porã;SC;10609.0;10953.0;344.0
2271;1308.0;Codajás;AM;23206.0;23549.0;343.0
2272;19955.0;Córrego Fundo;MG;5790.0;6133.0;343.0
2273;10951.0;Pires Ferreira;CE;10263.0;10606.0;343.0
2274;501.0;Alto Parnaíba;MA;10766.0;11109.0;343.0
2275;7208.0;Bocaina de Minas;MG;5007.0;5348.0;341.0
2276;8802.0;Malta;PB;5706.0;6046.0;340.0
2277;775.0;Aparecida;PB;7620.0;7960.0;340.0
2278;19704.0;Santa Terezinha de Goiás;GO;10306.0;10645.0;339.0
2279;536.0;Alcantil;PB;5239.0;5578.0;339.0
2280;42503.0;Reginópolis;SP;7323.0;7662.0;339.0
2281;37536.0;Lagoa Grande;MG;8631.0;8969.0;338.0
2282;21505.0;Rebouças;PR;14176.0;14514.0;338.0
2283;63102.0;São José da Varginha;MG;4198.0;4536.0;338.0
2284;7606.0;Juarez Távora;PB;7459.0;7796.0;337.0
2285;68705.0;Timóteo;MG;81243.0;81579.0;336.0
2286;9107.0;Mari;PB;21176.0;21512.0;336.0
2287;10103.0;Caiana;MG;4968.0;5304.0;336.0
2288;3902.0;Camalaú;PB;5749.0;6085.0;336.0
2289;21257.0;Tupirama;TO;1574.0;1909.0;335.0
2290;43105.0;Ribeirão Corrente;SP;4273.0;4608.0;335.0
2291;21857.0;Três Palmeiras;RS;4381.0;4716.0;335.0
2292;7704.0;Braúna;SP;5021.0;5356.0;335.0
2293;55801.0;Rio Pomba;MG;17110.0;17443.0;333.0
2294;28253.0;Guaraciama;MG;4718.0;5051.0;333.0
2295;8801.0;Pirapemas;MA;17381.0;17714.0;333.0
2296;1919.0;Bom Princípio do Piauí;PI;5304.0;5636.0;332.0
2297;10107.0;Dom Basílio;BA;11553.0;11884.0;331.0
2298;10631.0;Sebastião Leal;PI;4116.0;4446.0;330.0
2299;33406.0;Wagner;BA;9173.0;9503.0;330.0
2300;20859.0;Tabaí;RS;4131.0;4461.0;330.0
2301;17206.0;Nova Olímpia;PR;5503.0;5833.0;330.0
2302;11601.0;São Bento do Norte;RN;2975.0;3304.0;329.0
2303;3909.0;Campina da Lagoa;PR;15394.0;15723.0;329.0
2304;6503.0;Cromínia;GO;3555.0;3883.0;328.0
2305;646.0;Ametista do Sul;RS;7323.0;7650.0;327.0
2306;50505.0;Pimenta;MG;8236.0;8563.0;327.0
2307;12401.0;São José do Seridó;RN;4231.0;4558.0;327.0
2308;1206.0;Arês;RN;12924.0;13251.0;327.0
2309;6303.0;Canavieiras;BA;32357.0;32683.0;326.0
2310;8105.0;Santana do Mundaú;AL;10997.0;11323.0;326.0
2311;15401.0;São Vicente do Seridó;PB;9966.0;10291.0;325.0
2312;6903.0;Bicas;MG;13653.0;13978.0;325.0
2313;7736.0;Fernandes Pinheiro;PR;5932.0;6255.0;323.0
2314;7108.0;Olho D'Água do Piauí;PI;2314.0;2637.0;323.0
2315;15458.0;Catuji;MG;6708.0;7030.0;322.0
2316;10900.0;Riachuelo;RN;7067.0;7389.0;322.0
2317;6001.0;Couto Magalhães;TO;5009.0;5331.0;322.0
2318;18614.0;São José do Sul;RS;2058.0;2380.0;322.0
2319;12704.0;Corumbataí;SP;3874.0;4195.0;321.0
2320;32306.0;Natividade da Serra;SP;6678.0;6999.0;321.0
2321;4950.0;Nova Esperança do Piriá;PA;20158.0;20478.0;320.0
2322;3106.0;Jerônimo Monteiro;ES;11255.0;11575.0;320.0
2323;6803.0;Nossa Senhora dos Remédios;PI;8206.0;8525.0;319.0
2324;54200.0;Resende Costa;MG;10913.0;11230.0;317.0
2325;13953.0;Pantano Grande;RS;9895.0;10212.0;317.0
2326;7303.0;Telha;SE;2957.0;3274.0;317.0
2327;12101.0;Pombal;PB;32157.0;32473.0;316.0
2328;14408.0;Nazário;GO;7874.0;8189.0;315.0
2329;3504.0;Camocim de São Félix;PE;17104.0;17419.0;315.0
2330;17057.0;Nova Laranjeiras;PR;11759.0;12074.0;315.0
2331;64431.0;São Sebastião da Vargem Alegre;MG;2798.0;3113.0;315.0
2332;6605.0;Monte Alegre do Piauí;PI;10345.0;10660.0;315.0
2333;5251.0;Laguna Carapã;MS;6486.0;6799.0;313.0
2334;8152.0;Gameleira de Goiás;GO;3143.0;3456.0;313.0
2335;1556.0;Bela Vista do Piauí;PI;3778.0;4091.0;313.0
2336;8406.0;Lastro;PB;2850.0;3162.0;312.0
2337;13700.0;Monte Santo do Tocantins;TO;2085.0;2396.0;311.0
2338;36570.0;Paulistânia;SP;1779.0;2090.0;311.0
2339;1102.0;Aimorés;MG;24959.0;25269.0;310.0
2340;13011.0;Nova Candelária;RS;2751.0;3061.0;310.0
2341;70503.0;Urucânia;MG;10291.0;10600.0;309.0
2342;707.0;Anísio de Abreu;PI;9098.0;9407.0;309.0
2343;6404.0;Santana do São Francisco;SE;7038.0;7346.0;308.0
2344;57278.0;Santa Bárbara do Monte Verde;MG;2788.0;3095.0;307.0
2345;12476.0;Morro Reuter;RS;5722.0;6029.0;307.0
2346;21309.0;Ipuã;SP;14148.0;14454.0;306.0
2347;30003.0;Mira Estrela;SP;2820.0;3126.0;306.0
2348;2737.0;Coivaras;PI;3811.0;4117.0;306.0
2349;4601.0;Condado;PE;24282.0;24587.0;305.0
2350;23770.0;Westfália;RS;2793.0;3098.0;305.0
2351;49706.0;São José do Rio Pardo;SP;51900.0;52205.0;305.0
2352;34509.0;Itutinga;MG;3913.0;4217.0;304.0
2353;807.0;Aguanil;MG;4054.0;4357.0;303.0
2354;8207.0;Buritizal;SP;4053.0;4356.0;303.0
2355;15008.0;Vila Flor;RN;2872.0;3174.0;302.0
2356;27009.0;Lindóia;SP;6712.0;7014.0;302.0
2357;28205.0;Macedônia;SP;3664.0;3963.0;299.0
2358;17297.0;Novo Itacolomi;PR;2827.0;3125.0;298.0
2359;13408.0;Igaporã;BA;15229.0;15527.0;298.0
2360;6405.0;Guaraciaba;SC;10498.0;10796.0;298.0
2361;4352.0;Geminiano;PI;5148.0;5445.0;297.0
2362;2002.0;Analândia;SP;4293.0;4589.0;296.0
2363;13153.0;Planalto Alegre;SC;2650.0;2946.0;296.0
2364;5703.0;Sumidouro;RJ;14911.0;15206.0;295.0
2365;15900.0;Palminópolis;GO;3556.0;3851.0;295.0
2366;50604.0;Piracema;MG;6406.0;6700.0;294.0
2367;13490.0;Novo Barreiro;RS;3978.0;4272.0;294.0
2368;53004.0;Pratinha;MG;3265.0;3559.0;294.0
2369;5458.0;Joca Marques;PI;5100.0;5394.0;294.0
2370;55.0;Serra do Navio;AP;4380.0;4673.0;293.0
2371;25209.0;São Jorge d'Oeste;PR;9085.0;9378.0;293.0
2372;4001.0;Boninal;BA;13330.0;13622.0;292.0
2373;8953.0;Rio do Fogo;RN;10059.0;10351.0;292.0
2374;55306.0;Rio Manso;MG;5276.0;5568.0;292.0
2375;11264.0;Quiterianópolis;CE;19921.0;20213.0;292.0
2376;26504.0;Sertanópolis;PR;15638.0;15930.0;292.0
2377;101.0;Abelardo Luz;SC;17100.0;17392.0;292.0
2378;2909.0;Capistrano;CE;16963.0;17254.0;291.0
2379;2659.0;Brochier;RS;4675.0;4966.0;291.0
2380;48202.0;Patrocínio do Muriaé;MG;5287.0;5576.0;289.0
2381;3406.0;Arealva;SP;7841.0;8130.0;289.0
2382;3408.0;Inhangapi;PA;10037.0;10325.0;288.0
2383;11908.0;São Francisco do Oeste;RN;3874.0;4161.0;287.0
2384;39102.0;Madre de Deus de Minas;MG;4904.0;5191.0;287.0
2385;8305.0;Borda da Mata;MG;17118.0;17404.0;286.0
2386;50539.0;Pingo-d'Água;MG;4420.0;4706.0;286.0
2387;4697.0;Capitão;RS;2636.0;2921.0;285.0
2388;2408.0;Anhumas;SP;3738.0;4023.0;285.0
2389;3057.0;Bandeirantes do Tocantins;TO;3122.0;3407.0;285.0
2390;71709.0;Virgínia;MG;8623.0;8908.0;285.0
2391;2059.0;Cabeceiras do Piauí;PI;9928.0;10212.0;284.0
2392;15904.0;Chácara;MG;2792.0;3075.0;283.0
2393;7403.0;Imbuia;SC;5699.0;5982.0;283.0
2394;18756.0;Tunápolis;SC;4633.0;4916.0;283.0
2395;11707.0;Pilõezinhos;PB;5046.0;5329.0;283.0
2396;16853.0;Gavião Peixoto;SP;4419.0;4702.0;283.0
2397;5540.0;Lagoinha do Piauí;PI;2656.0;2939.0;283.0
2398;2802.0;Conceição do Canindé;PI;4650.0;4932.0;282.0
2399;13003.0;São Vicente;RN;6028.0;6310.0;282.0
2400;5309.0;Luciara;MT;2227.0;2509.0;282.0
2401;7505.0;Bom Jardim de Minas;MG;6501.0;6783.0;282.0
2402;16708.0;Itaquara;BA;7871.0;8153.0;282.0
2403;6101.0;Glória do Goitá;PE;29065.0;29347.0;282.0
2404;10207.0;Portalegre;RN;7320.0;7601.0;281.0
2405;9339.0;Matinhas;PB;4290.0;4571.0;281.0
2406;32705.0;Uruçuca;BA;21140.0;21420.0;280.0
2407;35606.0;Paraibuna;SP;17388.0;17667.0;279.0
2408;16307.0;Munhoz de Melo;PR;3672.0;3951.0;279.0
2409;8504.0;Pindaré-Mirim;MA;31152.0;31429.0;277.0
2410;69802.0;Turvolândia;MG;4658.0;4935.0;277.0
2411;6806.0;Ingá;PB;17415.0;17692.0;277.0
2412;16956.0;Santa Maria do Herval;RS;6063.0;6340.0;277.0
2413;19752.0;São Vendelino;RS;1975.0;2251.0;276.0
2414;5332.0;Ibicuitinga;CE;11335.0;11611.0;276.0
2415;47709.0;Passa Tempo;MG;8197.0;8473.0;276.0
2416;4705.0;Ipanguaçu;RN;13856.0;14131.0;275.0
2417;20333.0;Prado Ferreira;PR;3434.0;3709.0;275.0
2418;46207.0;Santa Cruz da Conceição;SP;4002.0;4277.0;275.0
2419;18391.0;Professor Jamil;GO;3375.0;3649.0;274.0
2420;20301.0;Iguape;SP;28841.0;29115.0;274.0
2421;17214.0;Nova Santa Bárbara;PR;3912.0;4184.0;272.0
2422;459.0;Alvorada do Gurguéia;PI;5050.0;5322.0;272.0
2423;13908.0;Mallet;PR;13156.0;13428.0;272.0
2424;6409.0;Bilac;SP;7048.0;7319.0;271.0
2425;169.0;Água Doce do Norte;ES;11771.0;12042.0;271.0
2426;5152.0;Dormentes;PE;16917.0;17188.0;271.0
2427;2704.0;Buenos Aires;PE;12537.0;12808.0;271.0
2428;3305.0;Bom Jesus do Tocantins;TO;3768.0;4038.0;270.0
2429;8609.0;Jaborá;SC;4041.0;4310.0;269.0
2430;7109.0;Ingazeira;PE;4496.0;4765.0;269.0
2431;3163.0;Laranja da Terra;ES;10826.0;11094.0;268.0
2432;6001.0;Marcos Parente;PI;4456.0;4724.0;268.0
2433;3000.0;Aramina;SP;5152.0;5420.0;268.0
2434;7352.0;Edealina;GO;3733.0;4001.0;268.0
2435;24004.0;Santana do Itararé;PR;5249.0;5514.0;265.0
2436;20608.0;Indiana;SP;4825.0;5090.0;265.0
2437;19902.0;São Francisco de Goiás;GO;6114.0;6378.0;264.0
2438;12504.0;Marianópolis do Tocantins;TO;4352.0;4615.0;263.0
2439;45407.0;Salto Grande;SP;8787.0;9050.0;263.0
2440;39004.0;Pirangi;SP;10623.0;10885.0;262.0
2441;804.0;Antonina do Norte;CE;6984.0;7245.0;261.0
2442;24906.0;Eugenópolis;MG;10540.0;10801.0;261.0
2443;14508.0;Rio do Campo;SC;6192.0;6452.0;260.0
2444;1308.0;Arenápolis;MT;10316.0;10576.0;260.0
2445;12788.0;Riacho de Santo Antônio;PB;1696.0;1955.0;259.0
2446;11454.0;Nova Itaberaba;SC;4278.0;4536.0;258.0
2447;25854.0;Jumirim;SP;2798.0;3056.0;258.0
2448;19004.0;Santa Tereza do Tocantins;TO;2523.0;2781.0;258.0
2449;15354.0;Quinze de Novembro;RS;3653.0;3910.0;257.0
2450;17603.0;Conceição do Pará;MG;5158.0;5415.0;257.0
2451;1704.0;Conceição do Castelo;ES;11681.0;11937.0;256.0
2452;9937.0;Inaciolândia;GO;5699.0;5954.0;255.0
2453;5658.0;Junco do Maranhão;MA;4891.0;5146.0;255.0
2454;18350.0;Treviso;SC;3527.0;3782.0;255.0
2455;54705.0;Ribeirão Vermelho;MG;3826.0;4080.0;254.0
2456;12804.0;Riacho dos Cavalos;PB;8239.0;8493.0;254.0
2457;21001.0;Datas;MG;5211.0;5465.0;254.0
2458;3501.0;Campo Erê;SC;9370.0;9623.0;253.0
2459;65602.0;Senador Cortes;MG;1988.0;2240.0;252.0
2460;71006.0;Vazante;MG;19723.0;19975.0;252.0
2461;1404.0;Baía Formosa;RN;8573.0;8825.0;252.0
2462;2537.0;Bom Jesus;SC;2526.0;2777.0;251.0
2463;1492.0;São Francisco do Guaporé;RO;16035.0;16286.0;251.0
2464;3867.0;Cariri do Tocantins;TO;3756.0;4007.0;251.0
2465;8606.0;Conde;BA;23403.0;23654.0;251.0
2466;68051.0;Taparuba;MG;3137.0;3387.0;250.0
2467;5408.0;Monteirópolis;AL;6934.0;7184.0;250.0
2468;2554.0;Caridade do Piauí;PI;4783.0;5033.0;250.0
2469;1653.0;Arvoredo;SC;2260.0;2510.0;250.0
2470;65206.0;São Tomé das Letras;MG;6655.0;6904.0;249.0
2471;5557.0;Lagoa Alegre;PI;8008.0;8256.0;248.0
2472;12455.0;Santa Cruz;PE;13594.0;13841.0;247.0
2473;608.0;Alto Paraná;PR;13663.0;13909.0;246.0
2474;3909.0;Caseara;TO;4601.0;4847.0;246.0
2475;4702.0;Congo;PB;4687.0;4933.0;246.0
2476;13603.0;Cunha;SP;21866.0;22110.0;244.0
2477;2804.0;Carolina;MA;23818.0;24062.0;244.0
2478;5003.0;Catanduvas;PR;10202.0;10446.0;244.0
2479;16972.0;Santa Margarida do Sul;RS;2352.0;2596.0;244.0
2480;57336.0;Santa Cruz de Minas;MG;7865.0;8109.0;244.0
2481;1705.0;Bertolínia;PI;5319.0;5562.0;243.0
2482;3100.0;Cabaceiras;PB;5092.0;5335.0;243.0
2483;26308.0;Lagoinha;SP;4841.0;5083.0;242.0
2484;6009.0;Iracema;CE;13760.0;14001.0;241.0
2485;13406.0;Santa Luzia;PB;14719.0;14959.0;240.0
2486;6703.0;Ponte Branca;MT;1768.0;2008.0;240.0
2487;44375.0;Natalândia;MG;3280.0;3520.0;240.0
2488;33007.0;Nova Granada;SP;19180.0;19419.0;239.0
2489;5308.0;Ibiapina;CE;23726.0;23965.0;239.0
2490;5150.0;Vila Pavão;ES;8672.0;8911.0;239.0
2491;105.0;Afonso Cunha;MA;5905.0;6144.0;239.0
2492;5752.0;Tanguá;RJ;30848.0;31086.0;238.0
2493;2081.0;Bandeirante;SC;2906.0;3144.0;238.0
2494;4104.0;Lagoa da Canoa;AL;18219.0;18457.0;238.0
2495;19400.0;Piraí do Sul;PR;23413.0;23651.0;238.0
2496;29750.0;Saubara;BA;11201.0;11438.0;237.0
2497;48905.0;Pedra do Indaiá;MG;3875.0;4112.0;237.0
2498;33158.0;Várzea Nova;BA;13141.0;13377.0;236.0
2499;2407.0;Brejão;PE;8844.0;9079.0;235.0
2500;1708.0;Barra de São Miguel;PB;5671.0;5906.0;235.0
2501;24608.0;São Carlos do Ivaí;PR;6354.0;6587.0;233.0
2502;13309.0;Ichu;BA;5957.0;6190.0;233.0
2503;40407.0;Marmelópolis;MG;2968.0;3200.0;232.0
2504;18600.0;Paula Freitas;PR;5434.0;5666.0;232.0
2505;40002.0;Pompéia;SP;19964.0;20196.0;232.0
2506;37701.0;Piacatu;SP;5287.0;5519.0;232.0
2507;19356.0;São Pedro da Serra;RS;3316.0;3548.0;232.0
2508;19657.0;Pitangueiras;PR;2814.0;3046.0;232.0
2509;60009.0;Santo Antônio do Aventureiro;MG;3538.0;3769.0;231.0
2510;43204.0;Ribeirão do Sul;SP;4446.0;4677.0;231.0
2511;7705.0;Juazeirinho;PB;16776.0;17007.0;231.0
2512;10709.0;Passagem;PB;2233.0;2463.0;230.0
2513;3255.0;Curralinhos;PI;4183.0;4413.0;230.0
2514;3504.0;Douradina;MS;5349.0;5578.0;229.0
2515;1875.0;Barra do Quaraí;RS;4012.0;4241.0;229.0
2516;36901.0;Pedranópolis;SP;2558.0;2787.0;229.0
2517;5654.0;Ipaporanga;CE;11347.0;11575.0;228.0
2518;25200.0;Fama;MG;2350.0;2578.0;228.0
2519;11102.0;São João dos Patos;MA;24793.0;25020.0;227.0
2520;59357.0;Santa Rita de Minas;MG;6547.0;6773.0;226.0
2521;22805.0;Nova Itarana;BA;7554.0;7780.0;226.0
2522;34103.0;Itueta;MG;5830.0;6055.0;225.0
2523;44508.0;Nazareno;MG;7954.0;8179.0;225.0
2524;2438.0;Bocaina do Sul;SC;3290.0;3515.0;225.0
2525;11700.0;Machadinho;RS;5510.0;5735.0;225.0
2526;3157.0;Coronel Sapucaia;MS;14064.0;14289.0;225.0
2527;8007.0;Florestópolis;PR;11222.0;11446.0;224.0
2528;8956.0;Nova Monte Verde;MT;8089.0;8313.0;224.0
2529;21104.0;Medeiros Neto;BA;21971.0;22194.0;223.0
2530;11763.0;Senador La Rocque;MA;14479.0;14700.0;221.0
2531;25607.0;João Ramalho;SP;4150.0;4371.0;221.0
2532;13809.0;Lupionópolis;PR;4592.0;4813.0;221.0
2533;3306.0;Coxim;MS;31930.0;32151.0;221.0
2534;10104.0;Cândido Rodrigues;SP;2668.0;2889.0;221.0
2535;6932.0;Entre-Ijuís;RS;8938.0;9158.0;220.0
2536;20157.0;São Luiz do Norte;GO;4617.0;4837.0;220.0
2537;9209.0;Passagem;RN;2895.0;3115.0;220.0
2538;6207.0;Itaiçaba;CE;7316.0;7536.0;220.0
2539;5006.0;Cubati;PB;7361.0;7580.0;219.0
2540;5191.0;Ermo;SC;2050.0;2269.0;219.0
2541;2501.0;Carnaubais;RN;9495.0;9714.0;219.0
2542;700.0;São João do Rio do Peixe;PB;17746.0;17964.0;218.0
2543;60959.0;São Domingos das Dores;MG;5408.0;5626.0;218.0
2544;66303.0;Sericita;MG;7128.0;7345.0;217.0
2545;2711.0;Cocal de Telha;PI;4694.0;4911.0;217.0
2546;5854.0;Madeiro;PI;7816.0;8032.0;216.0
2547;35903.0;Paranapuã;SP;3815.0;4031.0;216.0
2548;26702.0;Tamboara;PR;4664.0;4880.0;216.0
2549;1208.0;Aracoiaba;CE;25338.0;25553.0;215.0
2550;13957.0;Muricilândia;TO;3152.0;3367.0;215.0
2551;16255.0;São João do Oeste;SC;6080.0;6295.0;215.0
2552;7703.0;Sete Quedas;MS;10780.0;10994.0;214.0
2553;802.0;Antônio Prado;RS;12831.0;13045.0;214.0
2554;8508.0;Ouro Branco;RN;4699.0;4913.0;214.0
2555;14423.0;Picada Café;RS;5138.0;5351.0;213.0
2556;46009.0;Santa Branca;SP;13763.0;13975.0;212.0
2557;9458.0;Lajeado Grande;SC;1490.0;1702.0;212.0
2558;18903.0;São Luiz Gonzaga;RS;34540.0;34752.0;212.0
2559;10706.0;Simões;PI;14138.0;14350.0;212.0
2560;12674.0;Nicolau Vergueiro;RS;1721.0;1932.0;211.0
2561;3707.0;Felipe Guerra;RN;5734.0;5944.0;210.0
2562;71154.0;Vermelho Novo;MG;4689.0;4899.0;210.0
2563;3750.0;Fartura do Piauí;PI;5074.0;5284.0;210.0
2564;7205.0;Imaruí;SC;11673.0;11881.0;208.0
2565;16477.0;Salvador das Missões;RS;2669.0;2877.0;208.0
2566;15101.0;Novo Acordo;TO;3762.0;3969.0;207.0
2567;5301.0;Exu;PE;31636.0;31843.0;207.0
2568;6102.0;Loreto;MA;11390.0;11597.0;207.0
2569;4003.0;Cabeceiras;GO;7354.0;7560.0;206.0
2570;18499.0;São José do Inhacorá;RS;2200.0;2406.0;206.0
2571;14151.0;Princesa;SC;2758.0;2964.0;206.0
2572;2406.0;Capitão de Campos;PI;10894.0;11100.0;206.0
2573;1739.0;Betânia do Piauí;PI;6015.0;6220.0;205.0
2574;5802.0;Corumbá de Goiás;GO;10357.0;10562.0;205.0
2575;8807.0;Moraújo;CE;8050.0;8254.0;204.0
2576;14902.0;Viçosa;RN;1618.0;1822.0;204.0
2577;16208.0;Paranã;TO;10338.0;10542.0;204.0
2578;4400.0;Coronel Freitas;SC;10184.0;10388.0;204.0
2579;4103.0;Caxambu do Sul;SC;4411.0;4614.0;203.0
2580;35705.0;Paraíso;SP;5898.0;6099.0;201.0
2581;1257.0;Apiúna;SC;9611.0;9811.0;200.0
2582;4209.0;Botuporã;BA;10824.0;11024.0;200.0
2583;65800.0;Senador José Bento;MG;1868.0;2068.0;200.0
2584;954.0;Aroeiras do Itaim;PI;2490.0;2690.0;200.0
2585;13601.0;Lobato;PR;4401.0;4601.0;200.0
2586;7776.0;Santa Terezinha;MT;7397.0;7596.0;199.0
2587;11506.0;Vera Mendes;PI;2986.0;3185.0;199.0
2588;2009.0;Dores do Rio Preto;ES;6397.0;6596.0;199.0
2589;47650.0;Santa Salete;SP;1447.0;1645.0;198.0
2590;2001.0;Alterosa;MG;13717.0;13915.0;198.0
2591;48302.0;Santo Expedito;SP;2803.0;3000.0;197.0
2592;5001.0;Dionísio Cerqueira;SC;14811.0;15008.0;197.0
2593;19372.0;São Pedro do Butiá;RS;2873.0;3070.0;197.0
2594;25402.0;Potiraguá;BA;10077.0;10274.0;197.0
2595;39905.0;Poloni;SP;5395.0;5592.0;197.0
2596;7200.0;Itatuba;PB;10302.0;10499.0;197.0
2597;44103.0;Rio Grande da Serra;SP;43974.0;44170.0;196.0
2598;17105.0;São Martinho;SC;3209.0;3405.0;196.0
2599;10953.0;Tamboril do Piauí;PI;2753.0;2949.0;196.0
2600;5357.0;Flor do Sertão;SC;1588.0;1783.0;195.0
2601;16102.0;Soledade;PB;13774.0;13968.0;194.0
2602;10035.0;Luzerna;SC;5600.0;5794.0;194.0
2603;22158.0;Itaoca;SP;3228.0;3422.0;194.0
2604;13037.0;Nova Esperança do Sul;RS;4671.0;4865.0;194.0
2605;2005.0;Aracatu;BA;13743.0;13936.0;193.0
2606;1939.0;Bernardo do Mearim;MA;5647.0;5840.0;193.0
2607;23408.0;Vila Maria;RS;4221.0;4413.0;192.0
2608;136.0;Águia Branca;ES;9519.0;9711.0;192.0
2609;8650.0;Queimada Nova;PI;8546.0;8738.0;192.0
2610;5307.0;Cavalcante;GO;9392.0;9583.0;191.0
2611;64902.0;São Sebastião do Rio Verde;MG;2110.0;2300.0;190.0
2612;47403.0;Santa Rita d'Oeste;SP;2543.0;2733.0;190.0
2613;59.0;Água Santa;RS;3722.0;3912.0;190.0
2614;19258.0;Santa Fé de Goiás;GO;4762.0;4951.0;189.0
2615;2601.0;Gracho Cardoso;SE;5645.0;5834.0;189.0
2616;13927.0;São Bentinho;PB;4138.0;4327.0;189.0
2617;12056.0;Palmeira;SC;2373.0;2561.0;188.0
2618;66204.0;Senhora dos Remédios;MG;10196.0;10384.0;188.0
2619;6503.0;Santa Rosa de Lima;SE;3749.0;3937.0;188.0
2620;12239.0;Paraíso;SC;4080.0;4267.0;187.0
2621;12600.0;Mairipotaba;GO;2374.0;2561.0;187.0
2622;48608.0;Peçanha;MG;17260.0;17446.0;186.0
2623;49507.0;Pequeri;MG;3165.0;3351.0;186.0
2624;6506.0;Monsenhor Hipólito;PI;7391.0;7577.0;186.0
2625;3807.0;Britânia;GO;5509.0;5695.0;186.0
2626;15695.0;Santiago do Sul;SC;1465.0;1651.0;186.0
2627;4701.0;Balbinos;SP;3702.0;3887.0;185.0
2628;1101.0;Avelino Lopes;PI;10681.0;10866.0;185.0
2629;251.0;Abreulândia;TO;2391.0;2576.0;185.0
2630;15005.0;São Miguel de Taipu;PB;6881.0;7066.0;185.0
2631;1273.0;Arabutã;SC;4193.0;4378.0;185.0
2632;4008.0;Esperantinópolis;MA;18126.0;18311.0;185.0
2633;19708.0;Coronel Xavier Chaves;MG;3301.0;3486.0;185.0
2634;14879.0;Nova Iguaçu de Goiás;GO;2826.0;3010.0;184.0
2635;3156.0;Bom Jesus do Sul;PR;3796.0;3980.0;184.0
2636;48104.0;Santo Antônio do Jardim;SP;5943.0;6126.0;183.0
2637;4194.0;Chapadão do Lageado;SC;2767.0;2950.0;183.0
2638;3479.0;Cafezal do Sul;PR;4290.0;4473.0;183.0
2639;62302.0;São João da Mata;MG;2731.0;2914.0;183.0
2640;1209.0;Cacimbinhas;AL;10300.0;10482.0;182.0
2641;2206.0;Benedito Novo;SC;10338.0;10520.0;182.0
2642;10906.0;São Francisco do Maranhão;MA;11883.0;12064.0;181.0
2643;570.0;Alto Feliz;RS;2891.0;3072.0;181.0
2644;703.0;Alto do Rodrigues;RN;12305.0;12484.0;179.0
2645;42601.0;Monsenhor Paulo;MG;8161.0;8340.0;179.0
2646;27405.0;Lucélia;SP;19882.0;20061.0;179.0
2647;20305.0;Selbach;RS;4929.0;5107.0;178.0
2648;16151.0;Sossêgo;PB;3169.0;3345.0;176.0
2649;56205.0;Rochedo de Minas;MG;2116.0;2291.0;175.0
2650;18251.0;Timbó Grande;SC;7167.0;7342.0;175.0
2651;6809.0;Lajes Pintadas;RN;4612.0;4787.0;175.0
2652;9451.0;Cabeceira Grande;MG;6453.0;6627.0;174.0
2653;18954.0;Urupema;SC;2482.0;2656.0;174.0
2654;6802.0;Porto dos Gaúchos;MT;5420.0;5593.0;173.0
2655;3939.0;Buriti de Goiás;GO;2560.0;2732.0;172.0
2656;11008.0;Itapirapuã;GO;7835.0;8007.0;172.0
2657;3401.0;Japoatã;SE;13236.0;13407.0;171.0
2658;25902.0;São Pedro do Paraná;PR;2491.0;2661.0;170.0
2659;9658.0;São Francisco de Assis do Piauí;PI;5402.0;5572.0;170.0
2660;39706.0;Maravilhas;MG;7163.0;7333.0;170.0
2661;11429.0;Santana do Seridó;RN;2526.0;2696.0;170.0
2662;41653.0;Quadra;SP;3236.0;3405.0;169.0
2663;18205.0;Conquista;MG;6526.0;6694.0;168.0
2664;18709.0;Rio dos Bois;TO;2570.0;2738.0;168.0
2665;6100.0;Matias Olímpio;PI;10473.0;10641.0;168.0
2666;33700.0;Ocauçu;SP;4163.0;4331.0;168.0
2667;28307.0;Santanópolis;BA;8549.0;8716.0;167.0
2668;4600.0;Chapada de Areia;TO;1335.0;1501.0;166.0
2669;62252.0;São João da Lagoa;MG;4656.0;4822.0;166.0
2670;17836.0;Cônego Marinho;MG;7071.0;7237.0;166.0
2671;10906.0;Cássia dos Coqueiros;SP;2634.0;2799.0;165.0
2672;38708.0;Luminárias;MG;5422.0;5586.0;164.0
2673;20508.0;Cristina;MG;10210.0;10374.0;164.0
2674;17100.0;Várzea;PB;2504.0;2668.0;164.0
2675;11876.0;Paial;SC;1763.0;1927.0;164.0
2676;1806.0;Américo de Campos;SP;5706.0;5870.0;164.0
2677;5306.0;Chapada;RS;9377.0;9540.0;163.0
2678;6002.0;Bela Vista de Minas;MG;10004.0;10167.0;163.0
2679;46256.0;Santa Cruz da Esperança;SP;1953.0;2116.0;163.0
2680;12506.0;Coroados;SP;5238.0;5400.0;162.0
2681;29400.0;Ibertioga;MG;5036.0;5198.0;162.0
2682;201.0;Atalaia do Norte;AM;15153.0;15314.0;161.0
2683;63607.0;São José do Mantimento;MG;2592.0;2753.0;161.0
2684;18902.0;Lajedão;BA;3685.0;3845.0;160.0
2685;21308.0;Descoberto;MG;4768.0;4928.0;160.0
2686;31605.0;Monte Castelo;SP;4063.0;4222.0;159.0
2687;13800.0;Carmésia;MG;2446.0;2605.0;159.0
2688;24303.0;Jaboticabal;SP;71662.0;71821.0;159.0
2689;10203.0;Capão Bonito;SP;46178.0;46337.0;159.0
2690;59704.0;Santa Rosa da Serra;MG;3224.0;3382.0;158.0
2691;1400.0;Álvaro de Carvalho;SP;4650.0;4808.0;158.0
2692;6155.0;Jundiá;RN;3582.0;3739.0;157.0
2693;27965.0;Turvo;PR;14074.0;14231.0;157.0
2694;2151.0;Boa Vista;PB;6221.0;6377.0;156.0
2695;608.0;Angical do Piauí;PI;6672.0;6827.0;155.0
2696;262.0;Rio Crespo;RO;3316.0;3471.0;155.0
2697;8502.0;Porto;PI;11897.0;12052.0;155.0
2698;14753.0;Poço das Antas;RS;2017.0;2171.0;154.0
2699;47808.0;Passa Vinte;MG;2079.0;2233.0;154.0
2700;16755.0;Tenório;PB;2813.0;2966.0;153.0
2701;17407.0;Zabelê;PB;2075.0;2228.0;153.0
2702;21329.0;Taquaruçu do Sul;RS;2966.0;3119.0;153.0
2703;9906.0;Icaraíma;PR;8839.0;8991.0;152.0
2704;67400.0;Silvianópolis;MG;6027.0;6179.0;152.0
2705;8804.0;Contendas do Sincorá;BA;4181.0;4333.0;152.0
2706;23709.0;Santa Isabel do Ivaí;PR;8760.0;8912.0;152.0
2707;52303.0;Porto Firme;MG;10417.0;10569.0;152.0
2708;9757.0;Ibema;PR;6066.0;6218.0;152.0
2709;2303.0;Caraúbas;RN;19576.0;19727.0;151.0
2710;2704.0;Cachoeira de Pajeú;MG;8959.0;9110.0;151.0
2711;4304.0;Areado;MG;13731.0;13881.0;150.0
2712;3230.0;Currais;PI;4704.0;4854.0;150.0
2713;7804.0;Junco do Seridó;PB;6643.0;6793.0;150.0
2714;20280.0;São Patrício;GO;1993.0;2143.0;150.0
2715;6508.0;Matinha;MA;21885.0;22034.0;149.0
2716;10409.0;Indianópolis;PR;4299.0;4448.0;149.0
2717;734.0;Amparo;PB;2085.0;2234.0;149.0
2718;19358.0;Vitor Meireles;SC;5222.0;5370.0;148.0
2719;15708.0;Serra Grande;PB;2794.0;2942.0;148.0
2720;11981.0;Mariana Pimentel;RS;3768.0;3916.0;148.0
2721;31905.0;Tucano;BA;48589.0;48736.0;147.0
2722;15104.0;São Sebastião de Lagoa de Roça;PB;10893.0;11040.0;147.0
2723;2452.0;Macuco;RJ;5269.0;5415.0;146.0
2724;3509.0;Espírito Santo;RN;10475.0;10620.0;145.0
2725;21006.0;Tapera;RS;10448.0;10592.0;144.0
2726;29255.0;São Gabriel;BA;18456.0;18600.0;144.0
2727;60108.0;Santo Antônio do Grama;MG;4085.0;4229.0;144.0
2728;13943.0;São Domingos do Cariri;PB;2441.0;2585.0;144.0
2729;15800.0;Roca Sales;RS;10275.0;10418.0;143.0
2730;15750.0;Riozinho;RS;4330.0;4473.0;143.0
2731;1176.0;Barra D'Alcântara;PI;3852.0;3995.0;143.0
2732;62575.0;São João do Manteninha;MG;5188.0;5331.0;143.0
2733;9254.0;Cajati;SP;28372.0;28515.0;143.0
2734;5305.0;Cafarnaum;BA;17324.0;17466.0;142.0
2735;11357.0;Várzea Branca;PI;4913.0;5055.0;142.0
2736;13201.0;Senador Georgino Avelino;RN;3924.0;4065.0;141.0
2737;2302.0;Aratuípe;BA;8536.0;8677.0;141.0
2738;9253.0;Bugre;MG;3900.0;4041.0;141.0
2739;7703.0;Bom Jesus do Amparo;MG;5491.0;5631.0;140.0
2740;2256.0;Governador Lindenberg;ES;10869.0;11009.0;140.0
2741;2036.0;Bom Jesus das Selvas;MA;28459.0;28599.0;140.0
2742;11270.0;Lagoa dos Três Cantos;RS;1598.0;1738.0;140.0
2743;1572.0;Belém do Piauí;PI;3284.0;3423.0;139.0
2744;49300.0;São João do Pau d'Alho;SP;2103.0;2242.0;139.0
2745;7577.0;Iomerê;SC;2739.0;2877.0;138.0
2746;7961.0;Terra Alta;PA;10262.0;10400.0;138.0
2747;54755.0;Trabiju;SP;1544.0;1682.0;138.0
2748;63201.0;São José do Alegre;MG;3996.0;4133.0;137.0
2749;33059.0;Várzea da Roça;BA;13663.0;13800.0;137.0
2750;7400.0;Catolândia;BA;3297.0;3434.0;137.0
2751;54309.0;Resplendor;MG;17089.0;17226.0;137.0
2752;12253.0;Lagoa Santa;GO;1254.0;1390.0;136.0
2753;19251.0;Pinhal de São Bento;PR;2625.0;2761.0;136.0
2754;55901.0;Uru;SP;1251.0;1387.0;136.0
2755;60801.0;São Bento Abade;MG;4577.0;4713.0;136.0
2756;7258.0;Nova Colinas;MA;4885.0;5021.0;136.0
2757;5635.0;Piçarra;PA;12697.0;12832.0;135.0
2758;18905.0;Urubici;SC;10699.0;10834.0;135.0
2759;5989.0;Lajeado Novo;MA;6923.0;7057.0;134.0
2760;20903.0;Quedas do Iguaçu;PR;30605.0;30738.0;133.0
2761;505.0;Alexandria;RN;13507.0;13640.0;133.0
2762;11100.0;Itambé;PR;5979.0;6111.0;132.0
2763;16501.0;Salvador do Sul;RS;6747.0;6879.0;132.0
2764;11304.0;Lagoa Vermelha;RS;27527.0;27659.0;132.0
2765;20707.0;Indiaporã;SP;3903.0;4035.0;132.0
2766;14302.0;Nazaré;TO;4390.0;4521.0;131.0
2767;67301.0;Silveirânia;MG;2192.0;2323.0;131.0
2768;11400.0;Picuí;PB;18202.0;18333.0;131.0
2769;12306.0;Japira;PR;4841.0;4972.0;131.0
2770;1958.0;Barra Funda;RS;2367.0;2498.0;131.0
2771;5501.0;Vista Serrana;PB;3511.0;3641.0;130.0
2772;3044.0;Floresta do Araguaia;PA;17768.0;17898.0;130.0
2773;11303.0;Gentio do Ouro;BA;10755.0;10884.0;129.0
2774;10278.0;Santo Amaro do Maranhão;MA;13820.0;13949.0;129.0
2775;59506.0;Santa Rita do Itueto;MG;5697.0;5826.0;129.0
2776;11734.0;Mampituba;RS;3003.0;3131.0;128.0
2777;46503.0;Pains;MG;8014.0;8142.0;128.0
2778;1404.0;Arvorezinha;RS;10194.0;10322.0;128.0
2779;14701.0;São José do Sabugi;PB;4010.0;4138.0;128.0
2780;25456.0;São José das Palmeiras;PR;3830.0;3957.0;127.0
2781;15507.0;Oliveira de Fátima;TO;1037.0;1164.0;127.0
2782;47106.0;Santa Mercedes;SP;2831.0;2956.0;125.0
2783;21705.0;Itaberá;SP;17858.0;17983.0;125.0
2784;22201.0;Muniz Ferreira;BA;7065.0;7190.0;125.0
2785;18704.0;Lafaiete Coutinho;BA;3950.0;4075.0;125.0
2786;12403.0;Pedras Grandes;SC;4120.0;4245.0;125.0
2787;14409.0;Rio das Antas;SC;6129.0;6253.0;124.0
2788;3304.0;Comodoro;MT;18114.0;18238.0;124.0
2789;7793.0;Pau D'Arco do Piauí;PI;3757.0;3880.0;123.0
2790;3807.0;Malhada dos Bois;SE;3456.0;3579.0;123.0
2791;13359.0;Nova Roma do Sul;RS;3343.0;3466.0;123.0
2792;27504.0;Lucianópolis;SP;2249.0;2372.0;123.0
2793;25002.0;Ewbank da Câmara;MG;3753.0;3875.0;122.0
2794;9757.0;São Gonçalo do Gurguéia;PI;2825.0;2947.0;122.0
2795;12959.0;Juranda;PR;7649.0;7771.0;122.0
2796;11256.0;Morro Grande;SC;2890.0;3010.0;120.0
2797;7546.0;Espigão Alto do Iguaçu;PR;4677.0;4797.0;120.0
2798;28059.0;Santa Luzia;BA;13776.0;13896.0;120.0
2799;15307.0;Salete;SC;7370.0;7489.0;119.0
2800;13557.0;Serrinha dos Pintos;RN;4540.0;4659.0;119.0
2801;12705.0;Remígio;PB;17766.0;17885.0;119.0
2802;4101.0;Campos Borges;RS;3494.0;3613.0;119.0
2803;3356.0;Arco-Íris;SP;1925.0;2044.0;119.0
2804;14464.0;Pinhal da Serra;RS;2130.0;2248.0;118.0
2805;45455.0;Olhos-d'Água;MG;5267.0;5385.0;118.0
2806;11006.0;Floresta Azul;BA;10941.0;11059.0;118.0
2807;359.0;Alto Rio Novo;ES;7317.0;7434.0;117.0
2808;56800.0;Viradouro;SP;17297.0;17414.0;117.0
2809;16407.0;Claraval;MG;4542.0;4658.0;116.0
2810;3803.0;Caldas Brandão;PB;5637.0;5753.0;116.0
2811;6909.0;São Francisco;SE;3127.0;3243.0;116.0
2812;10508.0;São Pedro do Piauí;PI;13639.0;13755.0;116.0
2813;7403.0;Jucás;CE;23807.0;23922.0;115.0
2814;2752.0;Colônia do Gurguéia;PI;6036.0;6150.0;114.0
2815;14548.0;Pinto Bandeira;RS;2609.0;2723.0;114.0
2816;11429.0;Lajeado do Bugre;RS;2487.0;2601.0;114.0
2817;806.0;Antônio Almeida;PI;3039.0;3152.0;113.0
2818;4709.0;Inhuma;PI;14845.0;14958.0;113.0
2819;53301.0;Presidente Kubitschek;MG;2959.0;3071.0;112.0
2820;6309.0;Granito;PE;6855.0;6967.0;112.0
2821;14205.0;Dolcinópolis;SP;2096.0;2207.0;111.0
2822;9409.0;Novo Oriente;CE;27435.0;27545.0;110.0
2823;16002.0;Flórida Paulista;SP;12848.0;12958.0;110.0
2824;20358.0;Pranchita;PR;5628.0;5737.0;109.0
2825;8106.0;Flórida;PR;2543.0;2652.0;109.0
2826;2502.0;General Maynard;SE;2929.0;3037.0;108.0
2827;20354.0;Sentinela do Sul;RS;5198.0;5306.0;108.0
2828;11701.0;Jandaia;GO;6164.0;6272.0;108.0
2829;22602.0;Rondon;PR;8989.0;9097.0;108.0
2830;903.0;Angelina;SC;5250.0;5358.0;108.0
2831;20304.0;Malhada de Pedras;BA;8563.0;8670.0;107.0
2832;5300.0;Jerumenha;PI;4390.0;4497.0;107.0
2833;2505.0;Caracol;PI;10212.0;10318.0;106.0
2834;2539.0;Caraúbas do Piauí;PI;5525.0;5630.0;105.0
2835;16000.0;Miraselva;PR;1862.0;1966.0;104.0
2836;7976.0;Taquarussu;MS;3522.0;3625.0;103.0
2837;15309.0;Mariópolis;PR;6268.0;6371.0;103.0
2838;17756.0;Santo Antônio do Planalto;RS;1987.0;2089.0;102.0
2839;35001.0;Jaguaraçu;MG;2990.0;3092.0;102.0
2840;9551.0;Ribamar Fiquene;MA;7318.0;7420.0;102.0
2841;19101.0;Vargeão;SC;3532.0;3634.0;102.0
2842;7209.0;Borá;SP;805.0;907.0;102.0
2843;4671.0;Capivari do Sul;RS;3890.0;3991.0;101.0
2844;14600.0;Carrancas;MG;3948.0;4049.0;101.0
2845;22801.0;Dom Viçoso;MG;2994.0;3095.0;101.0
2846;6106.0;Jucurutu;RN;17692.0;17793.0;101.0
2847;13855.0;Morro Agudo de Goiás;GO;2356.0;2456.0;100.0
2848;21304.0;Três Ranchos;GO;2822.0;2921.0;99.0
2849;51306.0;Sebastianópolis do Sul;SP;3031.0;3130.0;99.0
2850;704.0;Brejo Grande;SE;7742.0;7841.0;99.0
2851;509.0;Amarante;PI;17135.0;17234.0;99.0
2852;502.0;Alagoinha;PB;13627.0;13725.0;98.0
2853;5159.0;Doutor Pedrinho;SC;3539.0;3637.0;98.0
2854;1702.0;Aragarças;GO;18292.0;18390.0;98.0
2855;57204.0;Chavantes;SP;12114.0;12211.0;97.0
2856;1304.0;Andaraí;BA;12983.0;13080.0;97.0
2857;9506.0;Pedra Grande;RN;3521.0;3618.0;97.0
2858;2455.0;Capitão Gervásio Oliveira;PI;3878.0;3974.0;96.0
2859;15507.0;Marumbi;PR;4603.0;4699.0;96.0
2860;25952.0;Fervedouro;MG;10349.0;10445.0;96.0
2861;12454.0;Luzinópolis;TO;2622.0;2717.0;95.0
2862;8205.0;Formosa do Oeste;PR;7541.0;7635.0;94.0
2863;15657.0;Fernão;SP;1563.0;1656.0;93.0
2864;4808.0;Ipiranga do Piauí;PI;9327.0;9420.0;93.0
2865;8204.0;Torixoréu;MT;4071.0;4164.0;93.0
2866;14006.0;Carmo da Mata;MG;10927.0;11019.0;92.0
2867;7205.0;Jati;CE;7769.0;7861.0;92.0
2868;27957.0;Tupãssi;PR;7985.0;8077.0;92.0
2869;22900.0;Dona Euzébia;MG;6001.0;6093.0;92.0
2870;3603.0;Arantina;MG;2823.0;2915.0;92.0
2871;18899.0;Santa Rita do Tocantins;TO;2128.0;2219.0;91.0
2872;11809.0;São Fernando;RN;3401.0;3492.0;91.0
2873;2057.0;Barroquinha;CE;14476.0;14567.0;91.0
2874;10409.0;São Miguel do Tapuio;PI;17463.0;17554.0;91.0
2875;3105.0;Caibi;SC;6214.0;6304.0;90.0
2876;15406.0;Salto Veloso;SC;4301.0;4390.0;89.0
2877;3271.0;Curral Novo do Piauí;PI;4984.0;5073.0;89.0
2878;6973.0;Erebango;RS;2965.0;3054.0;89.0
2879;22405.0;Divisa Nova;MG;5763.0;5851.0;88.0
2880;3202.0;Doutor Severiano;RN;6956.0;7044.0;88.0
2881;7535.0;Faina;GO;6983.0;7070.0;87.0
2882;17307.0;Guaimbê;SP;5425.0;5512.0;87.0
2883;2703.0;Barra do Jacaré;PR;2727.0;2814.0;87.0
2884;11705.0;Canaã;MG;4628.0;4715.0;87.0
2885;5557.0;Combinado;TO;4669.0;4756.0;87.0
2886;21257.0;Ramilândia;PR;4134.0;4221.0;87.0
2887;20058.0;São João da Paraúna;GO;1688.0;1774.0;86.0
2888;2752.0;Bela Vista da Caroba;PR;3945.0;4031.0;86.0
2889;7609.0;Messias Targino;RN;4188.0;4274.0;86.0
2890;18907.0;Santa Rosa do Tocantins;TO;4568.0;4653.0;85.0
2891;9332.0;Santa Maria;RN;4762.0;4847.0;85.0
2892;20702.0;Sítio d'Abadia;GO;2843.0;2927.0;84.0
2893;3204.0;Caririaçu;CE;26236.0;26320.0;84.0
2894;2709.0;Cerro Corá;RN;10916.0;11000.0;84.0
2895;3756.0;Fernando Pedroza;RN;2854.0;2938.0;84.0
2896;4756.0;Cunhataí;SC;1884.0;1968.0;84.0
2897;6509.0;Gurjão;PB;3159.0;3242.0;83.0
2898;802.0;Angicos;RN;11549.0;11632.0;83.0
2899;52700.0;Tabatinga;SP;14686.0;14769.0;83.0
2900;12138.0;Mato Castelhano;RS;2470.0;2553.0;83.0
2901;708.0;Água Comprida;MG;2025.0;2108.0;83.0
2902;20706.0;Cruzeiro da Fortaleza;MG;3438.0;3521.0;83.0
2903;9807.0;São Gonçalo do Piauí;PI;4754.0;4837.0;83.0
2904;5352.0;Damião;PB;4900.0;4982.0;82.0
2905;51207.0;Sarutaiá;SP;3622.0;3704.0;82.0
2906;4713.0;Caraá;RS;7312.0;7394.0;82.0
2907;12955.0;Nova Boa Vista;RS;1960.0;2042.0;82.0
2908;36959.0;Juvenília;MG;5708.0;5789.0;81.0
2909;11407.0;Várzea Grande;PI;4336.0;4417.0;81.0
2910;5431.0;Formosa do Sul;SC;2601.0;2682.0;81.0
2911;9700.0;Sambaíba;MA;5487.0;5568.0;81.0
2912;13007.0;Jussara;PR;6610.0;6690.0;80.0
2913;10363.0;Imigrante;RS;3000.0;3080.0;80.0
2914;53509.0;Alto Jequitibá;MG;8318.0;8397.0;79.0
2915;49606.0;Pequi;MG;4076.0;4155.0;79.0
2916;44707.0;Sagres;SP;2395.0;2474.0;79.0
2917;9450.0;Santo Antônio dos Milagres;PI;2059.0;2138.0;79.0
2918;66907.0;Serrania;MG;7542.0;7621.0;79.0
2919;5705.0;Olho d'Água das Flores;AL;20617.0;20695.0;78.0
2920;13304.0;Miranorte;TO;12623.0;12701.0;78.0
2921;12377.0;Monte Alegre dos Campos;RS;3102.0;3180.0;78.0
2922;14705.0;Nova América;GO;2259.0;2337.0;78.0
2923;18103.0;Timbé do Sul;SC;5308.0;5386.0;78.0
2924;8303.0;União do Sul;MT;3760.0;3838.0;78.0
2925;14502.0;Duartina;SP;12251.0;12328.0;77.0
2926;1809.0;Antônio Gonçalves;BA;10785.0;10862.0;77.0
2927;55356.0;Ubarana;SP;5289.0;5365.0;76.0
2928;5402.0;Desterro;PB;7991.0;8067.0;76.0
2929;20937.0;Taipas do Tocantins;TO;1945.0;2021.0;76.0
2930;10158.0;Ipiranga de Goiás;GO;2843.0;2919.0;76.0
2931;13106.0;Kaloré;PR;4506.0;4582.0;76.0
2932;209.0;Aquidabã;SE;20056.0;20131.0;75.0
2933;7603.0;Faxinal;PR;16314.0;16389.0;75.0
2934;5704.0;Ipaumirim;CE;12009.0;12083.0;74.0
2935;6107.0;Rosário do Catete;SE;9221.0;9295.0;74.0
2936;600.0;Águas de São Pedro;SP;2707.0;2780.0;73.0
2937;11009.0;Poranga;CE;11992.0;12065.0;73.0
2938;1859.0;Barra do Guarita;RS;3089.0;3161.0;72.0
2939;11805.0;Sítio Novo;MA;17002.0;17074.0;72.0
2940;1201.0;Aiuruoca;MG;6162.0;6233.0;71.0
2941;13205.0;Lapa;PR;44932.0;45003.0;71.0
2942;18006.0;Porto Alegre do Tocantins;TO;2796.0;2866.0;70.0
2943;3900.0;Carnaíba;PE;18574.0;18644.0;70.0
2944;65404.0;Sapucaí-Mirim;MG;6241.0;6311.0;70.0
2945;56106.0;Ritápolis;MG;4925.0;4994.0;69.0
2946;5409.0;Joaquim Pires;PI;13817.0;13886.0;69.0
2947;53400.0;Presidente Olegário;MG;18697.0;18765.0;68.0
2948;8854.0;Gentil;RS;1677.0;1744.0;67.0
2949;2208.0;Atalaia;PR;3913.0;3980.0;67.0
2950;1357.0;Campestre;AL;6598.0;6665.0;67.0
2951;49250.0;São João de Iracema;SP;1780.0;1846.0;66.0
2952;29658.0;Mesópolis;SP;1886.0;1952.0;66.0
2953;6308.0;Miguel Leão;PI;1253.0;1318.0;65.0
2954;15201.0;Terra Nova;PE;8856.0;8920.0;64.0
2955;18440.0;São Jorge;RS;2848.0;2912.0;64.0
2956;17758.0;Sul Brasil;SC;2768.0;2832.0;64.0
2957;6375.0;Maranhãozinho;MA;13697.0;13761.0;64.0
2958;16704.0;Coimbra;MG;7054.0;7117.0;63.0
2959;6751.0;Ibiam;SC;1945.0;2008.0;63.0
2960;9908.0;Cananéia;SP;12226.0;12289.0;63.0
2961;26950.0;Frei Lagonegro;MG;3329.0;3391.0;62.0
2962;10805.0;Iretama;PR;10622.0;10684.0;62.0
2963;18432.0;São João do Polêsine;RS;2588.0;2649.0;61.0
2964;4506.0;Brotas de Macaúbas;BA;11705.0;11765.0;60.0
2965;11643.0;Linha Nova;RS;1624.0;1683.0;59.0
2966;4908.0;Baependi;MG;18307.0;18366.0;59.0
2967;8057.0;Jatobá;PE;13963.0;14020.0;57.0
2968;21908.0;Varjão;GO;3659.0;3716.0;57.0
2969;56958.0;Vitória Brasil;SP;1737.0;1794.0;57.0
2970;23305.0;Itariri;SP;15471.0;15528.0;57.0
2971;6800.0;São Domingos;SE;10271.0;10327.0;56.0
2972;3154.0;Calmon;SC;3387.0;3443.0;56.0
2973;5300.0;Céu Azul;PR;11032.0;11087.0;55.0
2974;16507.0;Gabriel Monteiro;SP;2708.0;2763.0;55.0
2975;2207.0;Coqueiro Seco;AL;5526.0;5581.0;55.0
2976;6108.0;Grão-Pará;SC;6223.0;6277.0;54.0
2977;10652.0;Itati;RS;2584.0;2638.0;54.0
2978;1604.0;Arroio Trinta;SC;3502.0;3556.0;54.0
2979;18659.0;Rio da Conceição;TO;1714.0;1768.0;54.0
2980;28609.0;Verê;PR;7878.0;7932.0;54.0
2981;13851.0;Santo André;PB;2569.0;2622.0;53.0
2982;62005.0;São Gonçalo do Sapucaí;MG;23906.0;23959.0;53.0
2983;14308.0;Timbaúba dos Batistas;RN;2295.0;2348.0;53.0
2984;4850.0;Coxixola;PB;1771.0;1824.0;53.0
2985;41207.0;Matutina;MG;3761.0;3814.0;53.0
2986;40259.0;Pontalinda;SP;4074.0;4127.0;53.0
2987;6205.0;Cruzeiro do Sul;RS;11549.0;11600.0;51.0
2988;7934.0;Pedro Laurentino;PI;2407.0;2458.0;51.0
2989;10508.0;Ipiranga;PR;14091.0;14142.0;51.0
2990;5406.0;Sapucaia;RJ;17679.0;17729.0;50.0
2991;5279.0;Curral de Cima;PB;5204.0;5254.0;50.0
2992;1603.0;Duas Barras;RJ;10930.0;10980.0;50.0
2993;22305.0;Rio Negro;PR;31274.0;31324.0;50.0
2994;5238.0;Cuité de Mamanguape;PB;6202.0;6251.0;49.0
2995;9201.0;Lacerdópolis;SC;2199.0;2248.0;49.0
2996;20905.0;Ipaussu;SP;13663.0;13712.0;49.0
2997;2578.0;Bom Jesus do Oeste;SC;2138.0;2187.0;49.0
2998;4102.0;Moita Bonita;SE;11001.0;11050.0;49.0
2999;3800.0;Flores do Piauí;PI;4366.0;4414.0;48.0
3000;4656.0;Campinaçu;GO;3660.0;3708.0;48.0
3001;31103.0;Tanquinho;BA;7669.0;7717.0;48.0
3002;4602.0;Governador Eugênio Barros;MA;13883.0;13930.0;47.0
3003;14105.0;Carmo de Minas;MG;13750.0;13797.0;47.0
3004;8801.0;Cafelândia;SP;16607.0;16654.0;47.0
3005;26652.0;Sulina;PR;3394.0;3440.0;46.0
3006;15301.0;Estrela do Norte;SP;2658.0;2703.0;45.0
3007;9559.0;São Braz do Piauí;PI;4313.0;4358.0;45.0
3008;4074.0;Caraúbas;PB;3899.0;3944.0;45.0
3009;10904.0;Itapiratins;TO;3532.0;3577.0;45.0
3010;12606.0;Quixaba;PB;1699.0;1743.0;44.0
3011;1051.0;Anahy;PR;2874.0;2918.0;44.0
3012;15203.0;São Sebastião do Umbuzeiro;PB;3235.0;3279.0;44.0
3013;806.0;Alvorada do Sul;PR;10283.0;10326.0;43.0
3014;6109.0;Nossa Senhora do Livramento;MT;12897.0;12940.0;43.0
3015;14498.0;Pinheirinho do Vale;RS;4497.0;4540.0;43.0
3016;7474.0;São João de Pirabas;PA;20647.0;20689.0;42.0
3017;3437.0;Curvelândia;MT;4862.0;4903.0;41.0
3018;20102.0;Couto de Magalhães de Minas;MG;4204.0;4245.0;41.0
3019;5200.0;Juscimeira;MT;11439.0;11480.0;41.0
3020;10202.0;Cajuri;MG;4047.0;4088.0;41.0
3021;12105.0;Joviânia;GO;7118.0;7159.0;41.0
3022;6001.0;Congonhinhas;PR;8279.0;8320.0;41.0
3023;25555.0;São Manoel do Paraná;PR;2098.0;2138.0;40.0
3024;1300.0;Alagoa;MG;2709.0;2749.0;40.0
3025;20655.0;Silvanópolis;TO;5068.0;5108.0;40.0
3026;7404.0;São Pedro da Cipa;MT;4151.0;4191.0;40.0
3027;70479.0;Uruana de Minas;MG;3243.0;3282.0;39.0
3028;1003.0;Angelim;PE;10202.0;10241.0;39.0
3029;15904.0;Tuparetama;PE;7966.0;8005.0;39.0
3030;64209.0;São Romão;MG;10276.0;10315.0;39.0
3031;1409.0;Albertina;MG;2913.0;2952.0;39.0
3032;19711.0;São Valentim do Sul;RS;2168.0;2207.0;39.0
3033;20499.0;São Valério;TO;4383.0;4422.0;39.0
3034;9600.0;Cachoeira da Prata;MG;3654.0;3693.0;39.0
3035;6357.0;Milton Brandão;PI;6504.0;6542.0;38.0
3036;3004.0;Cruzeta;RN;7967.0;8005.0;38.0
3037;3005.0;Miracema;RJ;26843.0;26881.0;38.0
3038;14804.0;Nova Aurora;GO;2064.0;2101.0;37.0
3039;1503.0;Barcelona;RN;3950.0;3986.0;36.0
3040;10776.0;Feira da Mata;BA;5595.0;5631.0;36.0
3041;11602.0;Ivolândia;GO;2658.0;2693.0;35.0
3042;61007.0;São Domingos do Prata;MG;17357.0;17392.0;35.0
3043;4152.0;Celso Ramos;SC;2771.0;2805.0;34.0
3044;12104.0;São João do Sabugi;RN;5922.0;5956.0;34.0
3045;33402.0;Itapagipe;MG;13656.0;13690.0;34.0
3046;1503.0;Augusto Pestana;RS;7116.0;7149.0;33.0
3047;44409.0;Natércia;MG;4658.0;4691.0;33.0
3048;21604.0;Renascença;PR;6812.0;6845.0;33.0
3049;3950.0;Aspásia;SP;1809.0;1842.0;33.0
3050;22702.0;Dom Silvério;MG;5196.0;5228.0;32.0
3051;15405.0;Ouro Verde de Goiás;GO;4025.0;4057.0;32.0
3052;39904.0;Maria da Fé;MG;14216.0;14247.0;31.0
3053;4807.0;Maribondo;AL;13648.0;13679.0;31.0
3054;7708.0;Montanhas;RN;11413.0;11444.0;31.0
3055;60504.0;Santo Antônio do Rio Abaixo;MG;1777.0;1808.0;31.0
3056;17550.0;Serra Alta;SC;3272.0;3303.0;31.0
3057;66402.0;Seritinga;MG;1789.0;1819.0;30.0
3058;11150.0;Campo Azul;MG;3684.0;3714.0;30.0
3059;8003.0;Faxinal do Soturno;RS;6672.0;6702.0;30.0
3060;1309.0;Barreiras do Piauí;PI;3234.0;3264.0;30.0
3061;4706.0;Nossa Senhora de Lourdes;SE;6238.0;6268.0;30.0
3062;15554.0;Santa Helena;SC;2395.0;2425.0;30.0
3063;47205.0;Santana da Ponte Pensa;SP;1641.0;1670.0;29.0
3064;16609.0;Itapitanga;BA;10250.0;10279.0;29.0
3065;7306.0;Paes Landim;PI;4059.0;4088.0;29.0
3066;7909.0;Santa Luzia do Norte;AL;6891.0;6919.0;28.0
3067;12077.0;Poço de José de Moura;PB;3978.0;4006.0;28.0
3068;43253.0;Ribeirão Grande;SP;7422.0;7450.0;28.0
3069;16100.0;Verdejante;PE;9142.0;9169.0;27.0
3070;7401.0;Esmeralda;RS;3168.0;3195.0;27.0
3071;70008.0;Ubaí;MG;11681.0;11708.0;27.0
3072;4503.0;Governador Archer;MA;10205.0;10231.0;26.0
3073;2604.0;Castelo do Piauí;PI;19262.0;19288.0;26.0
3074;15172.0;Protásio Alves;RS;2000.0;2025.0;25.0
3075;49408.0;Pedro Teixeira;MG;1785.0;1810.0;25.0
3076;52551.0;Suzanápolis;SP;3383.0;3408.0;25.0
3077;23705.0;Vista Gaúcha;RS;2759.0;2783.0;24.0
3078;12200.0;Prata;PB;3891.0;3915.0;24.0
3079;2604.0;Barracão;PR;9735.0;9759.0;24.0
3080;18107.0;Guarantã;SP;6404.0;6427.0;23.0
3081;17359.0;Jaborandi;BA;9252.0;9275.0;23.0
3082;15604.0;Santa Rosa de Lima;SC;2065.0;2088.0;23.0
3083;10902.0;Modelo;SC;4057.0;4080.0;23.0
3084;17207.0;Conceição das Pedras;MG;2749.0;2772.0;23.0
3085;2156.0;Belmonte;SC;2635.0;2658.0;23.0
3086;25100.0;São João do Triunfo;PR;13704.0;13726.0;22.0
3087;2902.0;Cassilândia;MS;20966.0;20988.0;22.0
3088;45505.0;Olímpio Noronha;MG;2533.0;2555.0;22.0
3089;13805.0;Taboleiro Grande;RN;2317.0;2338.0;21.0
3090;23403.0;Doresópolis;MG;1440.0;1461.0;21.0
3091;2309.0;Anhembi;SP;5653.0;5674.0;21.0
3092;23606.0;Vista Alegre do Prata;RS;1569.0;1590.0;21.0
3093;12157.0;Lavandeira;TO;1605.0;1626.0;21.0
3094;19959.0;Maetinga;BA;6953.0;6973.0;20.0
3095;3206.0;Bom Sucesso;PR;6561.0;6581.0;20.0
3096;22558.0;Vanini;RS;1984.0;2004.0;20.0
3097;2106.0;Itaocara;RJ;22899.0;22919.0;20.0
3098;4104.0;Pinheiros;ES;23895.0;23915.0;20.0
3099;8805.0;Parazinho;RN;4782.0;4801.0;19.0
3100;9105.0;Bueno Brandão;MG;10892.0;10911.0;19.0
3101;16733.0;Santa Cecília do Sul;RS;1655.0;1674.0;19.0
3102;50506.0;São Pedro do Turvo;SP;7198.0;7217.0;19.0
3103;27909.0;Grupiara;MG;1373.0;1392.0;19.0
3104;6056.0;Cristal;RS;7280.0;7299.0;19.0
3105;805.0;Apiacás;MT;8571.0;8590.0;19.0
3106;61502.0;São Geraldo;MG;10263.0;10282.0;19.0
3107;55009.0;Rio Doce;MG;2465.0;2484.0;19.0
3108;31704.0;Monteiro Lobato;SP;4120.0;4138.0;18.0
3109;14924.0;Elisiário;SP;3120.0;3138.0;18.0
3110;6951.0;Novo Santo Antônio;PI;2809.0;2827.0;18.0
3111;66600.0;Serra da Saudade;MG;815.0;833.0;18.0
3112;13351.0;Tejuçuoca;CE;17136.0;17154.0;18.0
3113;11004.0;Pedra Branca;PB;3721.0;3739.0;18.0
3114;1202.0;Álvares Florence;SP;3897.0;3915.0;18.0
3115;9708.0;Ibaiti;PR;28813.0;28830.0;17.0
3116;14102.0;Presidente Nereu;SC;2284.0;2301.0;17.0
3117;10302.0;Santo Antônio dos Lopes;MA;14288.0;14304.0;16.0
3118;14803.0;Vera Cruz;RN;10719.0;10735.0;16.0
3119;8708.0;Jacinto Machado;SC;10608.0;10624.0;16.0
3120;1205.0;Anagé;BA;25423.0;25438.0;15.0
3121;5524.0;Júlio Borges;PI;5373.0;5388.0;15.0
3122;38401.0;Leopoldina;MG;51130.0;51145.0;15.0
3123;16209.0;Chiador;MG;2785.0;2800.0;15.0
3124;4655.0;Capão do Cipó;RS;3104.0;3119.0;15.0
3125;14651.0;São José do Brejo do Cruz;PB;1684.0;1699.0;15.0
3126;7906.0;Monte das Gameleiras;RN;2261.0;2276.0;15.0
3127;14076.0;Passo do Sobrado;RS;6011.0;6025.0;14.0
3128;23605.0;Paramirim;BA;20337.0;20351.0;14.0
3129;16452.0;Perolândia;GO;2950.0;2964.0;14.0
3130;49201.0;São João das Duas Pontes;SP;2566.0;2580.0;14.0
3131;9607.0;Lauro Müller;SC;14367.0;14381.0;14.0
3132;22909.0;Salto do Itararé;PR;5178.0;5192.0;14.0
3133;2007.0;Divina Pastora;SE;4326.0;4340.0;14.0
3134;20552.0;Sertão Santana;RS;5850.0;5863.0;13.0
3135;29202.0;Heliodora;MG;6121.0;6134.0;13.0
3136;5901.0;Trajano de Moraes;RJ;10289.0;10302.0;13.0
3137;11803.0;Juarina;TO;2231.0;2243.0;12.0
3138;6551.0;Dom Pedro de Alcântara;RS;2550.0;2562.0;12.0
3139;15805.0;Centralina;MG;10195.0;10207.0;12.0
3140;7751.0;Passagem Franca do Piauí;PI;4123.0;4135.0;12.0
3141;32900.0;Nova Europa;SP;9300.0;9311.0;11.0
3142;1900.0;Cumbe;SE;3813.0;3824.0;11.0
3143;6204.0;Canarana;BA;24195.0;24206.0;11.0
3144;22008.0;Rio Azul;PR;14015.0;14025.0;10.0
3145;550.0;Pracuúba;AP;3793.0;3803.0;10.0
3146;2056.0;Italva;RJ;14063.0;14073.0;10.0
3147;11002.0;Campestre;MG;20686.0;20696.0;10.0
3148;5100.0;Guaramiranga;CE;5644.0;5654.0;10.0
3149;6315.0;Novo Santo Antônio;MT;2005.0;2015.0;10.0
3150;5359.0;João Costa;PI;2960.0;2970.0;10.0
3151;3235.0;Barro Alto;BA;13444.0;13453.0;9.0
3152;14602.0;São José do Bonfim;PB;3233.0;3242.0;9.0
3153;15207.0;Novo Brasil;GO;3519.0;3527.0;8.0
3154;14456.0;Triunfo Potiguar;RN;3368.0;3376.0;8.0
3155;8955.0;Jardinópolis;SC;1769.0;1776.0;7.0
3156;12427.0;Mormaço;RS;2749.0;2756.0;7.0
3157;68101.0;Tapira;MG;4112.0;4118.0;6.0
3158;10201.0;São José do Piauí;PI;6591.0;6597.0;6.0
3159;54706.0;Torrinha;SP;9330.0;9335.0;5.0
3160;41603.0;Mercês;MG;10368.0;10373.0;5.0
3161;2308.0;Bonito;PE;37469.0;37474.0;5.0
3162;40100.0;Marilac;MG;4219.0;4224.0;5.0
3163;12601.0;Peritiba;SC;2988.0;2992.0;4.0
3164;55703.0;União Paulista;SP;1599.0;1603.0;4.0
3165;6801.0;Jaguaribara;CE;10353.0;10356.0;3.0
3166;2253.0;Boa Vista do Sul;RS;2776.0;2779.0;3.0
3167;5604.0;Silva Jardim;RJ;21349.0;21352.0;3.0
3168;4501.0;Guadalupe;PI;10268.0;10270.0;2.0
3169;22300.0;Muritiba;BA;28705.0;28707.0;2.0
3170;5203.0;Bariri;SP;31593.0;31595.0;2.0
3171;12721.0;Pedro Régis;PB;5765.0;5766.0;1.0
3172;4109.0;Magalhães Barata;PA;8115.0;8115.0;0.0
3173;14709.0;Carvalhópolis;MG;3341.0;3341.0;0.0
3174;1806.0;Benedito Leite;MA;5469.0;5469.0;0.0
3175;6800.0;Damolândia;GO;2725.0;2724.0;-1.0
3176;17201.0;Ituaçu;BA;17915.0;17914.0;-1.0
3177;1859.0;Caiçara do Norte;RN;6295.0;6293.0;-2.0
3178;10852.0;Mirim Doce;SC;2513.0;2511.0;-2.0
3179;18008.0;Guarani d'Oeste;SP;1970.0;1968.0;-2.0
3180;3008.0;Boa Esperança;PR;4560.0;4558.0;-2.0
3181;1603.0;Araçu;GO;3802.0;3799.0;-3.0
3182;14704.0;Várzea;RN;5236.0;5233.0;-3.0
3183;55802.0;Urânia;SP;8836.0;8833.0;-3.0
3184;5904.0;Manoel Emídio;PI;5213.0;5209.0;-4.0
3185;21208.0;Tocantinópolis;TO;22619.0;22615.0;-4.0
3186;70602.0;Vargem Bonita;MG;2163.0;2158.0;-5.0
3187;67004.0;Serranos;MG;1995.0;1990.0;-5.0
3188;307.0;Afonso Bezerra;RN;10844.0;10839.0;-5.0
3189;3673.0;Campestre da Serra;RS;3247.0;3242.0;-5.0
3190;38302.0;Leandro Ferreira;MG;3205.0;3199.0;-6.0
3191;15129.0;Emilianópolis;SP;3020.0;3014.0;-6.0
3192;10907.0;Paulista;PB;11840.0;11834.0;-6.0
3193;8700.0;Redenção do Gurguéia;PI;8400.0;8394.0;-6.0
3194;17301.0;Santa Vitória do Palmar;RS;30990.0;30983.0;-7.0
3195;34806.0;Jacuí;MG;7502.0;7495.0;-7.0
3196;4952.0;Caseiros;RS;3007.0;3000.0;-7.0
3197;12179.0;Mato Queimado;RS;1802.0;1795.0;-7.0
3198;2803.0;Buíque;PE;52105.0;52097.0;-8.0
3199;9500.0;Santo Inácio do Piauí;PI;3654.0;3646.0;-8.0
3200;3104.0;Natividade;RJ;15082.0;15074.0;-8.0
3201;7753.0;Brejo Alegre;SP;2573.0;2565.0;-8.0
3202;25408.0;Felício dos Santos;MG;5142.0;5133.0;-9.0
3203;19907.0;Iepê;SP;7628.0;7619.0;-9.0
3204;3306.0;Aracitaba;MG;2058.0;2049.0;-9.0
3205;11951.0;Lagoa do Tocantins;TO;3525.0;3516.0;-9.0
3206;9203.0;Santa Filomena;PI;6096.0;6087.0;-9.0
3207;16008.0;São Carlos;SC;10291.0;10282.0;-9.0
3208;10938.0;Sussuapara;PI;6229.0;6220.0;-9.0
3209;4428.0;Candói;PR;14983.0;14973.0;-10.0
3210;10600.0;Ouro Velho;PB;2928.0;2918.0;-10.0
3211;45100.0;Salmourão;SP;4818.0;4808.0;-10.0
3212;5306.0;Januário Cicco;RN;9062.0;9051.0;-11.0
3213;401.0;Acaiaca;MG;3920.0;3909.0;-11.0
3214;11308.0;Itaúna do Sul;PR;3583.0;3572.0;-11.0
3215;23502.0;Douradoquara;MG;1841.0;1829.0;-12.0
3216;34104.0;Oriente;SP;6097.0;6085.0;-12.0
3217;10803.0;Meleiro;SC;7018.0;7006.0;-12.0
3218;7864.0;Fagundes Varela;RS;2579.0;2566.0;-13.0
3219;14008.0;São João do Cariri;PB;4239.0;4226.0;-13.0
3220;11206.0;Itapuranga;GO;26127.0;26113.0;-14.0
3221;203.0;Abaeté;MG;22690.0;22675.0;-15.0
3222;3057.0;Boa Vista da Aparecida;PR;7939.0;7924.0;-15.0
3223;20806.0;Inúbia Paulista;SP;3630.0;3615.0;-15.0
3224;10905.0;Pesqueira;PE;62737.0;62722.0;-15.0
3225;43005.0;Monte Belo;MG;13061.0;13046.0;-15.0
3226;53500.0;Tapiraí;SP;8012.0;7996.0;-16.0
3227;7159.0;Bom Sucesso de Itararé;SP;3571.0;3555.0;-16.0
3228;10359.0;São Lourenço do Piauí;PI;4427.0;4410.0;-17.0
3229;609.0;Alagoinha;PE;13559.0;13542.0;-17.0
3230;4201.0;Cachoeira de Goiás;GO;1422.0;1405.0;-17.0
3231;29905.0;Ibitiúra de Minas;MG;3382.0;3365.0;-17.0
3232;8607.0;Paraná;RN;3952.0;3934.0;-18.0
3233;1104.0;Itapuã do Oeste;RO;8566.0;8548.0;-18.0
3234;32827.0;Nova Campina;SP;8515.0;8497.0;-18.0
3235;10306.0;Ilópolis;RS;4175.0;4157.0;-18.0
3236;10555.0;Marema;SC;2203.0;2184.0;-19.0
3237;2902.0;Antônio Carlos;MG;11114.0;11095.0;-19.0
3238;21100.0;Delfim Moreira;MG;7971.0;7952.0;-19.0
3239;30705.0;Indianópolis;MG;6190.0;6171.0;-19.0
3240;12757.0;Nova Alvorada;RS;3182.0;3163.0;-19.0
3241;36504.0;Jordânia;MG;10324.0;10304.0;-20.0
3242;70305.0;Umburatiba;MG;2705.0;2684.0;-21.0
3243;34807.0;Ouro Verde;SP;7800.0;7779.0;-21.0
3244;33106.0;Nova Guataporanga;SP;2177.0;2156.0;-21.0
3245;4622.0;Capão Bonito do Sul;RS;1754.0;1733.0;-21.0
3246;21506.0;Desterro do Melo;MG;3015.0;2994.0;-21.0
3247;7408.0;Jericó;PB;7538.0;7516.0;-22.0
3248;4154.0;Francisco Macedo;PI;2951.0;2929.0;-22.0
3249;5108.0;Jandaíra;RN;6585.0;6562.0;-23.0
3250;25507.0;São Gonçalo do Rio Preto;MG;3056.0;3032.0;-24.0
3251;13653.0;Joca Claudino;PB;2564.0;2539.0;-25.0
3252;19707.0;Planaltina do Paraná;PR;4095.0;4070.0;-25.0
3253;6906.0;Santarém Novo;PA;6141.0;6116.0;-25.0
3254;66956.0;Serranópolis de Minas;MG;4425.0;4399.0;-26.0
3255;28600.0;Guarda-Mor;MG;6565.0;6539.0;-26.0
3256;2700.0;Ilha das Flores;SE;8348.0;8321.0;-27.0
3257;7858.0;Irati;SC;2096.0;2069.0;-27.0
3258;17008.0;Pindorama do Tocantins;TO;4506.0;4478.0;-28.0
3259;23858.0;Entre Folhas;MG;5207.0;5179.0;-28.0
3260;44400.0;Rubiácea;SP;2729.0;2700.0;-29.0
3261;5587.0;Colinas;RS;2452.0;2423.0;-29.0
3262;10801.0;Riacho de Santana;RN;4156.0;4127.0;-29.0
3263;14907.0;Casa Grande;MG;2244.0;2214.0;-30.0
3264;1655.0;Arapuã;PR;3557.0;3527.0;-30.0
3265;16901.0;Nova Esperança;PR;26615.0;26585.0;-30.0
3266;28633.0;Doutor Ulysses;PR;5727.0;5697.0;-30.0
3267;71402.0;Vieiras;MG;3731.0;3700.0;-31.0
3268;906.0;Águas Formosas;MG;18479.0;18448.0;-31.0
3269;45406.0;Olaria;MG;1976.0;1945.0;-31.0
3270;3306.0;Calçado;PE;11125.0;11093.0;-32.0
3271;4406.0;Marapanim;PA;26605.0;26573.0;-32.0
3272;252.0;Alcinópolis;MS;4569.0;4537.0;-32.0
3273;22250.0;Muquém do São Francisco;BA;10475.0;10443.0;-32.0
3274;12036.0;Poço Dantas;PB;3863.0;3830.0;-33.0
3275;12500.0;Mostardas;RS;12124.0;12090.0;-34.0
3276;406.0;Água Nova;RN;2980.0;2946.0;-34.0
3277;27354.0;Glaucilândia;MG;2962.0;2928.0;-34.0
3278;7850.0;Pavussu;PI;3663.0;3628.0;-35.0
3279;9104.0;Guaporema;PR;2226.0;2191.0;-35.0
3280;28304.0;Magda;SP;3200.0;3165.0;-35.0
3281;13429.0;Lidianópolis;PR;3973.0;3938.0;-35.0
3282;9805.0;Leoberto Leal;SC;3365.0;3330.0;-35.0
3283;27882.0;Tunas do Paraná;PR;6256.0;6219.0;-37.0
3284;17409.0;Jacaraci;BA;14473.0;14436.0;-37.0
3285;6602.0;Cumari;GO;2964.0;2927.0;-37.0
3286;44359.0;Naque;MG;6341.0;6303.0;-38.0
3287;5157.0;Cerro Grande;RS;2417.0;2379.0;-38.0
3288;10501.0;Olivedos;PB;3618.0;3580.0;-38.0
3289;15059.0;Rio Rufino;SC;2436.0;2397.0;-39.0
3290;11502.0;Santo Antônio;RN;22216.0;22177.0;-39.0
3291;7401.0;Martins;RN;8218.0;8179.0;-39.0
3292;1909.0;Caiçara do Rio do Vento;RN;3308.0;3268.0;-40.0
3293;13300.0;Serra de São Bento;RN;5743.0;5703.0;-40.0
3294;4504.0;Condado;PB;6491.0;6451.0;-40.0
3295;52601.0;Tabapuã;SP;11363.0;11323.0;-40.0
3296;11100.0;Itaporã do Tocantins;TO;2445.0;2404.0;-41.0
3297;4073.0;Feira Nova do Maranhão;MA;8089.0;8048.0;-41.0
3298;7405.0;Palmeira do Piauí;PI;4993.0;4952.0;-41.0
3299;26207.0;Sapopema;PR;6736.0;6695.0;-41.0
3300;1350.0;Bacurituba;MA;5293.0;5252.0;-41.0
3301;4804.0;Ipueira;RN;2077.0;2035.0;-42.0
3302;8108.0;Paulo Ramos;MA;20383.0;20341.0;-42.0
3303;12351.0;Montauri;RS;1542.0;1499.0;-43.0
3304;9906.0;São João da Serra;PI;6157.0;6114.0;-43.0
3305;61304.0;São Francisco de Sales;MG;5776.0;5732.0;-44.0
3306;8957.0;Guamiranga;PR;7900.0;7856.0;-44.0
3307;2605.0;Camapuã;MS;13628.0;13583.0;-45.0
3308;13906.0;Presidente Castello Branco;SC;1734.0;1689.0;-45.0
3309;50109.0;Piau;MG;2841.0;2796.0;-45.0
3310;9006.0;Macaparana;PE;23925.0;23879.0;-46.0
3311;4608.0;General Sampaio;CE;6780.0;6734.0;-46.0
3312;10308.0;Parambu;CE;31491.0;31445.0;-46.0
3313;7450.0;Esperança do Sul;RS;3272.0;3226.0;-46.0
3314;12808.0;Mara Rosa;GO;10746.0;10700.0;-46.0
3315;14134.0;Paulo Bento;RS;2191.0;2144.0;-47.0
3316;17405.0;Conceição de Ipanema;MG;4456.0;4409.0;-47.0
3317;8052.0;Faxinalzinho;RS;2567.0;2520.0;-47.0
3318;6606.0;Bertópolis;MG;4498.0;4451.0;-47.0
3319;32157.0;Nantes;SP;2707.0;2660.0;-47.0
3320;4404.0;Avanhandava;SP;11310.0;11263.0;-47.0
3321;554.0;Alto Alegre;RS;1848.0;1800.0;-48.0
3322;10050.0;Macieira;SC;1826.0;1778.0;-48.0
3323;17558.0;Santo Antônio do Palma;RS;2139.0;2091.0;-48.0
3324;2584.0;Bozano;RS;2200.0;2151.0;-49.0
3325;30804.0;Ingaí;MG;2629.0;2580.0;-49.0
3326;14550.0;Carneirinho;MG;9471.0;9422.0;-49.0
3327;9807.0;Ipueiras;TO;1639.0;1590.0;-49.0
3328;11748.0;Senador Alexandre Costa;MA;10256.0;10207.0;-49.0
3329;8601.0;Prata do Piauí;PI;3092.0;3042.0;-50.0
3330;2105.0;Campo Redondo;RN;10266.0;10215.0;-51.0
3331;4452.0;Aricanduva;MG;4770.0;4719.0;-51.0
3332;1051.0;Assunção do Piauí;PI;7503.0;7452.0;-51.0
3333;13009.0;Vitorino Freire;MA;30897.0;30845.0;-52.0
3334;20800.0;Soledade;RS;30044.0;29991.0;-53.0
3335;27900.0;Lutécia;SP;2714.0;2661.0;-53.0
3336;10308.0;Major Vieira;SC;7479.0;7425.0;-54.0
3337;45506.0;Sandovalina;SP;3699.0;3645.0;-54.0
3338;7054.0;Ernestina;RS;3088.0;3034.0;-54.0
3339;4101.0;Galinhos;RN;2159.0;2104.0;-55.0
3340;13307.0;Santa Helena;PB;5920.0;5865.0;-55.0
3341;51.0;Abdon Batista;SC;2653.0;2598.0;-55.0
3342;11791.0;Maratá;RS;2527.0;2470.0;-57.0
3343;8205.0;Pio IX;PI;17671.0;17613.0;-58.0
3344;18308.0;Jitaúna;BA;14413.0;14355.0;-58.0
3345;12801.0;Maurilândia do Tocantins;TO;3154.0;3095.0;-59.0
3346;20701.0;Sobradinho;RS;14285.0;14226.0;-59.0
3347;2207.0;Juruá;AM;10802.0;10742.0;-60.0
3348;18507.0;São José do Norte;RS;25503.0;25443.0;-60.0
3349;59902.0;Santo Antônio do Amparo;MG;17345.0;17285.0;-60.0
3350;15752.0;São Bernardino;SC;2744.0;2684.0;-60.0
3351;50001.0;São Luiz do Paraitinga;SP;10397.0;10337.0;-60.0
3352;3207.0;Araçaí;MG;2243.0;2181.0;-62.0
3353;15901.0;São Bonifácio;SC;3008.0;2946.0;-62.0
3354;12702.0;Jataizinho;PR;11875.0;11813.0;-62.0
3355;32868.0;Nova Castilho;SP;1125.0;1062.0;-63.0
3356;67806.0;Soledade de Minas;MG;5676.0;5613.0;-63.0
3357;5555.0;Frei Rogério;SC;2474.0;2411.0;-63.0
3358;10104.0;Santa Quitéria do Maranhão;MA;24021.0;23957.0;-64.0
3359;45356.0;Novo Oriente de Minas;MG;10339.0;10275.0;-64.0
3360;10209.0;Major Gercino;SC;3279.0;3214.0;-65.0
3361;5351.0;Barra do Chapéu;SP;5244.0;5179.0;-65.0
3362;6007.0;José da Penha;RN;5868.0;5803.0;-65.0
3363;4105.0;Francisco Ayres;PI;4477.0;4412.0;-65.0
3364;67905.0;Tabuleiro;MG;4079.0;4014.0;-65.0
3365;14159.0;Paverama;RS;8044.0;7978.0;-66.0
3366;12603.0;Jardim Olinda;PR;1409.0;1343.0;-66.0
3367;8306.0;Cabrália Paulista;SP;4365.0;4299.0;-66.0
3368;17806.0;Santo Augusto;RS;13968.0;13902.0;-66.0
3369;5608.0;Miranda;MS;25602.0;25536.0;-66.0
3370;4108.0;Carrapateira;PB;2378.0;2312.0;-66.0
3371;7500.0;Espumoso;RS;15240.0;15173.0;-67.0
3372;6429.0;Dois Irmãos das Missões;RS;2157.0;2090.0;-67.0
3373;34500.0;Oscar Bressane;SP;2537.0;2470.0;-67.0
3374;9654.0;Hulha Negra;RS;6043.0;5976.0;-67.0
3375;58003.0;Santa Maria de Itabira;MG;10552.0;10485.0;-67.0
3376;47600.0;Passa Quatro;MG;15582.0;15515.0;-67.0
3377;5607.0;Landri Sales;PI;5281.0;5213.0;-68.0
3378;2054.0;Araçás;BA;11625.0;11557.0;-68.0
3379;3404.0;Cafeara;PR;2695.0;2627.0;-68.0
3380;20405.0;São Simão;GO;17088.0;17020.0;-68.0
3381;6201.0;Bento de Abreu;SP;2674.0;2606.0;-68.0
3382;13850.0;Dirce Reis;SP;1689.0;1620.0;-69.0
3383;6704.0;Cruzeiro do Sul;PR;4563.0;4494.0;-69.0
3384;6407.0;Monsenhor Gil;PI;10324.0;10255.0;-69.0
3385;30051.0;Icaraí de Minas;MG;10746.0;10677.0;-69.0
3386;20002.0;Santa Terezinha do Tocantins;TO;2475.0;2406.0;-69.0
3387;6654.0;Morro Cabeça no Tempo;PI;4447.0;4377.0;-70.0
3388;18606.0;São José do Ouro;RS;6904.0;6834.0;-70.0
3389;5959.0;Cotiporã;RS;3917.0;3846.0;-71.0
3390;53906.0;Tarabai;SP;6607.0;6536.0;-71.0
3391;1207.0;Carmo;RJ;17269.0;17198.0;-71.0
3392;4409.0;Rio Claro;RJ;17473.0;17401.0;-72.0
3393;71105.0;Veríssimo;MG;3483.0;3411.0;-72.0
3394;1802.0;Atalanta;SC;3300.0;3227.0;-73.0
3395;23358.0;Vila Lângaro;RS;2152.0;2079.0;-73.0
3396;606.0;Altaneira;CE;6856.0;6782.0;-74.0
3397;6670.0;Morro do Chapéu do Piauí;PI;6499.0;6425.0;-74.0
3398;39608.0;Planalto;SP;4463.0;4389.0;-74.0
3399;507.0;Águas de Chapecó;SC;6110.0;6036.0;-74.0
3400;13400.0;Moiporá;GO;1760.0;1685.0;-75.0
3401;28808.0;Guidoval;MG;7206.0;7131.0;-75.0
3402;16607.0;Tavares;PB;14176.0;14101.0;-75.0
3403;13053.0;Mimoso de Goiás;GO;2690.0;2614.0;-76.0
3404;5516.0;Juazeiro do Piauí;PI;5290.0;5214.0;-76.0
3405;9056.0;Porto Rico do Maranhão;MA;6030.0;5954.0;-76.0
3406;15801.0;Palmelo;GO;2335.0;2259.0;-76.0
3407;8858.0;Riacho Frio;PI;4241.0;4165.0;-76.0
3408;303.0;Aguaí;SP;32148.0;32072.0;-76.0
3409;12006.0;Jaupaci;GO;3000.0;2924.0;-76.0
3410;2117.0;Campo Alegre do Fidalgo;PI;4693.0;4616.0;-77.0
3411;9904.0;Pacujá;CE;6253.0;6175.0;-78.0
3412;506.0;Aloândia;GO;2051.0;1973.0;-78.0
3413;10704.0;Matos Costa;SC;2839.0;2761.0;-78.0
3414;1606.0;Arapoti;PR;25855.0;25777.0;-78.0
3415;3108.0;Corguinho;MS;4862.0;4783.0;-79.0
3416;6603.0;Guarujá do Sul;SC;4908.0;4829.0;-79.0
3417;6251.0;Gado Bravo;PB;8258.0;8179.0;-79.0
3418;52304.0;Sud Mennucci;SP;7435.0;7355.0;-80.0
3419;13000.0;Salgadinho;PB;3436.0;3355.0;-81.0
3420;10006.0;Nazarezinho;PB;7284.0;7203.0;-81.0
3421;661.0;André da Rocha;RS;1216.0;1135.0;-81.0
3422;10750.0;Fátima;BA;17976.0;17895.0;-81.0
3423;54408.0;Ressaquinha;MG;4630.0;4548.0;-82.0
3424;901.0;Aratiba;RS;6565.0;6483.0;-82.0
3425;5948.0;Lago dos Rodrigues;MA;8840.0;8758.0;-82.0
3426;32843.0;Nova Canaã Paulista;SP;2114.0;2032.0;-82.0
3427;11904.0;Clementina;SP;7065.0;6982.0;-83.0
3428;46602.0;Paiva;MG;1558.0;1474.0;-84.0
3429;1853.0;Ariranha do Ivaí;PR;2413.0;2329.0;-84.0
3430;7406.0;Itacuruba;PE;4369.0;4284.0;-85.0
3431;50208.0;Piedade de Ponte Nova;MG;4062.0;3976.0;-86.0
3432;1209.0;Araguainha;MT;1096.0;1010.0;-86.0
3433;8433.0;Forquetinha;RS;2479.0;2393.0;-86.0
3434;40101.0;Pongaí;SP;3481.0;3395.0;-86.0
3435;3453.0;Dom Inocêncio;PI;9245.0;9159.0;-86.0
3436;45802.0;Onça de Pitangui;MG;3055.0;2969.0;-86.0
3437;6202.0;Frei Martinho;PB;2933.0;2846.0;-87.0
3438;21109.0;Quinta do Sol;PR;5088.0;5001.0;-87.0
3439;10904.0;Itaguajé;PR;4568.0;4481.0;-87.0
3440;15194.0;Espírito Santo do Turvo;SP;4244.0;4157.0;-87.0
3441;62658.0;São João do Pacuí;MG;4060.0;3972.0;-88.0
3442;15903.0;Mirador;PR;2327.0;2238.0;-89.0
3443;2091.0;Caldeirão Grande do Piauí;PI;5592.0;5503.0;-89.0
3444;12274.0;Tufilândia;MA;5596.0;5507.0;-89.0
3445;3109.0;Cedral;MA;10297.0;10208.0;-89.0
3446;4607.0;Santa Maria Madalena;RJ;10321.0;10232.0;-89.0
3447;3602.0;Brasilândia do Tocantins;TO;2064.0;1974.0;-90.0
3448;4305.0;Godofredo Viana;MA;10276.0;10186.0;-90.0
3449;10052.0;Iguatu;PR;2234.0;2144.0;-90.0
3450;22172.0;Rio Branco do Ivaí;PR;3898.0;3808.0;-90.0
3451;44706.0;Nova Era;MG;17528.0;17438.0;-90.0
3452;3200.0;Igarapé-Açu;PA;35887.0;35797.0;-90.0
3453;11850.0;Ouro Verde;SC;2271.0;2181.0;-90.0
3454;5573.0;Lagoa de São Francisco;PI;6422.0;6331.0;-91.0
3455;26900.0;Tapira;PR;5836.0;5745.0;-91.0
3456;14708.0;Maria Helena;PR;5956.0;5865.0;-91.0
3457;5009.0;Jaçanã;RN;7925.0;7834.0;-91.0
3458;53806.0;Queluzito;MG;1861.0;1770.0;-91.0
3459;3222.0;Bom Sucesso do Sul;PR;3293.0;3202.0;-91.0
3460;8008.0;Bom Sucesso;MG;17243.0;17151.0;-92.0
3461;5532.0;Jurema;PI;4517.0;4425.0;-92.0
3462;12625.0;Muliterno;RS;1813.0;1721.0;-92.0
3463;8404.0;Botelhos;MG;14920.0;14828.0;-92.0
3464;15075.0;Riqueza;SC;4860.0;4768.0;-92.0
3465;9854.0;Lindóia do Sul;SC;4642.0;4549.0;-93.0
3466;13351.0;Ponte Alta do Norte;SC;3303.0;3210.0;-93.0
3467;26707.0;Rio de Contas;BA;13278.0;13184.0;-94.0
3468;6258.0;Crixás do Tocantins;TO;1564.0;1470.0;-94.0
3469;23600.0;Santa Inês;PR;1842.0;1748.0;-94.0
3470;12901.0;Caputira;MG;9030.0;8936.0;-94.0
3471;3040.0;Boa Ventura de São Roque;PR;6472.0;6378.0;-94.0
3472;1207.0;Anhanguera;GO;1020.0;924.0;-96.0
3473;12309.0;Princesa Isabel;PB;21210.0;21114.0;-96.0
3474;45703.0;Oliveira Fortes;MG;2123.0;2027.0;-96.0
3475;40408.0;Populina;SP;4223.0;4127.0;-96.0
3476;1405.0;Conceição de Macabu;RJ;21200.0;21104.0;-96.0
3477;58706.0;Santana do Garambéu;MG;2234.0;2137.0;-97.0
3478;21700.0;Uruana;GO;13826.0;13729.0;-97.0
3479;471.0;Almirante Tamandaré do Sul;RS;2067.0;1969.0;-98.0
3480;12703.0;Capitão Enéas;MG;14206.0;14108.0;-98.0
3481;8458.0;Fortaleza dos Valos;RS;4575.0;4477.0;-98.0
3482;7578.0;Rondolândia;MT;3604.0;3505.0;-99.0
3483;41900.0;Minduri;MG;3840.0;3741.0;-99.0
3484;12054.0;Marques de Souza;RS;4068.0;3969.0;-99.0
3485;11309.0;Campo do Meio;MG;11476.0;11377.0;-99.0
3486;28105.0;Guapé;MG;13872.0;13772.0;-100.0
3487;70651.0;Vargem Grande do Rio Pardo;MG;4733.0;4633.0;-100.0
3488;12900.0;Jundiaí do Sul;PR;3433.0;3333.0;-100.0
3489;14957.0;Embaúba;SP;2423.0;2323.0;-100.0
3490;6403.0;Lagoa de Velhos;RN;2668.0;2567.0;-101.0
3491;19506.0;Santa Rosa de Goiás;GO;2922.0;2820.0;-102.0
3492;5176.0;Vila Valério;ES;13830.0;13728.0;-102.0
3493;22525.0;Vale Verde;RS;3253.0;3150.0;-103.0
3494;22327.0;Turuçu;RS;3522.0;3419.0;-103.0
3495;3702.0;Araponga;MG;8152.0;8048.0;-104.0
3496;7405.0;Enéas Marques;PR;6103.0;5999.0;-104.0
3497;4905.0;Descanso;SC;8634.0;8530.0;-104.0
3498;5151.0;Jacobina do Piauí;PI;5717.0;5613.0;-104.0
3499;2703.0;Aurora do Tocantins;TO;3446.0;3342.0;-104.0
3500;4700.0;Correntes;PE;17235.0;17131.0;-104.0
3501;6801.0;Ibicaré;SC;3373.0;3269.0;-104.0
3502;10383.0;São Miguel da Baixa Grande;PI;2373.0;2269.0;-104.0
3503;19737.0;São Valério do Sul;RS;2647.0;2543.0;-104.0
3504;44608.0;Sabino;SP;5217.0;5112.0;-105.0
3505;100.0;Amparo do São Francisco;SE;2275.0;2170.0;-105.0
3506;50307.0;Piedade do Rio Grande;MG;4709.0;4604.0;-105.0
3507;6400.0;Gurinhém;PB;13872.0;13766.0;-106.0
3508;20978.0;Talismã;TO;2562.0;2456.0;-106.0
3509;53658.0;Taquaral;SP;2726.0;2619.0;-107.0
3510;11652.0;Novo Horizonte;SC;2750.0;2643.0;-107.0
3511;1851.0;Banabuiú;CE;17302.0;17195.0;-107.0
3512;13086.0;Nova Pádua;RS;2450.0;2343.0;-107.0
3513;805.0;Belém;AL;4829.0;4722.0;-107.0
3514;10300.0;São Julião;PI;6132.0;6025.0;-107.0
3515;36553.0;José Raydan;MG;4376.0;4268.0;-108.0
3516;16505.0;Nova Aliança do Ivaí;PR;1431.0;1323.0;-108.0
3517;703.0;Anta Gorda;RS;6066.0;5957.0;-109.0
3518;12617.0;Muitos Capões;RS;2988.0;2879.0;-109.0
3519;28500.0;Wenceslau Braz;PR;19298.0;19188.0;-110.0
3520;13466.0;Novo Xingu;RS;1757.0;1646.0;-111.0
3521;4002.0;Frutuoso Gomes;RN;4233.0;4122.0;-111.0
3522;7959.0;Nova Santa Rita;PI;4187.0;4076.0;-111.0
3523;12443.0;Morrinhos do Sul;RS;3182.0;3071.0;-111.0
3524;12385.0;Monte Belo do Sul;RS;2668.0;2557.0;-111.0
3525;17954.0;Santo Expedito do Sul;RS;2461.0;2349.0;-112.0
3526;55208.0;Turiúba;SP;1930.0;1818.0;-112.0
3527;7553.0;Paquetá;PI;3925.0;3813.0;-112.0
3528;58607.0;Santana do Deserto;MG;3860.0;3747.0;-113.0
3529;14700.0;Echaporã;SP;6318.0;6205.0;-113.0
3530;11700.0;São Bento do Trairí;RN;3905.0;3792.0;-113.0
3531;106.0;Água Branca;PB;9449.0;9335.0;-114.0
3532;2201.0;Bom Jesus;PB;2400.0;2286.0;-114.0
3533;10303.0;Nova Palmeira;PB;4373.0;4259.0;-114.0
3534;3883.0;Carmolândia;TO;2316.0;2201.0;-115.0
3535;1509.0;Alvinlândia;SP;3000.0;2885.0;-115.0
3536;16428.0;Sagrada Família;RS;2595.0;2480.0;-115.0
3537;18106.0;Congonhas do Norte;MG;4946.0;4831.0;-115.0
3538;7501.0;Estrela do Norte;GO;3320.0;3205.0;-115.0
3539;2009.0;Coité do Nóia;AL;10926.0;10810.0;-116.0
3540;4701.0;Graça Aranha;MA;6140.0;6023.0;-117.0
3541;57658.0;Santa Helena de Minas;MG;6055.0;5938.0;-117.0
3542;22470.0;Dom Bosco;MG;3814.0;3697.0;-117.0
3543;26108.0;São Tomé;PR;5349.0;5232.0;-117.0
3544;10305.0;Elísio Medrado;BA;7926.0;7808.0;-118.0
3545;14704.0;Planalto;RS;10524.0;10406.0;-118.0
3546;18855.0;União do Oeste;SC;2892.0;2774.0;-118.0
3547;5934.0;Coronel Pilar;RS;1725.0;1607.0;-118.0
3548;1651.0;Bodó;RN;2425.0;2306.0;-119.0
3549;3505.0;Areias;SP;3696.0;3577.0;-119.0
3550;300.0;Alfredo Chaves;ES;13955.0;13836.0;-119.0
3551;202.0;Adrianópolis;PR;6376.0;6256.0;-120.0
3552;7520.0;Esperança Nova;PR;1970.0;1849.0;-121.0
3553;19200.0;Vidal Ramos;SC;6310.0;6189.0;-121.0
3554;10659.0;Parari;PB;1842.0;1720.0;-122.0
3555;7941.0;Tabaporã;MT;9942.0;9818.0;-124.0
3556;35803.0;Jequitinhonha;MG;24131.0;24007.0;-124.0
3557;11201.0;Catiguá;SP;7127.0;7003.0;-124.0
3558;69059.0;Tocos do Moji;MG;3950.0;3826.0;-124.0
3559;53707.0;Quartel Geral;MG;3303.0;3179.0;-124.0
3560;4550.0;Guaribas;PI;4401.0;4276.0;-125.0
3561;12252.0;Minas do Leão;RS;7631.0;7505.0;-126.0
3562;105.0;Amapá;AP;8069.0;7943.0;-126.0
3563;6003.0;Lima Campos;MA;11423.0;11297.0;-126.0
3564;1988.0;Brejo do Piauí;PI;4030.0;3904.0;-126.0
3565;44904.0;Nova Módica;MG;3790.0;3663.0;-127.0
3566;50570.0;Pintópolis;MG;7211.0;7084.0;-127.0
3567;17154.0;São Miguel da Boa Vista;SC;1909.0;1781.0;-128.0
3568;3253.0;Capão Alto;SC;2753.0;2625.0;-128.0
3569;10603.0;Rafael Godeiro;RN;3063.0;2934.0;-129.0
3570;5250.0;Jardim do Mulato;PI;4309.0;4180.0;-129.0
3571;7652.0;Figueirópolis;TO;5340.0;5211.0;-129.0
3572;15607.0;Cedro do Abaeté;MG;1210.0;1081.0;-129.0
3573;19364.0;São Pedro das Missões;RS;1886.0;1757.0;-129.0
3574;9609.0;São Félix do Piauí;PI;2972.0;2842.0;-130.0
3575;8702.0;Pio XII;MA;22016.0;21886.0;-130.0
3576;1073.0;Arroio do Padre;RS;2730.0;2599.0;-131.0
3577;13441.0;Novo Tiradentes;RS;2277.0;2146.0;-131.0
3578;5405.0;Chiapetta;RS;4044.0;3913.0;-131.0
3579;40309.0;Pontes Gestal;SP;2518.0;2387.0;-131.0
3580;175.0;Água Fria de Goiás;GO;5085.0;4954.0;-131.0
3581;2131.0;Bela Vista do Toldo;SC;6004.0;5872.0;-132.0
3582;3108.0;Antônio Prado de Minas;MG;1671.0;1538.0;-133.0
3583;16653.0;Pequizeiro;TO;5054.0;4921.0;-133.0
3584;58409.0;Santana de Cataguases;MG;3622.0;3489.0;-133.0
3585;17400.0;Santiago;RS;49071.0;48938.0;-133.0
3586;14107.0;São João do Tigre;PB;4396.0;4263.0;-133.0
3587;14808.0;Carvalhos;MG;4556.0;4422.0;-134.0
3588;15609.0;Serra da Raiz;PB;3228.0;3094.0;-134.0
3589;6759.0;Doutor Ricardo;RS;2022.0;1888.0;-134.0
3590;13101.0;Ibititá;BA;17103.0;16969.0;-134.0
3591;6072.0;Cristal do Sul;RS;2826.0;2692.0;-134.0
3592;48806.0;Pedra do Anta;MG;3446.0;3311.0;-135.0
3593;23701.0;Itirapuã;SP;5914.0;5779.0;-135.0
3594;7008.0;Pindoba;AL;2866.0;2731.0;-135.0
3595;37156.0;Pedrinhas Paulista;SP;2940.0;2804.0;-136.0
3596;15131.0;Pouso Novo;RS;1875.0;1739.0;-136.0
3597;22107.0;Rio Bom;PR;3334.0;3197.0;-137.0
3598;277.0;Alegrete do Piauí;PI;4771.0;4634.0;-137.0
3599;21577.0;Uirapuru;GO;2936.0;2798.0;-138.0
3600;19209.0;Santa Cruz de Goiás;GO;3140.0;3002.0;-138.0
3601;5107.0;Caém;BA;10522.0;10384.0;-138.0
3602;11892.0;Painel;SC;2353.0;2215.0;-138.0
3603;9457.0;Guarinos;GO;2299.0;2161.0;-138.0
3604;6209.0;Miguel Alves;PI;32289.0;32150.0;-139.0
3605;21352.0;Tavares;RS;5351.0;5212.0;-139.0
3606;11009.0;Mondaí;SC;10205.0;10066.0;-139.0
3607;13003.0;Nova Bréscia;RS;3184.0;3044.0;-140.0
3608;3958.0;Campina do Simão;PR;4076.0;3936.0;-140.0
3609;6008.0;Ribeirópolis;SE;17173.0;17033.0;-140.0
3610;11605.0;Vila Nova do Piauí;PI;3076.0;2935.0;-141.0
3611;32800.0;Itambé do Mato Dentro;MG;2283.0;2142.0;-141.0
3612;20321.0;Senador Salgado Filho;RS;2814.0;2673.0;-141.0
3613;5804.0;Olho d'Água do Casado;AL;8491.0;8349.0;-142.0
3614;9303.0;Mirandiba;PE;14308.0;14166.0;-142.0
3615;14503.0;São José de Piranhas;PB;19209.0;19067.0;-142.0
3616;6908.0;Lucrécia;RN;3633.0;3490.0;-143.0
3617;25705.0;Felixlândia;MG;14121.0;13978.0;-143.0
3618;3305.0;Borrazópolis;PR;7878.0;7735.0;-143.0
3619;17107.0;Nova Londrina;PR;13067.0;12923.0;-144.0
3620;3801.0;Arapuá;MG;2775.0;2631.0;-144.0
3621;15003.0;Cascalho Rico;MG;2857.0;2712.0;-145.0
3622;13508.0;Serrinha;RN;6581.0;6436.0;-145.0
3623;6571.0;Cruzeiro do Iguaçu;PR;4278.0;4133.0;-145.0
3624;7831.0;Eugênio de Castro;RS;2778.0;2633.0;-145.0
3625;3908.0;Jundiá;AL;4237.0;4092.0;-145.0
3626;49200.0;Pedrinópolis;MG;3490.0;3344.0;-146.0
3627;5702.0;Condor;RS;6552.0;6406.0;-146.0
3628;32408.0;Uibaí;BA;13578.0;13432.0;-146.0
3629;808.0;Anapurus;MA;13939.0;13793.0;-146.0
3630;10391.0;São Miguel do Fidalgo;PI;2976.0;2829.0;-147.0
3631;19357.0;Santa Isabel;GO;3686.0;3538.0;-148.0
3632;9501.0;Nazaré da Mata;PE;30796.0;30648.0;-148.0
3633;4102.0;Porciúncula;RJ;17437.0;17288.0;-149.0
3634;7908.0;Irineópolis;SC;10434.0;10285.0;-149.0
3635;9605.0;Pedra Preta;RN;2590.0;2441.0;-149.0
3636;3859.0;Floresta do Piauí;PI;2482.0;2333.0;-149.0
3637;754.0;Alto Bela Vista;SC;2005.0;1856.0;-149.0
3638;14175.0;Pedras Altas;RS;2212.0;2061.0;-151.0
3639;28625.0;Alto Paraíso;PR;3206.0;3055.0;-151.0
3640;55900.0;Rio Preto;MG;5292.0;5141.0;-151.0
3641;2304.0;Laje do Muriaé;RJ;7487.0;7336.0;-151.0
3642;11231.0;Potiretama;CE;6126.0;5974.0;-152.0
3643;4405.0;Conceição;PB;18412.0;18260.0;-152.0
3644;22651.0;Rosário do Ivaí;PR;5588.0;5435.0;-153.0
3645;3907.0;Chaval;CE;12615.0;12462.0;-153.0
3646;4614.0;Canudos do Vale;RS;1809.0;1656.0;-153.0
3647;2238.0;Boa Vista do Incra;RS;2425.0;2271.0;-154.0
3648;21832.0;Três Forquilhas;RS;2914.0;2760.0;-154.0
3649;6909.0;Davinópolis;GO;2056.0;1902.0;-154.0
3650;12055.0;Jesúpolis;GO;2278.0;2123.0;-155.0
3651;209.0;Água Limpa;GO;2013.0;1858.0;-155.0
3652;63904.0;São Pedro da União;MG;5040.0;4885.0;-155.0
3653;7707.0;Chorrochó;BA;10734.0;10579.0;-155.0
3654;15705.0;Palmeirante;TO;4954.0;4798.0;-156.0
3655;11508.0;São Mateus do Maranhão;MA;38985.0;38829.0;-156.0
3656;19712.0;Santo Antônio da Barra;GO;4423.0;4267.0;-156.0
3657;22855.0;Vespasiano Corrêa;RS;1974.0;1818.0;-156.0
3658;7601.0;Ipira;SC;4735.0;4578.0;-157.0
3659;33907.0;Itaverava;MG;5799.0;5642.0;-157.0
3660;103.0;Agricolândia;PI;5098.0;4940.0;-158.0
3661;7007.0;Jaguaruana;CE;31859.0;31701.0;-158.0
3662;1468.0;Pimenteiras do Oeste;RO;2315.0;2156.0;-159.0
3663;6101.0;Belmiro Braga;MG;3403.0;3244.0;-159.0
3664;5975.0;Coxilha;RS;2826.0;2667.0;-159.0
3665;9370.0;Mato Grosso;PB;2702.0;2543.0;-159.0
3666;1654.0;Guajará;AM;13974.0;13815.0;-159.0
3667;12007.0;Palma Sola;SC;7765.0;7605.0;-160.0
3668;5102.0;Chapada da Natividade;TO;3277.0;3117.0;-160.0
3669;13452.0;Lindoeste;PR;5335.0;5175.0;-160.0
3670;33809.0;Óleo;SP;2673.0;2512.0;-161.0
3671;12109.0;Caparaó;MG;5209.0;5048.0;-161.0
3672;21626.0;Travesseiro;RS;2314.0;2152.0;-162.0
3673;21450.0;Mirante;BA;10349.0;10187.0;-162.0
3674;43238.0;Ribeirão dos Índios;SP;2187.0;2025.0;-162.0
3675;5276.0;Jatobá do Piauí;PI;4656.0;4494.0;-162.0
3676;8204.0;São Brás;AL;6718.0;6555.0;-163.0
3677;3158.0;Arapeí;SP;2493.0;2330.0;-163.0
3678;829.0;Amaralina;GO;3432.0;3268.0;-164.0
3679;8352.0;Vale de São Domingos;MT;3068.0;2904.0;-164.0
3680;4753.0;Buritirama;BA;19753.0;19589.0;-164.0
3681;20853.0;Sucupira;TO;1742.0;1577.0;-165.0
3682;1108.0;Canhoba;SE;3956.0;3791.0;-165.0
3683;4269.0;Deputado Irapuan Pinheiro;CE;9097.0;8932.0;-165.0
3684;5204.0;Cuitegi;PB;6895.0;6730.0;-165.0
3685;7409.0;São Francisco do Pará;PA;15060.0;14894.0;-166.0
3686;13306.0;Cruzália;SP;2274.0;2108.0;-166.0
3687;47501.0;Passabém;MG;1766.0;1600.0;-166.0
3688;39707.0;Platina;SP;3192.0;3025.0;-167.0
3689;8505.0;Livramento;PB;7044.0;6877.0;-167.0
3690;15003.0;Taquaritinga do Norte;PE;24903.0;24736.0;-167.0
3691;301.0;Alto Longá;PI;13646.0;13479.0;-167.0
3692;28658.0;Virmond;PR;3979.0;3811.0;-168.0
3693;1002.0;Arraial;PI;4688.0;4520.0;-168.0
3694;9304.0;Presidente Vargas;MA;10717.0;10549.0;-168.0
3695;30002.0;Ibituruna;MG;2866.0;2698.0;-168.0
3696;9872.0;São João da Fronteira;PI;5691.0;5522.0;-169.0
3697;6655.0;Berizal;MG;4370.0;4201.0;-169.0
3698;5504.0;Jardim de Angicos;RN;2607.0;2437.0;-170.0
3699;16107.0;São Domingos;SC;9396.0;9226.0;-170.0
3700;7204.0;Siriri;SE;8004.0;7834.0;-170.0
3701;9602.0;Monte Horebe;PB;4508.0;4338.0;-170.0
3702;47007.0;Santa Maria da Serra;SP;5413.0;5243.0;-170.0
3703;23507.0;Vista Alegre;RS;2832.0;2660.0;-172.0
3704;18051.0;São Domingos do Sul;RS;2926.0;2754.0;-172.0
3705;11506.0;Jaú do Tocantins;TO;3507.0;3334.0;-173.0
3706;13409.0;Serra Negra do Norte;RN;7770.0;7597.0;-173.0
3707;4157.0;Casserengue;PB;7062.0;6889.0;-173.0
3708;9408.0;Guarani de Goiás;GO;4258.0;4085.0;-173.0
3709;7603.0;Parnaguá;PI;10276.0;10103.0;-173.0
3710;3905.0;Francisco Dantas;RN;2874.0;2700.0;-174.0
3711;3962.0;Buritinópolis;GO;3319.0;3145.0;-174.0
3712;42205.0;Miraí;MG;13808.0;13633.0;-175.0
3713;14787.0;Ponte Preta;RS;1750.0;1575.0;-175.0
3714;18502.0;Consolação;MG;1738.0;1563.0;-175.0
3715;37008.0;Pedregulho;SP;15700.0;15525.0;-175.0
3716;6100.0;Conselheiro Mairinck;PR;3636.0;3461.0;-175.0
3717;18451.0;Pugmil;TO;2369.0;2193.0;-176.0
3718;9008.0;Manaíra;PB;10610.0;10434.0;-176.0
3719;11007.0;Rodolfo Fernandes;RN;4418.0;4242.0;-176.0
3720;25805.0;Júlio Mesquita;SP;4430.0;4254.0;-176.0
3721;9302.0;Santa Luz;PI;5513.0;5336.0;-177.0
3722;5703.0;Córrego do Ouro;GO;2632.0;2454.0;-178.0
3723;27256.0;Lourdes;SP;2128.0;1950.0;-178.0
3724;1353.0;Andorinha;BA;15190.0;15012.0;-178.0
3725;1153.0;Areia de Baraúnas;PB;2183.0;2005.0;-178.0
3726;13802.0;Santa Teresinha;PB;4581.0;4402.0;-179.0
3727;33254.0;Novais;SP;4592.0;4412.0;-180.0
3728;159.0;Adelândia;GO;2477.0;2297.0;-180.0
3729;11608.0;Pilões;PB;6995.0;6815.0;-180.0
3730;6452.0;Dois Lajeados;RS;3278.0;3097.0;-181.0
3731;9258.0;Guabiju;RS;1598.0;1417.0;-181.0
3732;3608.0;Cambará do Sul;RS;6542.0;6361.0;-181.0
3733;2154.0;Boa Vista das Missões;RS;2114.0;1933.0;-181.0
3734;17209.0;Vieirópolis;PB;5045.0;4864.0;-181.0
3735;9401.0;Santo Antônio de Lisboa;PI;6020.0;5839.0;-181.0
3736;12450.0;Morro Redondo;RS;6227.0;6046.0;-181.0
3737;28106.0;Macaubal;SP;7663.0;7481.0;-182.0
3738;61056.0;São Félix de Minas;MG;3382.0;3200.0;-182.0
3739;7800.0;Roteiro;AL;6656.0;6474.0;-182.0
3740;54607.0;Timburi;SP;2646.0;2464.0;-182.0
3741;42701.0;Restinga;SP;6587.0;6404.0;-183.0
3742;20309.0;São Sebastião do Tocantins;TO;4283.0;4100.0;-183.0
3743;68200.0;Tapiraí;MG;1873.0;1690.0;-183.0
3744;7355.0;Pajeú do Piauí;PI;3183.0;3000.0;-183.0
3745;9803.0;Ibiaçá;RS;4710.0;4527.0;-183.0
3746;9291.0;Guaraíta;GO;2372.0;2188.0;-184.0
3747;604.0;Almino Afonso;RN;4871.0;4687.0;-184.0
3748;4806.0;Granjeiro;CE;5025.0;4841.0;-184.0
3749;11533.0;Quixaba;PE;6739.0;6554.0;-185.0
3750;9205.0;Presidente Juscelino;MA;11541.0;11356.0;-185.0
3751;7500.0;Maxaranguape;RN;10441.0;10255.0;-186.0
3752;14906.0;Marilândia do Sul;PR;8863.0;8677.0;-186.0
3753;61700.0;São Gonçalo do Abaeté;MG;7562.0;7375.0;-187.0
3754;3826.0;Cachoeirinha;TO;2148.0;1961.0;-187.0
3755;38658.0;Lontra;MG;8977.0;8790.0;-187.0
3756;25309.0;Faria Lemos;MG;3376.0;3188.0;-188.0
3757;1904.0;Alpinópolis;MG;18488.0;18300.0;-188.0
3758;18100.0;Jeremoabo;BA;37814.0;37626.0;-188.0
3759;5505.0;Poço Verde;SE;21983.0;21794.0;-189.0
3760;3601.0;Mucurici;ES;5655.0;5466.0;-189.0
3761;52204.0;Porteirinha;MG;37627.0;37438.0;-189.0
3762;3420.0;Domingos Mourão;PI;4264.0;4075.0;-189.0
3763;7703.0;Itapetim;PE;13980.0;13791.0;-189.0
3764;10656.0;Sigefredo Pacheco;PI;9649.0;9460.0;-189.0
3765;12609.0;Muçum;RS;4791.0;4601.0;-190.0
3766;38682.0;Luislândia;MG;6400.0;6210.0;-190.0
3767;9808.0;Cachoeira Dourada;MG;2505.0;2315.0;-190.0
3768;10405.0;Independência;RS;6618.0;6427.0;-191.0
3769;49003.0;São Francisco;SP;2793.0;2602.0;-191.0
3770;42502.0;Monjolos;MG;2360.0;2169.0;-191.0
3771;3702.0;Canhotinho;PE;24521.0;24329.0;-192.0
3772;17404.0;Ourizona;PR;3380.0;3187.0;-193.0
3773;320.0;São Miguel do Guaporé;RO;21828.0;21635.0;-193.0
3774;22301.0;Tuparendi;RS;8557.0;8363.0;-194.0
3775;55405.0;Rio Novo;MG;8712.0;8518.0;-194.0
3776;23106.0;Dores de Guanhães;MG;5223.0;5029.0;-194.0
3777;12400.0;Ibipeba;BA;16798.0;16603.0;-195.0
3778;8551.0;Porto Alegre do Piauí;PI;2559.0;2364.0;-195.0
3779;31001.0;Monções;SP;2132.0;1937.0;-195.0
3780;5000.0;Pedra Mole;SE;2974.0;2778.0;-196.0
3781;9104.0;Santa Cruz do Piauí;PI;6027.0;5831.0;-196.0
3782;8706.0;Gaurama;RS;5862.0;5665.0;-197.0
3783;72202.0;Wenceslau Braz;MG;2553.0;2356.0;-197.0
3784;2603.0;Iconha;ES;12523.0;12326.0;-197.0
3785;16604.0;Nova América da Colina;PR;3478.0;3280.0;-198.0
3786;16902.0;Comendador Gomes;MG;2972.0;2773.0;-199.0
3787;22186.0;Tupanci do Sul;RS;1573.0;1374.0;-199.0
3788;8602.0;Lagoa do Ouro;PE;12132.0;11933.0;-199.0
3789;5709.0;Dona Inês;PB;10579.0;10380.0;-199.0
3790;8008.0;Jataúba;PE;16042.0;15843.0;-199.0
3791;11305.0;Itarumã;GO;6300.0;6101.0;-199.0
3792;14861.0;Nova Glória;GO;8509.0;8310.0;-199.0
3793;66006.0;Senhora de Oliveira;MG;5683.0;5483.0;-200.0
3794;26405.0;Sertaneja;PR;5817.0;5616.0;-201.0
3795;12471.0;Santa Cruz da Baixa Verde;PE;11768.0;11567.0;-201.0
3796;603.0;Aiquara;BA;4648.0;4447.0;-201.0
3797;2308.0;Alvinópolis;MG;15261.0;15059.0;-202.0
3798;9856.0;São João da Canabrava;PI;4445.0;4242.0;-203.0
3799;15321.0;Quevedos;RS;2710.0;2507.0;-203.0
3800;3575.0;Bonópolis;GO;3503.0;3299.0;-204.0
3801;9100.0;Passa e Fica;RN;11100.0;10896.0;-204.0
3802;65305.0;São Vicente de Minas;MG;7008.0;6804.0;-204.0
3803;45604.0;Oliveira;MG;39466.0;39262.0;-204.0
3804;11904.0;Sucupira do Norte;MA;10444.0;10238.0;-206.0
3805;3407.0;Cacimba de Areia;PB;3498.0;3291.0;-207.0
3806;54656.0;Torre de Pedra;SP;2254.0;2046.0;-208.0
3807;8874.0;Ribeira do Piauí;PI;4263.0;4055.0;-208.0
3808;16703.0;Colméia;TO;9150.0;8941.0;-209.0
3809;56403.0;Romaria;MG;3596.0;3386.0;-210.0
3810;15505.0;Santa Cecília;SC;15757.0;15546.0;-211.0
3811;16500.0;Itapicuru;BA;31891.0;31679.0;-212.0
3812;21302.0;Milagres;BA;11283.0;11071.0;-212.0
3813;2220.0;Boa Vista do Cadeado;RS;2441.0;2229.0;-212.0
3814;605.0;Bom Jesus do Itabapoana;RJ;35385.0;35173.0;-212.0
3815;4403.0;Argirita;MG;2901.0;2688.0;-213.0
3816;15205.0;Itagibá;BA;15523.0;15310.0;-213.0
3817;22508.0;Nazaré;BA;27273.0;27060.0;-213.0
3818;5303.0;Curral Velho;PB;2505.0;2292.0;-213.0
3819;50802.0;Piranga;MG;17232.0;17018.0;-214.0
3820;28807.0;Xambrê;PR;6012.0;5798.0;-214.0
3821;18881.0;Santa Maria do Tocantins;TO;2894.0;2680.0;-214.0
3822;23956.0;Santa Mônica;PR;3571.0;3356.0;-215.0
3823;402.0;Águas da Prata;SP;7584.0;7369.0;-215.0
3824;42206.0;Rancharia;SP;28804.0;28588.0;-216.0
3825;3957.0;Glória D'Oeste;MT;3121.0;2905.0;-216.0
3826;19150.0;Vargem;SC;2843.0;2627.0;-216.0
3827;6000.0;Olivença;AL;11029.0;10812.0;-217.0
3828;16403.0;Paraúna;GO;10876.0;10659.0;-217.0
3829;19176.0;Vargem Bonita;SC;4793.0;4576.0;-217.0
3830;53104.0;Taiaçu;SP;5894.0;5677.0;-217.0
3831;9606.0;Heitoraí;GO;3571.0;3354.0;-217.0
3832;8304.0;Goianorte;TO;4956.0;4738.0;-218.0
3833;52131.0;Ponto Chique;MG;3966.0;3747.0;-219.0
3834;1575.0;Barra de Santana;PB;8278.0;8059.0;-219.0
3835;6259.0;Novo Horizonte do Sul;MS;4940.0;4721.0;-219.0
3836;11058.0;Monte Carlo;SC;9337.0;9117.0;-220.0
3837;60207.0;Santo Antônio do Itambé;MG;4135.0;3915.0;-220.0
3838;11704.0;Wall Ferraz;PI;4280.0;4059.0;-221.0
3839;1505.0;Arneiroz;CE;7650.0;7429.0;-221.0
3840;19609.0;Coronel Pacheco;MG;2983.0;2762.0;-221.0
3841;2099.0;Barra Bonita;SC;1889.0;1668.0;-221.0
3842;18753.0;Lagoa Real;BA;14326.0;14105.0;-221.0
3843;12059.0;Cantagalo;MG;4195.0;3974.0;-221.0
3844;3806.0;Campinas do Sul;RS;5506.0;5284.0;-222.0
3845;27370.0;Goiabeira;MG;3053.0;2830.0;-223.0
3846;8103.0;Formoso;GO;4883.0;4660.0;-223.0
3847;21307.0;Tupiratins;TO;2097.0;1874.0;-223.0
3848;10462.0;Ipiranga do Sul;RS;1944.0;1720.0;-224.0
3849;34.0;Aceguá;RS;4394.0;4170.0;-224.0
3850;49607.0;São José do Barreiro;SP;4077.0;3853.0;-224.0
3851;15102.0;Terezinha;PE;6737.0;6513.0;-224.0
3852;10807.0;Casa Branca;SP;28307.0;28083.0;-224.0
3853;12608.0;Ibiquera;BA;3949.0;3725.0;-224.0
3854;8808.0;São Sebastião;AL;32010.0;31786.0;-224.0
3855;11130.0;Jari;RS;3573.0;3349.0;-224.0
3856;2055.0;Benjamin Constant do Sul;RS;2307.0;2082.0;-225.0
3857;7903.0;Juripiranga;PB;10237.0;10012.0;-225.0
3858;7102.0;São Caetano de Odivelas;PA;16891.0;16666.0;-225.0
3859;13968.0;São Domingos;PB;2820.0;2595.0;-225.0
3860;23754.0;Vitória das Missões;RS;3485.0;3260.0;-225.0
3861;11905.0;Pitimbu;PB;16976.0;16751.0;-225.0
3862;16007.0;Panamá;GO;2681.0;2455.0;-226.0
3863;3402.0;Campo Belo do Sul;SC;7483.0;7257.0;-226.0
3864;42800.0;Ribeira;SP;3358.0;3132.0;-226.0
3865;14653.0;Itabela;BA;28391.0;28165.0;-226.0
3866;10751.0;Ivorá;RS;2156.0;1929.0;-227.0
3867;4206.0;Fortuna;MA;17203.0;16976.0;-227.0
3868;15259.0;Novo Jardim;TO;2457.0;2230.0;-227.0
3869;17251.0;Santa Tereza;RS;1732.0;1505.0;-227.0
3870;3104.0;Itabi;SE;4972.0;4745.0;-227.0
3871;2001.0;Batayporã;MS;10939.0;10712.0;-227.0
3872;3206.0;Bernardo Sayão;TO;4456.0;4229.0;-227.0
3873;14308.0;Pejuçara;RS;3973.0;3745.0;-228.0
3874;26208.0;Formoso;MG;8177.0;7949.0;-228.0
3875;11355.0;Quixelô;CE;16139.0;15910.0;-229.0
3876;7750.0;Salto do Céu;MT;3908.0;3679.0;-229.0
3877;21356.0;Rancho Alegre D'Oeste;PR;2847.0;2618.0;-229.0
3878;7502.0;Lavras da Mangabeira;CE;31032.0;30802.0;-230.0
3879;18550.0;Riachinho;TO;4191.0;3960.0;-231.0
3880;6924.0;Engenho Velho;RS;1527.0;1296.0;-231.0
3881;7751.0;Figueira;PR;8293.0;8062.0;-231.0
3882;2378.0;Bom Progresso;RS;2328.0;2096.0;-232.0
3883;7554.0;Santa Rita do Pardo;MS;7259.0;7027.0;-232.0
3884;7203.0;Erval Grande;RS;5163.0;4930.0;-233.0
3885;4455.0;Medicilândia;PA;27328.0;27094.0;-234.0
3886;24202.0;Santo Antônio do Caiuá;PR;2727.0;2493.0;-234.0
3887;212.0;Cutias;AP;4696.0;4461.0;-235.0
3888;3707.0;Campina das Missões;RS;6117.0;5882.0;-235.0
3889;10656.0;Iracema do Oeste;PR;2578.0;2343.0;-235.0
3890;19005.0;Cordislândia;MG;3435.0;3200.0;-235.0
3891;14800.0;São José dos Cordeiros;PB;3646.0;3411.0;-235.0
3892;3400.0;Caiçara;RS;5071.0;4836.0;-235.0
3893;2075.0;Cajazeiras do Piauí;PI;3343.0;3108.0;-235.0
3894;4500.0;Indiavaí;MT;2449.0;2213.0;-236.0
3895;7307.0;Rio Negro;MS;5077.0;4841.0;-236.0
3896;9208.0;Coronel João Sá;BA;17293.0;17056.0;-237.0
3897;5835.0;Coqueiro Baixo;RS;1528.0;1290.0;-238.0
3898;59308.0;Santa Rita de Jacutinga;MG;4993.0;4755.0;-238.0
3899;15313.0;Quatro Irmãos;RS;1790.0;1552.0;-238.0
3900;62807.0;São João Evangelista;MG;15553.0;15315.0;-238.0
3901;9704.0;Humaitá;RS;4919.0;4681.0;-238.0
3902;4853.0;Carlos Gomes;RS;1607.0;1368.0;-239.0
3903;26802.0;Frei Gaspar;MG;5879.0;5640.0;-239.0
3904;15652.0;Palestina de Goiás;GO;3371.0;3132.0;-239.0
3905;14006.0;Serrita;PE;18446.0;18207.0;-239.0
3906;28700.0;Marabá Paulista;SP;4812.0;4573.0;-239.0
3907;11253.0;Gavião;BA;4600.0;4360.0;-240.0
3908;15256.0;Novo Planalto;GO;3956.0;3716.0;-240.0
3909;6805.0;Mirinzal;MA;14218.0;13978.0;-240.0
3910;63409.0;São José do Goiabal;MG;5636.0;5396.0;-240.0
3911;4309.0;Cândido Godói;RS;6535.0;6294.0;-241.0
3912;25804.0;Fernandes Tourinho;MG;3030.0;2789.0;-241.0
3913;15453.0;Relvado;RS;2037.0;1796.0;-241.0
3914;4657.0;Graça;CE;14042.0;13801.0;-241.0
3915;1606.0;Beneditinos;PI;10170.0;9929.0;-241.0
3916;6555.0;Corumbataí do Sul;PR;4002.0;3760.0;-242.0
3917;1603.0;Cedro de São João;SE;5633.0;5391.0;-242.0
3918;15807.0;Serra Redonda;PB;7070.0;6828.0;-242.0
3919;5116.0;Centenário;RS;2965.0;2721.0;-244.0
3920;3700.0;Muniz Freire;ES;18397.0;18153.0;-244.0
3921;7004.0;Cardeal da Silva;BA;8609.0;8365.0;-244.0
3922;4903.0;Itaú;RN;5564.0;5320.0;-244.0
3923;5850.0;Coqueiros do Sul;RS;2457.0;2211.0;-246.0
3924;5202.0;Bandeira;MG;4987.0;4741.0;-246.0
3925;14203.0;Natividade;TO;9000.0;8754.0;-246.0
3926;14051.0;Mundo Novo;GO;6435.0;6189.0;-246.0
3927;2802.0;Bela Vista do Paraíso;PR;15079.0;14833.0;-246.0
3928;2803.0;Andrelândia;MG;12173.0;11927.0;-246.0
3929;7000.0;Biquinhas;MG;2630.0;2383.0;-247.0
3930;2308.0;Brasilândia;MS;11826.0;11579.0;-247.0
3931;2509.0;Chaves;PA;21005.0;20757.0;-248.0
3932;9300.0;Nova Russas;CE;30947.0;30699.0;-248.0
3933;3404.0;Dom Expedito Lopes;PI;6569.0;6320.0;-249.0
3934;43609.0;Morro da Garça;MG;2660.0;2411.0;-249.0
3935;4409.0;Caiapônia;GO;16762.0;16513.0;-249.0
3936;14106.0;Dois Córregos;SP;24761.0;24510.0;-251.0
3937;20003.0;Córrego Novo;MG;3127.0;2875.0;-252.0
3938;86.0;Anamã;AM;10214.0;9962.0;-252.0
3939;29104.0;Marinópolis;SP;2113.0;1860.0;-253.0
3940;6907.0;Caravelas;BA;20833.0;20580.0;-253.0
3941;4600.0;Hugo Napoleão;PI;3771.0;3518.0;-253.0
3942;21200.0;Iporanga;SP;4299.0;4046.0;-253.0
3943;852.0;Americano do Brasil;GO;5513.0;5259.0;-254.0
3944;5203.0;Igarapé Grande;MA;10485.0;10231.0;-254.0
3945;4909.0;Bananal;SP;10223.0;9969.0;-254.0
3946;13984.0;São Francisco;PB;3391.0;3137.0;-254.0
3947;10375.0;São Luis do Piauí;PI;2564.0;2309.0;-255.0
3948;46909.0;Papagaios;MG;14175.0;13920.0;-255.0
3949;15958.0;Rolador;RS;2546.0;2291.0;-255.0
3950;9126.0;Gramado dos Loureiros;RS;2269.0;2014.0;-255.0
3951;4401.0;Rio Novo do Sul;ES;11325.0;11069.0;-256.0
3952;32058.0;Motuca;SP;4290.0;4034.0;-256.0
3953;20004.0;Igaraçu do Tietê;SP;23362.0;23106.0;-256.0
3954;23200.0;Victor Graeff;RS;3036.0;2780.0;-256.0
3955;10256.0;Porto do Mangue;RN;5484.0;5228.0;-256.0
3956;6379.0;Dilermando de Aguiar;RS;3063.0;2806.0;-257.0
3957;3601.0;Dom Aquino;MT;8129.0;7872.0;-257.0
3958;15102.0;Cássia;MG;17412.0;17155.0;-257.0
3959;26509.0;Ribeira do Amparo;BA;14098.0;13841.0;-257.0
3960;10413.0;Inhacorá;RS;2272.0;2014.0;-258.0
3961;71808.0;Virginópolis;MG;10572.0;10314.0;-258.0
3962;7801.0;Floraí;PR;5050.0;4792.0;-258.0
3963;5105.0;Cuité;PB;19978.0;19719.0;-259.0
3964;46206.0;Ouro Verde de Minas;MG;6016.0;5757.0;-259.0
3965;16406.0;Nossa Senhora das Graças;PR;3928.0;3669.0;-259.0
3966;1405.0;Carira;SE;20199.0;19939.0;-260.0
3967;4304.0;Cedro;PE;10778.0;10518.0;-260.0
3968;1103.0;Alto Alegre;SP;4102.0;3841.0;-261.0
3969;22800.0;Salgado Filho;PR;4338.0;4075.0;-263.0
3970;3301.0;Caibaté;RS;4967.0;4704.0;-263.0
3971;21634.0;Três Arroios;RS;2855.0;2591.0;-264.0
3972;7006.0;São Miguel do Aleixo;SE;3698.0;3434.0;-264.0
3973;36000.0;Parapuã;SP;10844.0;10580.0;-264.0
3974;4178.0;Cerro Negro;SC;3581.0;3317.0;-264.0
3975;18424.0;São João da Urtiga;RS;4726.0;4461.0;-265.0
3976;15806.0;Flora Rica;SP;1752.0;1487.0;-265.0
3977;13607.0;Severiano Melo;RN;5752.0;5487.0;-265.0
3978;3202.0;Cacique Doble;RS;4868.0;4603.0;-265.0
3979;8109.0;Lagoa;PB;4681.0;4415.0;-266.0
3980;19108.0;Lamarão;BA;9281.0;9015.0;-266.0
3981;18700.0;Coqueiral;MG;9289.0;9023.0;-266.0
3982;43708.0;Morro do Pilar;MG;3399.0;3133.0;-266.0
3983;44202.0;Riolândia;SP;10575.0;10309.0;-266.0
3984;9955.0;São João da Varjota;PI;4651.0;4383.0;-268.0
3985;37908.0;Lamim;MG;3452.0;3184.0;-268.0
3986;1805.0;Alpercata;MG;7172.0;6903.0;-269.0
3987;5003.0;Itainópolis;PI;11059.0;10790.0;-269.0
3988;63003.0;São José da Safira;MG;4075.0;3806.0;-269.0
3989;1552.0;Áurea;RS;3665.0;3396.0;-269.0
3990;7308.0;Nova Iorque;MA;4590.0;4320.0;-270.0
3991;15905.0;Floreal;SP;3003.0;2733.0;-270.0
3992;6852.0;Cruzmaltina;PR;3162.0;2892.0;-270.0
3993;11759.0;Manoel Viana;RS;7072.0;6801.0;-271.0
3994;7759.0;Iraceminha;SC;4257.0;3986.0;-271.0
3995;38907.0;Pirajuí;SP;22704.0;22431.0;-273.0
3996;20007.0;Maiquinique;BA;9004.0;8731.0;-273.0
3997;38303.0;Piquerobi;SP;3537.0;3264.0;-273.0
3998;13334.0;Nova Ramada;RS;2437.0;2163.0;-274.0
3999;12106.0;Santana do Cariri;CE;17228.0;16954.0;-274.0
4000;7207.0;Padre Marcos;PI;6657.0;6382.0;-275.0
4001;51801.0;Sete Barras;SP;13005.0;12730.0;-275.0
4002;1804.0;Bocaina;PI;4353.0;4078.0;-275.0
4003;43153.0;Monte Formoso;MG;4656.0;4381.0;-275.0
4004;70909.0;Varzelândia;MG;19116.0;18840.0;-276.0
4005;4404.0;Gonçalves Dias;MA;17482.0;17206.0;-276.0
4006;7009.0;Curiúva;PR;13923.0;13647.0;-276.0
4007;4628.0;Governador Luiz Rocha;MA;7340.0;7063.0;-277.0
4008;23204.0;Santa Cecília do Pavão;PR;3642.0;3365.0;-277.0
4009;14909.0;São Mamede;PB;7748.0;7470.0;-278.0
4010;504.0;Érico Cardoso;BA;10882.0;10604.0;-278.0
4011;18808.0;Peabiru;PR;13624.0;13346.0;-278.0
4012;1408.0;Barro Duro;PI;6919.0;6640.0;-279.0
4013;23824.0;Santa Lúcia;PR;3923.0;3644.0;-279.0
4014;8706.0;Paraú;RN;3859.0;3579.0;-280.0
4015;24058.0;Pé de Serra;BA;13523.0;13243.0;-280.0
4016;5101.0;Matriz de Camaragibe;AL;24137.0;23857.0;-280.0
4017;40853.0;Pracinha;SP;2858.0;2578.0;-280.0
4018;59407.0;Santa Rita de Ibitipoca;MG;3583.0;3301.0;-282.0
4019;5351.0;Itaipava do Grajaú;MA;14110.0;13828.0;-282.0
4020;6899.0;Caraíbas;BA;10222.0;9940.0;-282.0
4021;10204.0;Nova Olinda;PB;6070.0;5787.0;-283.0
4022;24301.0;Santo Antônio do Paraíso;PR;2408.0;2125.0;-283.0
4023;2900.0;Itarana;ES;10881.0;10597.0;-284.0
4024;24609.0;Estrela Dalva;MG;2470.0;2186.0;-284.0
4025;2852.0;Angelândia;MG;8003.0;7718.0;-285.0
4026;10508.0;Itacajá;TO;7104.0;6819.0;-285.0
4027;4005.0;Junqueiro;AL;24192.0;23907.0;-285.0
4028;14101.0;Mutunópolis;GO;3849.0;3564.0;-285.0
4029;22503.0;Roncador;PR;11537.0;11251.0;-286.0
4030;13391.0;Novo Cabrais;RS;3855.0;3568.0;-287.0
4031;13900.0;Divinolândia;SP;11445.0;11158.0;-287.0
4032;28534.0;Ventania;PR;9968.0;9681.0;-287.0
4033;13759.0;Lunardelli;PR;5160.0;4872.0;-288.0
4034;3602.0;Eliseu Martins;PI;4665.0;4377.0;-288.0
4035;10509.0;Passira;PE;28628.0;28340.0;-288.0
4036;2808.0;Coronel Ezequiel;RN;5405.0;5117.0;-288.0
4037;19204.0;Iacri;SP;6419.0;6131.0;-288.0
4038;508.0;Apiacá;ES;7512.0;7223.0;-289.0
4039;10707.0;Cambuquira;MG;12602.0;12313.0;-289.0
4040;13909.0;Carmo da Cachoeira;MG;11836.0;11547.0;-289.0
4041;9803.0;Pedro Velho;RN;14114.0;13824.0;-290.0
4042;2851.0;Coronel José Dias;PI;4541.0;4250.0;-291.0
4043;5603.0;Colorado;RS;3550.0;3258.0;-292.0
4044;19109.0;São Martinho;RS;5773.0;5481.0;-292.0
4045;30907.0;Tabocas do Brejo Velho;BA;12271.0;11979.0;-292.0
4046;8509.0;Goiandira;GO;5265.0;4973.0;-292.0
4047;6103.0;Fagundes;PB;11341.0;11049.0;-292.0
4048;13800.0;São Vicente Férrer;PE;16969.0;16677.0;-292.0
4049;15073.0;Porto Vera Cruz;RS;1852.0;1560.0;-292.0
4050;3753.0;Cajazeirinhas;PB;3033.0;2740.0;-293.0
4051;20578.0;Sete de Setembro;RS;2124.0;1830.0;-294.0
4052;1051.0;Angico;TO;3170.0;2876.0;-294.0
4053;16436.0;Saldanha Marinho;RS;2869.0;2575.0;-294.0
4054;26202.0;Riachão das Neves;BA;21937.0;21642.0;-295.0
4055;5607.0;Conceição do Tocantins;TO;4182.0;3887.0;-295.0
4056;10900.0;Jacutinga;RS;3633.0;3338.0;-295.0
4057;5208.0;Pinhão;SE;5973.0;5677.0;-296.0
4058;61205.0;São Francisco de Paula;MG;6483.0;6187.0;-296.0
4059;40903.0;Pradópolis;SP;17377.0;17078.0;-299.0
4060;21704.0;Diogo de Vasconcelos;MG;3848.0;3549.0;-299.0
4061;10807.0;São Félix de Balsas;MA;4702.0;4402.0;-300.0
4062;15706.0;Triunfo;PE;15006.0;14705.0;-301.0
4063;22343.0;Ubiretama;RS;2296.0;1994.0;-302.0
4064;18465.0;São José do Herval;RS;2204.0;1902.0;-302.0
4065;11605.0;Ivatuba;PR;3010.0;2708.0;-302.0
4066;4904.0;Campos Belos;GO;18410.0;18108.0;-302.0
4067;7407.0;Borborema;SP;14529.0;14226.0;-303.0
4068;2694.0;Canabrava do Norte;MT;4788.0;4485.0;-303.0
4069;10979.0;Tanque do Piauí;PI;2620.0;2316.0;-304.0
4070;22504.0;Dom Cavati;MG;5209.0;4904.0;-305.0
4071;1602.0;Bento Fernandes;RN;5113.0;4807.0;-306.0
4072;5907.0;Emas;PB;3317.0;3011.0;-306.0
4073;10052.0;São José do Divino;PI;5148.0;4841.0;-307.0
4074;1925.0;Barra do Rio Azul;RS;2003.0;1696.0;-307.0
4075;20230.0;Sede Nova;RS;3011.0;2704.0;-307.0
4076;7001.0;Montes Altos;MA;9413.0;9106.0;-307.0
4077;28950.0;São Domingos;BA;8734.0;8426.0;-308.0
4078;3751.0;Eldorado;MS;11694.0;11386.0;-308.0
4079;12509.0;Ibipitanga;BA;14171.0;13863.0;-308.0
4080;5355.0;Charqueadas;RS;35320.0;35012.0;-308.0
4081;3024.0;Boa Esperança do Iguaçu;PR;2764.0;2455.0;-309.0
4082;55307.0;Turmalina;SP;1978.0;1669.0;-309.0
4083;2403.0;Gararu;SE;11405.0;11096.0;-309.0
4084;7702.0;Fênix;PR;4802.0;4492.0;-310.0
4085;7935.0;Sonora;MS;14827.0;14516.0;-311.0
4086;5808.0;Duas Estradas;PB;3638.0;3327.0;-311.0
4087;13356.0;Santa Inês;PB;3539.0;3227.0;-312.0
4088;35209.0;Januária;MG;65463.0;65150.0;-313.0
4089;11718.0;Maçambará;RS;4738.0;4425.0;-313.0
4090;21080.0;Teresina de Goiás;GO;3016.0;2701.0;-315.0
4091;16183.0;Vertente do Lério;PE;7873.0;7558.0;-315.0
4092;5922.0;Lagoa do Mato;MA;10887.0;10572.0;-315.0
4093;45605.0;Santa Adélia;SP;14333.0;14018.0;-315.0
4094;10400.0;Camacho;MG;3154.0;2838.0;-316.0
4095;2303.0;Bom Jesus;RS;11519.0;11202.0;-317.0
4096;5600.0;Diamante;PB;6616.0;6299.0;-317.0
4097;11903.0;Cana Verde;MG;5589.0;5272.0;-317.0
4098;22350.0;União da Serra;RS;1487.0;1170.0;-317.0
4099;29107.0;São Felipe;BA;20601.0;20283.0;-318.0
4100;13505.0;Santana de Mangueira;PB;5328.0;5010.0;-318.0
4101;6602.0;Santo Amaro das Brotas;SE;11410.0;11092.0;-318.0
4102;14880.0;Nova Olinda;TO;10686.0;10367.0;-319.0
4103;10850.0;Jaboticaba;RS;4098.0;3779.0;-319.0
4104;57401.0;Santa Cruz do Escalvado;MG;4992.0;4673.0;-319.0
4105;41109.0;Presidente Alves;SP;4123.0;3804.0;-319.0
4106;9902.0;Ibiraiaras;RS;7095.0;6776.0;-319.0
4107;15687.0;Santa Terezinha do Progresso;SC;2896.0;2576.0;-320.0
4108;32002.0;Uauá;BA;24985.0;24665.0;-320.0
4109;9351.0;Santana do Piauí;PI;4445.0;4125.0;-320.0
4110;6208.0;Palestina;AL;4646.0;4325.0;-321.0
4111;706.0;Batalha;AL;16769.0;16448.0;-321.0
4112;4207.0;Catingueira;PB;4812.0;4491.0;-321.0
4113;19301.0;Pinhão;PR;30208.0;29886.0;-322.0
4114;1802.0;Baixio;CE;6026.0;5704.0;-322.0
4115;6700.0;Dona Francisca;RS;3401.0;3079.0;-322.0
4116;12504.0;Jardim Alegre;PR;12328.0;12004.0;-324.0
4117;17800.0;Ponte Alta do Bom Jesus;TO;4544.0;4220.0;-324.0
4118;24652.0;Pintadas;BA;10649.0;10325.0;-324.0
4119;39250.0;Mamonas;MG;6321.0;5997.0;-324.0
4120;24905.0;São João do Caiuá;PR;5911.0;5586.0;-325.0
4121;60454.0;Santo Antônio do Retiro;MG;6955.0;6629.0;-326.0
4122;22755.0;Nova Ibiá;BA;6827.0;6501.0;-326.0
4123;10307.0;Israelândia;GO;2887.0;2560.0;-327.0
4124;14209.0;Pedro Osório;RS;7811.0;7484.0;-327.0
4125;5200.0;Messias;AL;15733.0;15405.0;-328.0
4126;4277.0;Ereré;CE;6802.0;6474.0;-328.0
4127;53.0;Acauã;PI;6749.0;6420.0;-329.0
4128;27702.0;Luiziânia;SP;5030.0;4701.0;-329.0
4129;901.0;Antônio Martins;RN;6907.0;6577.0;-330.0
4130;5599.0;Lagoa do Sítio;PI;4850.0;4520.0;-330.0
4131;31802.0;Itabirinha;MG;10692.0;10362.0;-330.0
4132;28302.0;Uniflor;PR;2466.0;2136.0;-330.0
4133;33501.0;Itapecerica;MG;21377.0;21046.0;-331.0
4134;12747.0;Riachão;PB;3258.0;2927.0;-331.0
4135;2353.0;Arenópolis;GO;3277.0;2946.0;-331.0
4136;3077.0;Garrafão do Norte;PA;25034.0;24703.0;-331.0
4137;71501.0;Mathias Lobato;MG;3370.0;3038.0;-332.0
4138;4106.0;Arceburgo;MG;9509.0;9177.0;-332.0
4139;21452.0;Trombas;GO;3452.0;3120.0;-332.0
4140;31406.0;Ipiaçu;MG;4107.0;3775.0;-332.0
4141;1309.0;Antônio Olinto;PR;7351.0;7018.0;-333.0
4142;15356.0;Saltinho;SC;3966.0;3632.0;-334.0
4143;8206.0;Bonfinópolis de Minas;MG;5865.0;5528.0;-337.0
4144;7553.0;Fátima;TO;3805.0;3467.0;-338.0
4145;9951.0;Ibirapuitã;RS;4061.0;3723.0;-338.0
4146;1000.0;Anita Garibaldi;SC;8623.0;8285.0;-338.0
4147;20453.0;Sério;RS;2279.0;1941.0;-338.0
4148;7124.0;Diamante do Sul;PR;3510.0;3171.0;-339.0
4149;19501.0;Ibirarema;SP;6725.0;6385.0;-340.0
4150;12653.0;Capitão Andrade;MG;4925.0;4585.0;-340.0
4151;9403.0;Primeira Cruz;MA;13954.0;13614.0;-340.0
4152;20409.0;Cristiano Otoni;MG;5007.0;4667.0;-340.0
4153;804.0;Anchieta;SC;6283.0;5943.0;-340.0
4154;1403.0;Angical;BA;14073.0;13732.0;-341.0
4155;19125.0;São Martinho da Serra;RS;3201.0;2860.0;-341.0
4156;7902.0;Passagem Franca;MA;17562.0;17220.0;-342.0
4157;27057.0;Fronteira dos Vales;MG;4687.0;4345.0;-342.0
4158;908.0;Castanheiras;RO;3575.0;3233.0;-342.0
4159;19802.0;São Vicente do Sul;RS;8440.0;8097.0;-343.0
4160;13772.0;Montividiu do Norte;GO;4122.0;3779.0;-343.0
4161;61650.0;São Geraldo do Baixio;MG;3486.0;3143.0;-343.0
4162;43203.0;Monte Santo de Minas;MG;21234.0;20890.0;-344.0
4163;7306.0;Dueré;TO;4592.0;4248.0;-344.0
4164;11801.0;Ouro;SC;7376.0;7032.0;-344.0
4165;36801.0;Juramento;MG;4113.0;3768.0;-345.0
4166;4906.0;Jangada;MT;7771.0;7426.0;-345.0
4167;27339.0;Gameleiras;MG;5139.0;4793.0;-346.0
4168;3009.0;Antônio Dias;MG;9565.0;9219.0;-346.0
4169;8808.0;Nova Guarita;MT;4937.0;4590.0;-347.0
4170;18501.0;Recursolândia;TO;3768.0;3421.0;-347.0
4171;1909.0;Barra do Ribeiro;RS;12572.0;12225.0;-347.0
4172;5447.0;Chuvisca;RS;4944.0;4597.0;-347.0
4173;9109.0;Coribe;BA;14339.0;13990.0;-349.0
4174;11078.0;São João do Soter;MA;17238.0;16889.0;-349.0
4175;13905.0;Mossâmedes;GO;5003.0;4654.0;-349.0
4176;25308.0;São Jorge do Ivaí;PR;5517.0;5168.0;-349.0
4177;8250.0;Floriano Peixoto;RS;2018.0;1668.0;-350.0
4178;4600.0;Capitão Leônidas Marques;PR;14998.0;14648.0;-350.0
4179;27602.0;Gouveia;MG;11681.0;11331.0;-350.0
4180;14351.0;Manfrinópolis;PR;3120.0;2770.0;-350.0
4181;5104.0;Icatu;MA;25145.0;24794.0;-351.0
4182;12005.0;Mariano Moro;RS;2210.0;1858.0;-352.0
4183;15409.0;Catas Altas da Noruega;MG;3462.0;3110.0;-352.0
4184;65107.0;São Tomás de Aquino;MG;7093.0;6740.0;-353.0
4185;12000.0;Sairé;PE;11240.0;10887.0;-353.0
4186;59100.0;Santana dos Montes;MG;3822.0;3469.0;-353.0
4187;5004.0;Jardim;MS;24335.0;23981.0;-354.0
4188;64803.0;São Sebastião do Rio Preto;MG;1613.0;1259.0;-354.0
4189;13107.0;Caranaíba;MG;3288.0;2933.0;-355.0
4190;4204.0;Francisco Santos;PI;8592.0;8237.0;-355.0
4191;21502.0;Turvânia;GO;4835.0;4480.0;-355.0
4192;5102.0;Itaueira;PI;10678.0;10323.0;-355.0
4193;3105.0;Cariré;CE;17987.0;17632.0;-355.0
4194;27903.0;Santa Inês;BA;10656.0;10300.0;-356.0
4195;63508.0;São José do Jacuri;MG;6553.0;6197.0;-356.0
4196;22103.0;Tucunduva;RS;5898.0;5542.0;-356.0
4197;2155.0;Araguapaz;GO;7510.0;7153.0;-357.0
4198;5605.0;Galvão;SC;3567.0;3210.0;-357.0
4199;16903.0;General Salgado;SP;10669.0;10312.0;-357.0
4200;23457.0;Vila Nova do Sul;RS;4221.0;3863.0;-358.0
4201;10623.0;Sebastião Barros;PI;3560.0;3202.0;-358.0
4202;2406.0;Arraias;TO;10645.0;10287.0;-358.0
4203;5102.0;Centenário do Sul;PR;11190.0;10832.0;-358.0
4204;18457.0;São José das Missões;RS;2720.0;2362.0;-358.0
4205;7806.0;Cícero Dantas;BA;31266.0;30907.0;-359.0
4206;6353.0;Dezesseis de Novembro;RS;2866.0;2507.0;-359.0
4207;9153.0;Santa Cruz dos Milagres;PI;3794.0;3435.0;-359.0
4208;8900.0;Caiabu;SP;4072.0;3712.0;-360.0
4209;26604.0;Francisco Dumont;MG;4863.0;4503.0;-360.0
4210;8551.0;Godoy Moreira;PR;3337.0;2977.0;-360.0
4211;2875.0;Brunópolis;SC;2850.0;2489.0;-361.0
4212;57302.0;Santa Bárbara do Tugúrio;MG;4570.0;4208.0;-362.0
4213;2803.0;Caracol;MS;5398.0;5036.0;-362.0
4214;6304.0;David Canabarro;RS;4683.0;4321.0;-362.0
4215;15474.0;Catuti;MG;5102.0;4739.0;-363.0
4216;2606.0;Aparecida d'Oeste;SP;4450.0;4086.0;-364.0
4217;907.0;Altair;SP;3815.0;3451.0;-364.0
4218;15754.0;Palmeirópolis;TO;7339.0;6975.0;-364.0
4219;3104.0;Baliza;GO;3715.0;3351.0;-364.0
4220;27809.0;Tomazina;PR;8791.0;8426.0;-365.0
4221;19158.0;São Miguel das Missões;RS;7421.0;7056.0;-365.0
4222;13706.0;Sítio Novo;RN;5020.0;4654.0;-366.0
4223;9706.0;Lebon Régis;SC;11838.0;11472.0;-366.0
4224;33000.0;Valente;BA;24730.0;24362.0;-368.0
4225;71071.0;Veredinha;MG;5549.0;5181.0;-368.0
4226;19703.0;São Valentim;RS;3632.0;3264.0;-368.0
4227;2503.0;Bom Jardim da Serra;SC;4395.0;4026.0;-369.0
4228;7302.0;Marcelino Vieira;RN;8265.0;7896.0;-369.0
4229;2601.0;Aurilândia;GO;3654.0;3284.0;-370.0
4230;9604.0;Crisópolis;BA;20099.0;19729.0;-370.0
4231;21703.0;Reserva;PR;24943.0;24573.0;-370.0
4232;3891.0;Carrasco Bonito;TO;3688.0;3318.0;-370.0
4233;63300.0;São José do Divino;MG;3834.0;3464.0;-370.0
4234;24204.0;Jaborandi;SP;6592.0;6221.0;-371.0
4235;27801.0;Lupércio;SP;4353.0;3981.0;-372.0
4236;12956.0;Matrinchã;GO;4414.0;4042.0;-372.0
4237;2300.0;Bom Sucesso;PB;5035.0;4661.0;-374.0
4238;7108.0;Diamante do Norte;PR;5516.0;5142.0;-374.0
4239;1700.0;Antônio Cardoso;BA;11521.0;11146.0;-375.0
4240;12905.0;Ibirataia;BA;19168.0;18792.0;-376.0
4241;6216.0;Nova Canaã do Norte;MT;12084.0;11707.0;-377.0
4242;15101.0;Mariluz;PR;10224.0;9847.0;-377.0
4243;8701.0;Brás Pires;MG;4637.0;4260.0;-377.0
4244;11103.0;Pedra Lavrada;PB;7236.0;6859.0;-377.0
4245;1302.0;Aroeiras;PB;19082.0;18705.0;-377.0
4246;23008.0;Itapura;SP;4357.0;3979.0;-378.0
4247;61403.0;São Francisco do Glória;MG;5178.0;4800.0;-378.0
4248;48401.0;Santópolis do Aguapeí;SP;4277.0;3899.0;-378.0
4249;3403.0;Jacaré dos Homens;AL;5461.0;5083.0;-378.0
4250;27304.0;Terra Rica;PR;15221.0;14842.0;-379.0
4251;4055.0;Campo Bonito;PR;4407.0;4027.0;-380.0
4252;10904.0;Socorro do Piauí;PI;4522.0;4141.0;-381.0
4253;102.0;Água Branca;AL;19389.0;19008.0;-381.0
4254;13401.0;Ponte Serrada;SC;11031.0;10649.0;-382.0
4255;19104.0;Corinto;MG;23914.0;23532.0;-382.0
4256;20207.0;São Miguel do Araguaia;GO;22283.0;21900.0;-383.0
4257;46552.0;Pai Pedro;MG;5934.0;5551.0;-383.0
4258;21493.0;Toropi;RS;2938.0;2554.0;-384.0
4259;31505.0;Ipuiúna;MG;9521.0;9135.0;-386.0
4260;9203.0;Guaraci;PR;5135.0;4748.0;-387.0
4261;4955.0;São Roque do Canaã;ES;11273.0;10886.0;-387.0
4262;25606.0;Felisburgo;MG;6877.0;6489.0;-388.0
4263;11106.0;Ruy Barbosa;RN;3595.0;3206.0;-389.0
4264;9571.0;Herveiras;RS;2954.0;2565.0;-389.0
4265;32602.0;Itamarati de Minas;MG;4079.0;3690.0;-389.0
4266;1903.0;Araguacema;TO;6317.0;5927.0;-390.0
4267;8409.0;Olho d'Água do Borges;RN;4295.0;3905.0;-390.0
4268;12270.0;Passos Maia;SC;4425.0;4034.0;-391.0
4269;8106.0;Pimenteiras;PI;11733.0;11341.0;-392.0
4270;45372.0;Novorizonte;MG;4963.0;4571.0;-392.0
4271;13403.0;Leópolis;PR;4145.0;3752.0;-393.0
4272;4459.0;Coronel Martins;SC;2458.0;2065.0;-393.0
4273;58805.0;Santana do Jacaré;MG;4607.0;4214.0;-393.0
4274;18303.0;Paranapoema;PR;2791.0;2398.0;-393.0
4275;12208.0;Capela Nova;MG;4755.0;4362.0;-393.0
4276;6705.0;Ibirajuba;PE;7534.0;7140.0;-394.0
4277;12106.0;Palmitos;SC;16020.0;15626.0;-394.0
4278;14206.0;São José da Lagoa Tapada;PB;7520.0;7126.0;-394.0
4279;15201.0;Conceição da Barra de Minas;MG;3954.0;3560.0;-394.0
4280;14903.0;Nova Roma;GO;3471.0;3076.0;-395.0
4281;3308.0;Cachoeira dos Índios;PB;9546.0;9151.0;-395.0
4282;6957.0;Entre Rios do Sul;RS;3080.0;2685.0;-395.0
4283;54002.0;Raul Soares;MG;23818.0;23423.0;-395.0
4284;15404.0;Redentora;RS;10135.0;9738.0;-397.0
4285;12807.0;São Rafael;RN;8111.0;7711.0;-400.0
4286;15057.0;Porto Mauá;RS;2542.0;2142.0;-400.0
4287;7602.0;Quebrangulo;AL;11480.0;11080.0;-400.0
4288;6608.0;Ibiara;PB;6031.0;5631.0;-400.0
4289;52907.0;Pratápolis;MG;8807.0;8406.0;-401.0
4290;6902.0;Novo Oriente do Piauí;PI;6498.0;6097.0;-401.0
4291;908.0;Arara;PB;12613.0;12212.0;-401.0
4292;4502.0;Arinos;MG;17674.0;17272.0;-402.0
4293;28908.0;Mariápolis;SP;3916.0;3513.0;-403.0
4294;10102.0;São José do Peixe;PI;3700.0;3297.0;-403.0
4295;5405.0;Japi;RN;5522.0;5117.0;-405.0
4296;20651.0;Silveira Martins;RS;2434.0;2028.0;-406.0
4297;69505.0;Tumiritinga;MG;6293.0;5886.0;-407.0
4298;102.0;Afonso Cláudio;ES;31091.0;30684.0;-407.0
4299;33604.0;Xique-Xique;BA;45164.0;44757.0;-407.0
4300;10579.0;Itapuca;RS;2344.0;1937.0;-407.0
4301;46404.0;Paineiras;MG;4631.0;4224.0;-407.0
4302;15002.0;Nova Rosalândia;TO;3770.0;3362.0;-408.0
4303;17702.0;Conceição do Rio Verde;MG;12949.0;12541.0;-408.0
4304;21507.0;Irapuã;SP;7275.0;6867.0;-408.0
4305;11603.0;Redenção;CE;27622.0;27214.0;-408.0
4306;3507.0;Irituia;PA;31364.0;30955.0;-409.0
4307;23105.0;Santa Amélia;PR;3803.0;3394.0;-409.0
4308;905.0;Aroazes;PI;5779.0;5369.0;-410.0
4309;11239.0;Lagoa Bonita do Sul;RS;2662.0;2251.0;-411.0
4310;12902.0;Vitória do Mearim;MA;31217.0;30805.0;-412.0
4311;13904.0;Taipu;RN;11836.0;11422.0;-414.0
4312;65560.0;Sem-Peixe;MG;2847.0;2433.0;-414.0
4313;8909.0;Brazópolis;MG;14661.0;14246.0;-415.0
4314;19009.0;Lajedinho;BA;3943.0;3527.0;-416.0
4315;20101.0;Porto Amazonas;PR;4514.0;4098.0;-416.0
4316;101.0;Abaiara;CE;10456.0;10038.0;-418.0
4317;3603.0;Camutanga;PE;8168.0;7750.0;-418.0
4318;4907.0;Isaías Coelho;PI;8193.0;7774.0;-419.0
4319;7558.0;Caturama;BA;9260.0;8841.0;-419.0
4320;7105.0;Diorama;GO;2481.0;2062.0;-419.0
4321;3405.0;Calumbi;PE;5648.0;5228.0;-420.0
4322;11953.0;Sucupira do Riachão;MA;5406.0;4985.0;-421.0
4323;3700.0;Feliz Natal;MT;10942.0;10521.0;-421.0
4324;5004.0;Baldim;MG;7913.0;7492.0;-421.0
4325;4809.0;Augusto de Lima;MG;4960.0;4538.0;-422.0
4326;8809.0;Regeneração;PI;17556.0;17133.0;-423.0
4327;15457.0;Marquinho;PR;4928.0;4504.0;-424.0
4328;5103.0;Jateí;MS;4011.0;3586.0;-425.0
4329;6851.0;Porto Estrela;MT;3649.0;3224.0;-425.0
4330;4106.0;Guia Lopes da Laguna;MS;10366.0;9940.0;-426.0
4331;63805.0;São Miguel do Anta;MG;6760.0;6334.0;-426.0
4332;3901.0;Duque Bacelar;MA;10649.0;10223.0;-426.0
4333;18209.0;Jiquiriçá;BA;14055.0;13629.0;-426.0
4334;17109.0;Glicério;SP;4565.0;4138.0;-427.0
4335;12104.0;Mata;RS;5125.0;4698.0;-427.0
4336;130.0;Machadinho D'Oeste;RO;31135.0;30707.0;-428.0
4337;66501.0;Serra Azul de Minas;MG;4220.0;3792.0;-428.0
4338;7559.0;Estação;RS;6011.0;5582.0;-429.0
4339;35506.0;Jequeri;MG;12848.0;12419.0;-429.0
4340;66105.0;Senhora do Porto;MG;3497.0;3067.0;-430.0
4341;5309.0;Minador do Negrão;AL;5275.0;4845.0;-430.0
4342;6273.0;Novo Horizonte do Norte;MT;3780.0;3349.0;-431.0
4343;2506.0;Amparo do Serra;MG;4972.0;4541.0;-431.0
4344;19807.0;Córrego Danta;MG;3391.0;2960.0;-431.0
4345;2026.0;Buriti dos Montes;PI;7866.0;7434.0;-432.0
4346;6804.0;Bias Fortes;MG;3793.0;3361.0;-432.0
4347;104.0;Abadia dos Dourados;MG;6704.0;6272.0;-432.0
4348;7553.0;Farol;PR;3472.0;3039.0;-433.0
4349;2809.0;Mendes;RJ;17935.0;17502.0;-433.0
4350;45001.0;Salesópolis;SP;15635.0;15202.0;-433.0
4351;7850.0;Flor da Serra do Sul;PR;4798.0;4364.0;-434.0
4352;2600.0;Braga;RS;3702.0;3268.0;-434.0
4353;10005.0;Cândido Mota;SP;29884.0;29449.0;-435.0
4354;4105.0;Centenário;TO;2566.0;2131.0;-435.0
4355;4309.0;Governador Dix-Sept Rosado;RN;12374.0;11938.0;-436.0
4356;8703.0;Mãe d'Água;PB;4019.0;3583.0;-436.0
4357;7107.0;Piranhas;AL;23045.0;22609.0;-436.0
4358;9759.0;Santa Filomena do Maranhão;MA;7133.0;6697.0;-436.0
4359;20602.0;Severiano de Almeida;RS;3842.0;3406.0;-436.0
4360;15908.0;Itanagra;BA;6352.0;5914.0;-438.0
4361;109.0;Acari;RN;11035.0;10597.0;-438.0
4362;28208.0;Santana;BA;25194.0;24755.0;-439.0
4363;6320.0;Derrubadas;RS;3190.0;2751.0;-439.0
4364;2778.0;Colônia do Piauí;PI;7433.0;6994.0;-439.0
4365;2702.0;Feliz Deserto;AL;4403.0;3963.0;-440.0
4366;102.0;Acorizal;MT;5454.0;5014.0;-440.0
4367;15150.0;Novo Alegre;TO;2286.0;1846.0;-440.0
4368;11631.0;São Raimundo do Doca Bezerra;MA;6090.0;5650.0;-440.0
4369;1108.0;Cantagalo;RJ;19830.0;19390.0;-440.0
4370;7608.0;Central;BA;16789.0;16348.0;-441.0
4371;9500.0;Guaraqueçaba;PR;7871.0;7430.0;-441.0
4372;19157.0;Lapão;BA;26178.0;25736.0;-442.0
4373;27606.0;Santa Brígida;BA;15407.0;14965.0;-442.0
4374;49150.0;Pedras de Maria da Cruz;MG;10876.0;10433.0;-443.0
4375;21307.0;Rancho Alegre;PR;3955.0;3512.0;-443.0
4376;53202.0;Presidente Juscelino;MG;3908.0;3465.0;-443.0
4377;2309.0;Buriti Bravo;MA;22899.0;22455.0;-444.0
4378;16105.0;Ronda Alta;RS;10221.0;9777.0;-444.0
4379;14401.0;Mangueirinha;PR;17048.0;16603.0;-445.0
4380;7600.0;Fazenda Nova;GO;6322.0;5877.0;-445.0
4381;16908.0;Pilar de Goiás;GO;2773.0;2328.0;-445.0
4382;57609.0;Santa Fé de Minas;MG;3968.0;3522.0;-446.0
4383;10553.0;Itacurubi;RS;3441.0;2995.0;-446.0
4384;8105.0;Tesouro;MT;3472.0;3025.0;-447.0
4385;1476.0;Primavera de Rondônia;RO;3524.0;3076.0;-448.0
4386;20408.0;Presidente Castelo Branco;PR;4784.0;4336.0;-448.0
4387;3604.0;Areiópolis;SP;10579.0;10130.0;-449.0
4388;32108.0;Murutinga do Sul;SP;4186.0;3737.0;-449.0
4389;7156.0;Reserva do Cabaçal;MT;2572.0;2122.0;-450.0
4390;13305.0;São Joaquim do Monte;PE;20488.0;20037.0;-451.0
4391;2607.0;Igaracy;PB;6099.0;5648.0;-451.0
4392;36405.0;Joaquim Felício;MG;4305.0;3854.0;-451.0
4393;47601.0;Santa Rosa de Viterbo;SP;23862.0;23411.0;-451.0
4394;10300.0;Inajá;PR;2988.0;2536.0;-452.0
4395;8301.0;Divinópolis de Goiás;GO;4909.0;4457.0;-452.0
4396;707.0;Alto Piquiri;PR;10179.0;9727.0;-452.0
4397;9004.0;Tanque d'Arca;AL;6249.0;5796.0;-453.0
4398;18803.0;Laje;BA;21505.0;21052.0;-453.0
4399;408.0;Água Doce;SC;6961.0;6508.0;-453.0
4400;6406.0;Pão de Açúcar;AL;24277.0;23823.0;-454.0
4401;22376.0;Unistalda;RS;2450.0;1995.0;-455.0
4402;2904.0;Brejo dos Santos;PB;6198.0;5742.0;-456.0
4403;5307.0;Pirambu;SE;8369.0;7913.0;-456.0
4404;13302.0;Ponte Alta;SC;4894.0;4437.0;-457.0
4405;5702.0;Jardim do Seridó;RN;12113.0;11655.0;-458.0
4406;1500.0;Seringueiras;RO;11629.0;11171.0;-458.0
4407;11108.0;Monte Castelo;SC;8194.0;7736.0;-458.0
4408;20309.0;Porto Vitória;PR;4020.0;3562.0;-458.0
4409;22081.0;Wanderlândia;TO;10981.0;10522.0;-459.0
4410;12708.0;São Pedro;RN;6235.0;5776.0;-459.0
4411;10708.0;Cardoso;SP;11805.0;11345.0;-460.0
4412;3701.0;Brejinho de Nazaré;TO;5185.0;4725.0;-460.0
4413;52170.0;Ponto dos Volantes;MG;11345.0;10883.0;-462.0
4414;3400.0;Equador;RN;5822.0;5360.0;-462.0
4415;7653.0;Itambé;PE;35398.0;34935.0;-463.0
4416;38351.0;Leme do Prado;MG;4804.0;4341.0;-463.0
4417;19405.0;Licínio de Almeida;BA;12297.0;11834.0;-463.0
4418;21901.0;Ribeirão do Pinhal;PR;13524.0;13060.0;-464.0
4419;10702.0;Riacho da Cruz;RN;3165.0;2701.0;-464.0
4420;22802.0;Itaporanga;SP;14549.0;14085.0;-464.0
4421;18555.0;Jussari;BA;6353.0;5888.0;-465.0
4422;18709.0;Paulo Frontin;PR;6808.0;6343.0;-465.0
4423;3607.0;Biritinga;BA;15612.0;15146.0;-466.0
4424;64100.0;São Pedro do Suaçuí;MG;5570.0;5103.0;-467.0
4425;10876.0;Jacuizinho;RS;2507.0;2040.0;-467.0
4426;4906.0;Mar Vermelho;AL;3623.0;3155.0;-468.0
4427;2209.0;Alvarenga;MG;4444.0;3975.0;-469.0
4428;7157.0;Diamante D'Oeste;PR;5027.0;4557.0;-470.0
4429;28204.0;Guaraciaba;MG;10223.0;9753.0;-470.0
4430;2109.0;Campinas do Piauí;PI;5408.0;4938.0;-470.0
4431;6206.0;Vassouras;RJ;34447.0;33976.0;-471.0
4432;13109.0;Salgado de São Félix;PB;11976.0;11505.0;-471.0
4433;25407.0;São José da Boa Vista;PR;6511.0;6040.0;-471.0
4434;7263.0;Santo Afonso;MT;2991.0;2519.0;-472.0
4435;2408.0;Cajapió;MA;10593.0;10121.0;-472.0
4436;9003.0;Mucambo;CE;14138.0;13666.0;-472.0
4437;9005.0;Rio Grande do Piauí;PI;6273.0;5801.0;-472.0
4438;4250.0;Cachoeira Dourada;GO;8254.0;7782.0;-472.0
4439;3008.0;Cristalândia do Piauí;PI;7831.0;7356.0;-475.0
4440;16508.0;Taperoá;PB;14543.0;14068.0;-475.0
4441;4305.0;Avaí;SP;4959.0;4483.0;-476.0
4442;14303.0;Moreilândia;PE;11017.0;10540.0;-477.0
4443;5707.0;Barra Longa;MG;6143.0;5666.0;-477.0
4444;12004.0;Ibiassucê;BA;10908.0;10429.0;-479.0
4445;6000.0;Nortelândia;MT;6436.0;5956.0;-480.0
4446;9804.0;Hidrolina;GO;4025.0;3545.0;-480.0
4447;7504.0;Palmeirais;PI;13745.0;13264.0;-481.0
4448;15206.0;Putinga;RS;4229.0;3747.0;-482.0
4449;4252.0;Ponto Belo;ES;6979.0;6497.0;-482.0
4450;49952.0;Periquito;MG;7036.0;6553.0;-483.0
4451;10803.0;Pereiro;CE;15757.0;15274.0;-483.0
4452;4002.0;Campo Novo;RS;5459.0;4975.0;-484.0
4453;19456.0;Santa Rita do Novo Destino;GO;3173.0;2689.0;-484.0
4454;11122.0;Jaquirana;RS;4177.0;3690.0;-487.0
4455;57377.0;Santa Cruz de Salinas;MG;4397.0;3910.0;-487.0
4456;10009.0;Pilões;RN;3453.0;2965.0;-488.0
4457;19606.0;Xavantina;SC;4142.0;3653.0;-489.0
4458;38906.0;Machacalis;MG;6976.0;6487.0;-489.0
4459;65503.0;Sardoá;MG;5594.0;5104.0;-490.0
4460;4801.0;Coremas;PB;15174.0;14683.0;-491.0
4461;8452.0;Foz do Jordão;PR;5420.0;4926.0;-494.0
4462;14555.0;Pirapó;RS;2757.0;2260.0;-497.0
4463;38105.0;Pindorama;SP;15039.0;14542.0;-497.0
4464;11702.0;Reriutaba;CE;19103.0;18606.0;-497.0
4465;9377.0;Santa Rosa do Piauí;PI;5149.0;4650.0;-499.0
4466;38005.0;Laranjal;MG;6465.0;5963.0;-502.0
4467;3107.0;Barrolândia;TO;5349.0;4846.0;-503.0
4468;1258.0;Araputanga;MT;15290.0;14786.0;-504.0
4469;33109.0;Várzea do Poço;BA;8606.0;8101.0;-505.0
4470;6130.0;Cruzaltense;RS;2141.0;1635.0;-506.0
4471;2251.0;Canavieira;PI;3921.0;3414.0;-507.0
4472;24707.0;São Jerônimo da Serra;PR;11337.0;10830.0;-507.0
4473;18909.0;Guzolândia;SP;4754.0;4246.0;-508.0
4474;5201.0;Jaicós;PI;18035.0;17527.0;-508.0
4475;22207.0;Divinolândia de Minas;MG;7024.0;6516.0;-508.0
4476;5005.0;Humberto de Campos;MA;26189.0;25680.0;-509.0
4477;14005.0;Mamborê;PR;13961.0;13452.0;-509.0
4478;3906.0;Malhador;SE;12042.0;11533.0;-509.0
4479;7301.0;Castro Alves;BA;25222.0;24712.0;-510.0
4480;4206.0;Auriflama;SP;14202.0;13692.0;-510.0
4481;10909.0;Firmino Alves;BA;5384.0;4873.0;-511.0
4482;32107.0;Itacarambi;MG;17720.0;17208.0;-512.0
4483;902.0;Cambuci;RJ;15128.0;14616.0;-512.0
4484;29657.0;Ibiracatu;MG;5594.0;5081.0;-513.0
4485;14304.0;Dourado;SP;8609.0;8096.0;-513.0
4486;24108.0;Pedrão;BA;6749.0;6235.0;-514.0
4487;6700.0;Lajes;RN;10381.0;9866.0;-515.0
4488;19307.0;São Paulo das Missões;RS;6364.0;5846.0;-518.0
4489;8705.0;Condeúba;BA;17571.0;17053.0;-518.0
4490;11200.0;Poção;PE;11019.0;10500.0;-519.0
4491;3953.0;Bom Jesus da Serra;BA;10249.0;9730.0;-519.0
4492;8055.0;Terra Nova do Norte;MT;11136.0;10616.0;-520.0
4493;26657.0;Ribeirão do Largo;BA;10260.0;9740.0;-520.0
4494;22203.0;Vila Boa;GO;4735.0;4215.0;-520.0
4495;60603.0;Santo Hipólito;MG;3238.0;2717.0;-521.0
4496;17907.0;Tangará;SC;8665.0;8143.0;-522.0
4497;11502.0;Lavras do Sul;RS;7679.0;7157.0;-522.0
4498;251.0;Alagoinha do Piauí;PI;7341.0;6819.0;-522.0
4499;13609.0;Porto União;SC;33493.0;32970.0;-523.0
4500;103.0;Abatiá;PR;7764.0;7241.0;-523.0
4501;350.0;Aliança do Tocantins;TO;5671.0;5147.0;-524.0
4502;2602.0;Bom Retiro;SC;8942.0;8418.0;-524.0
4503;13208.0;Santa Cruz;PB;6471.0;5947.0;-524.0
4504;20259.0;São Salvador do Tocantins;TO;2910.0;2385.0;-525.0
4505;7206.0;Rio Branco;MT;5060.0;4535.0;-525.0
4506;5900.0;João Dias;RN;2601.0;2076.0;-525.0
4507;1800.0;Barracão;RS;5357.0;4831.0;-526.0
4508;16204.0;Rondinha;RS;5518.0;4991.0;-527.0
4509;12406.0;Capetinga;MG;7089.0;6562.0;-527.0
4510;58102.0;Santa Maria do Salto;MG;5284.0;4755.0;-529.0
4511;48400.0;Paulistas;MG;4918.0;4389.0;-529.0
4512;12302.0;Miraguaí;RS;4957.0;4427.0;-530.0
4513;17000.0;Getulina;SP;10765.0;10232.0;-533.0
4514;14402.0;Solidão;PE;5744.0;5210.0;-534.0
4515;1758.0;Brejo Grande do Araguaia;PA;7317.0;6783.0;-534.0
4516;31509.0;Teofilândia;BA;21710.0;21176.0;-534.0
4517;208.0;Ajuricaba;RS;7255.0;6720.0;-535.0
4518;2907.0;Coronel João Pessoa;RN;4772.0;4237.0;-535.0
4519;3605.0;Caiçara;PB;7139.0;6602.0;-537.0
4520;11250.0;São José dos Basílios;MA;7496.0;6957.0;-539.0
4521;33758.0;Itaú de Minas;MG;14945.0;14406.0;-539.0
4522;7005.0;Luís Gomes;RN;9610.0;9070.0;-540.0
4523;19004.0;Pérola d'Oeste;PR;6761.0;6221.0;-540.0
4524;904.0;Belo Monte;AL;6476.0;5936.0;-540.0
4525;58300.0;Santana da Vargem;MG;7231.0;6691.0;-540.0
4526;6600.0;Candiba;BA;13557.0;13016.0;-541.0
4527;16203.0;Itapé;BA;10883.0;10341.0;-542.0
4528;48509.0;Pavão;MG;8589.0;8047.0;-542.0
4529;10604.0;Itaguaru;GO;5446.0;4904.0;-542.0
4530;22905.0;Viadutos;RS;5311.0;4769.0;-542.0
4531;41604.0;Promissão;SP;35674.0;35131.0;-543.0
4532;16307.0;Pau D'Arco;TO;4588.0;4043.0;-545.0
4533;2702.0;Itaguaçu;ES;14134.0;13589.0;-545.0
4534;8656.0;Garruchos;RS;3234.0;2688.0;-546.0
4535;2102.0;Boa Ventura;PB;5756.0;5207.0;-549.0
4536;1957.0;Apuarema;BA;7463.0;6913.0;-550.0
4537;17271.0;Nova Tebas;PR;7398.0;6848.0;-550.0
4538;15739.0;Mato Rico;PR;3818.0;3267.0;-551.0
4539;809.0;Araçagi;PB;17199.0;16646.0;-553.0
4540;20150.0;Porto Barreiro;PR;3663.0;3110.0;-553.0
4541;21807.0;Mortugaba;BA;11696.0;11143.0;-553.0
4542;4606.0;Ielmo Marinho;RN;12171.0;11615.0;-556.0
4543;22703.0;Itápolis;SP;40051.0;39493.0;-558.0
4544;50000.0;Pescador;MG;4128.0;3570.0;-558.0
4545;7815.0;Estrela Velha;RS;3628.0;3070.0;-558.0
4546;17001.0;Umbuzeiro;PB;9682.0;9124.0;-558.0
4547;18102.0;Portelândia;GO;3839.0;3280.0;-559.0
4548;9150.0;Gouvelândia;GO;4949.0;4390.0;-559.0
4549;407.0;Arauá;SE;10878.0;10318.0;-560.0
4550;14779.0;Pontão;RS;3857.0;3296.0;-561.0
4551;57500.0;Santa Efigênia de Minas;MG;4600.0;4039.0;-561.0
4552;7104.0;Herval;RS;6753.0;6191.0;-562.0
4553;2901.0;Bituruna;PR;16096.0;15533.0;-563.0
4554;6755.0;Miranda do Norte;MA;24427.0;23864.0;-563.0
4555;26009.0;São Sebastião da Amoreira;PR;8626.0;8063.0;-563.0
4556;42254.0;Miravânia;MG;4549.0;3985.0;-564.0
4557;3509.0;Camaquã;RS;62764.0;62200.0;-564.0
4558;43501.0;Riversul;SP;6163.0;5599.0;-564.0
4559;16800.0;São José do Cerrito;SC;9273.0;8708.0;-565.0
4560;65909.0;Senador Modestino Gonçalves;MG;4574.0;4008.0;-566.0
4561;2409.0;Bonito de Santa Fé;PB;10818.0;10252.0;-566.0
4562;59209.0;Santa Rita de Caldas;MG;9027.0;8460.0;-567.0
4563;21609.0;Morpará;BA;8563.0;7996.0;-567.0
4564;64506.0;São Sebastião do Maranhão;MG;10647.0;10079.0;-568.0
4565;5604.0;Porto da Folha;SE;27146.0;26576.0;-570.0
4566;9406.0;Cotegipe;BA;13636.0;13063.0;-573.0
4567;33257.0;Vereda;BA;6576.0;6003.0;-573.0
4568;39607.0;Mantena;MG;27111.0;26535.0;-576.0
4569;43450.0;Montezuma;MG;7464.0;6888.0;-576.0
4570;13602.0;São José do Egito;PE;31582.0;31004.0;-578.0
4571;55108.0;Rio do Prado;MG;5217.0;4639.0;-578.0
4572;3009.0;Cabrobó;PE;30873.0;30294.0;-579.0
4573;44672.0;Nova Belém;MG;3732.0;3151.0;-581.0
4574;14506.0;Umarizal;RN;10659.0;10078.0;-581.0
4575;8601.0;Goioerê;PR;29018.0;28437.0;-581.0
4576;7901.0;Jaboatão dos Guararapes;PE;644620.0;644037.0;-583.0
4577;36520.0;José Gonçalves de Minas;MG;4553.0;3969.0;-584.0
4578;20403.0;Manoel Vitorino;BA;14445.0;13860.0;-585.0
4579;18706.0;Rianápolis;GO;4566.0;3980.0;-586.0
4580;8800.0;Braúnas;MG;5030.0;4441.0;-589.0
4581;30303.0;Serra Dourada;BA;17656.0;17066.0;-590.0
4582;5494.0;Palestina do Pará;PA;7475.0;6885.0;-590.0
4583;15000.0;Rio Negrinho;SC;39851.0;39261.0;-590.0
4584;70438.0;União de Minas;MG;4418.0;3828.0;-590.0
4585;1001.0;Boa Esperança;ES;14199.0;13608.0;-591.0
4586;8000.0;Juru;PB;9826.0;9234.0;-592.0
4587;1309.0;Aragominas;TO;5882.0;5290.0;-592.0
4588;56602.0;Vera Cruz;SP;10769.0;10176.0;-593.0
4589;5124.0;Cerrito;RS;6402.0;5808.0;-594.0
4590;9805.0;Pacoti;CE;11780.0;11186.0;-594.0
4591;12000.0;Candeias;MG;14595.0;14001.0;-594.0
4592;10504.0;Iraí;RS;8078.0;7482.0;-596.0
4593;8708.0;Morada Nova;CE;62041.0;61443.0;-598.0
4594;5207.0;Janduís;RN;5345.0;4746.0;-599.0
4595;3809.0;Figueirópolis D'Oeste;MT;3787.0;3187.0;-600.0
4596;15706.0;Central de Minas;MG;6772.0;6171.0;-601.0
4597;902.0;Amorinópolis;GO;3608.0;3007.0;-601.0
4598;8409.0;Formigueiro;RS;7014.0;6413.0;-601.0
4599;54409.0;Terra Roxa;SP;8505.0;7904.0;-601.0
4600;205.0;Aguiar;PB;5604.0;5003.0;-601.0
4601;4904.0;Pacatuba;SE;13105.0;12502.0;-603.0
4602;54507.0;Riacho dos Machados;MG;9360.0;8756.0;-604.0
4603;33304.0;Nova Luzitânia;SP;3441.0;2837.0;-604.0
4604;24807.0;Estrela do Sul;MG;7446.0;6840.0;-606.0
4605;16003.0;Solânea;PB;27380.0;26774.0;-606.0
4606;2705.0;Apiaí;SP;25191.0;24585.0;-606.0
4607;5901.0;Riachuelo;SE;9355.0;8748.0;-607.0
4608;3401.0;Bom Jardim de Goiás;GO;8435.0;7826.0;-609.0
4609;19208.0;São Nicolau;RS;5727.0;5118.0;-609.0
4610;38500.0;Liberdade;MG;5346.0;4737.0;-609.0
4611;16506.0;Claro dos Poções;MG;7775.0;7166.0;-609.0
4612;5580.0;Marcelândia;MT;12006.0;11396.0;-610.0
4613;1409.0;Barreiros;PE;40732.0;40121.0;-611.0
4614;48301.0;Paula Cândido;MG;9271.0;8659.0;-612.0
4615;13607.0;Paim Filho;RS;4243.0;3629.0;-614.0
4616;3254.0;Colniza;MT;26381.0;25766.0;-615.0
4617;10439.0;Ipê;RS;6018.0;5399.0;-619.0
4618;23101.0;Vicente Dutra;RS;5285.0;4665.0;-620.0
4619;15107.0;Porto Xavier;RS;10558.0;9938.0;-620.0
4620;5903.0;Olho d'Água Grande;AL;4950.0;4330.0;-620.0
4621;26307.0;Fortaleza de Minas;MG;4098.0;3477.0;-621.0
4622;4003.0;Maruim;SE;16343.0;15719.0;-624.0
4623;23308.0;Ouriçangas;BA;8340.0;7716.0;-624.0
4624;72103.0;Volta Grande;MG;5070.0;4443.0;-627.0
4625;16303.0;Roque Gonzales;RS;7203.0;6576.0;-627.0
4626;9000.0;Cordeiros;BA;8174.0;7546.0;-628.0
4627;27908.0;Tuneiras do Oeste;PR;8695.0;8067.0;-628.0
4628;46750.0;Palmópolis;MG;6931.0;6301.0;-630.0
4629;16606.0;Gália;SP;7011.0;6380.0;-631.0
4630;6505.0;Poconé;MT;31848.0;31217.0;-631.0
4631;1559.0;Teixeirópolis;RO;4888.0;4256.0;-632.0
4632;40605.0;Materlândia;MG;4595.0;3963.0;-632.0
4633;1300.0;Barra de Guabiraba;PE;12896.0;12263.0;-633.0
4634;18402.0;Presidente Kennedy;TO;3681.0;3047.0;-634.0
4635;12604.0;Capinópolis;MG;15290.0;14655.0;-635.0
4636;16802.0;Nova Cantu;PR;7425.0;6790.0;-635.0
4637;18456.0;Jucuruçu;BA;10290.0;9655.0;-635.0
4638;9304.0;Cajobi;SP;9768.0;9133.0;-635.0
4639;51909.0;Pocrane;MG;8986.0;8350.0;-636.0
4640;13503.0;Carbonita;MG;9148.0;8512.0;-636.0
4641;5609.0;Joselândia;MA;15561.0;14924.0;-637.0
4642;10602.0;Esplanada;BA;33191.0;32554.0;-637.0
4643;29701.0;Sátiro Dias;BA;16646.0;16008.0;-638.0
4644;17206.0;Piraquê;TO;2920.0;2282.0;-638.0
4645;20300.0;Cristália;MG;5760.0;5121.0;-639.0
4646;10806.0;Campanário;MG;3564.0;2923.0;-641.0
4647;55207.0;Rio Espera;MG;6070.0;5429.0;-641.0
4648;13734.0;Luiziana;PR;7332.0;6690.0;-642.0
4649;5906.0;Lago Verde;MA;15412.0;14769.0;-643.0
4650;455.0;Alegria;RS;4294.0;3651.0;-643.0
4651;131.0;Abel Figueiredo;PA;6780.0;6136.0;-644.0
4652;41009.0;Mato Verde;MG;12684.0;12038.0;-646.0
4653;24900.0;Planaltino;BA;8670.0;8022.0;-648.0
4654;9753.0;Ibarama;RS;4380.0;3732.0;-648.0
4655;15508.0;Caxambu;MG;21705.0;21056.0;-649.0
4656;385.0;Plácido de Castro;AC;17209.0;16560.0;-649.0
4657;4407.0;Brejolândia;BA;9757.0;9108.0;-649.0
4658;1206.0;Arroio do Tigre;RS;12708.0;12058.0;-650.0
4659;5234.0;Lambari D'Oeste;MT;5441.0;4790.0;-651.0
4660;5009.0;Catuípe;RS;9325.0;8674.0;-651.0
4661;3809.0;Muqui;ES;14396.0;13745.0;-651.0
4662;5132.0;Cerro Branco;RS;4454.0;3802.0;-652.0
4663;5059.0;Castelândia;GO;3638.0;2985.0;-653.0
4664;2000.0;Araguaçu;TO;8786.0;8133.0;-653.0
4665;3302.0;Japaratuba;SE;16864.0;16209.0;-655.0
4666;20655.0;Quarto Centenário;PR;4856.0;4201.0;-655.0
4667;2307.0;Canto do Buriti;PI;20020.0;19365.0;-655.0
4668;18809.0;Coração de Jesus;MG;26033.0;25377.0;-656.0
4669;8905.0;Goiás;GO;24727.0;24071.0;-656.0
4670;6704.0;Nazaré do Piauí;PI;7321.0;6665.0;-656.0
4671;5806.0;Frei Miguelinho;PE;14293.0;13636.0;-657.0
4672;6583.0;Santa Maria das Barreiras;PA;17206.0;16548.0;-658.0
4673;28809.0;Maracaí;SP;13332.0;12673.0;-659.0
4674;34004.0;Itinga;MG;14407.0;13745.0;-662.0
4675;12207.0;Janiópolis;PR;6532.0;5870.0;-662.0
4676;6208.0;Nova Brasilândia;MT;4597.0;3932.0;-665.0
4677;301.0;Aguiarnópolis;TO;5162.0;4497.0;-665.0
4678;14472.0;Pinhal Grande;RS;4471.0;3805.0;-666.0
4679;9159.0;Gramado Xavier;RS;3970.0;3304.0;-666.0
4680;303.0;Aldeias Altas;MA;23952.0;23286.0;-666.0
4681;6706.0;Boa Esperança do Sul;SP;13645.0;12978.0;-667.0
4682;24302.0;Espinosa;MG;31113.0;30443.0;-670.0
4683;8956.0;Senador Rui Palmeira;AL;12974.0;12303.0;-671.0
4684;9800.0;Mulungu;PB;9463.0;8791.0;-672.0
4685;1155.0;América Dourada;BA;15810.0;15137.0;-673.0
4686;13708.0;Umari;CE;7545.0;6871.0;-674.0
4687;71030.0;Verdelândia;MG;8346.0;7672.0;-674.0
4688;3602.0;Cambará;PR;23886.0;23212.0;-674.0
4689;43808.0;Rinópolis;SP;9935.0;9259.0;-676.0
4690;2793.0;Carlinda;MT;11011.0;10332.0;-679.0
4691;2001.0;Bodocó;PE;35158.0;34478.0;-680.0
4692;35200.0;Palmeira d'Oeste;SP;9584.0;8903.0;-681.0
4693;109.0;Agudo;RS;16722.0;16041.0;-681.0
4694;70578.0;Vargem Alegre;MG;6461.0;5780.0;-681.0
4695;905.0;Amaporã;PR;5443.0;4762.0;-681.0
4696;8908.0;Ribeiro Gonçalves;PI;6845.0;6164.0;-681.0
4697;54201.0;Tejupá;SP;4809.0;4127.0;-682.0
4698;10802.0;Itajá;GO;5062.0;4380.0;-682.0
4699;7407.0;Olho d'Água das Cunhãs;MA;18601.0;17919.0;-682.0
4700;11555.0;Ivaté;PR;7514.0;6831.0;-683.0
4701;6900.0;Jaguaribe;CE;34409.0;33726.0;-683.0
4702;7777.0;Patos do Piauí;PI;6110.0;5425.0;-685.0
4703;1450.0;Parecis;RO;4810.0;4125.0;-685.0
4704;7297.0;São José do Povo;MT;3561.0;2875.0;-686.0
4705;53103.0;Presidente Bernardes;MG;5537.0;4850.0;-687.0
4706;27858.0;Três Barras do Paraná;PR;11824.0;11135.0;-689.0
4707;4976.0;Nova Ipixuna;PA;14645.0;13955.0;-690.0
4708;27503.0;Gonzaga;MG;5921.0;5230.0;-691.0
4709;45059.0;Nova Porteirinha;MG;7398.0;6706.0;-692.0
4710;18105.0;Paranacity;PR;10250.0;9557.0;-693.0
4711;67707.0;Sobrália;MG;5830.0;5137.0;-693.0
4712;26901.0;Frei Inocêncio;MG;8920.0;8226.0;-694.0
4713;44201.0;Nacip Raydan;MG;3154.0;2459.0;-695.0
4714;20839.0;Cuparaque;MG;4680.0;3983.0;-697.0
4715;13604.0;Santana dos Garrotes;PB;7266.0;6569.0;-697.0
4716;6903.0;Iguaracy;PE;11779.0;11081.0;-698.0
4717;1906.0;Belém;PB;17101.0;16401.0;-700.0
4718;9506.0;Guarani das Missões;RS;8115.0;7415.0;-700.0
4719;1604.0;Assaré;CE;22398.0;21697.0;-701.0
4720;15679.0;Santa Terezinha;SC;8767.0;8066.0;-701.0
4721;6702.0;Jaguaretama;CE;17934.0;17232.0;-702.0
4722;19605.0;Santa Tereza de Goiás;GO;3995.0;3293.0;-702.0
4723;5371.0;Charrua;RS;3471.0;2768.0;-703.0
4724;21606.0;Irapuru;SP;7789.0;7085.0;-704.0
4725;8503.0;Botumirim;MG;6497.0;5790.0;-707.0
4726;25753.0;São Pedro do Iguaçu;PR;6491.0;5784.0;-707.0
4727;49101.0;Pedralva;MG;11467.0;10760.0;-707.0
4728;16809.0;Petrolina de Goiás;GO;10281.0;9573.0;-708.0
4729;1605.0;Barão de Melgaço;MT;7961.0;7253.0;-708.0
4730;29354.0;São José da Vitória;BA;6024.0;5315.0;-709.0
4731;6401.0;Santa Cruz do Arari;PA;8155.0;7445.0;-710.0
4732;2850.0;Castanheira;MT;8219.0;7506.0;-713.0
4733;22152.0;Tunas;RS;4395.0;3681.0;-714.0
4734;6908.0;Encruzilhada do Sul;RS;24534.0;23819.0;-715.0
4735;44607.0;Nepomuceno;MG;25733.0;25018.0;-715.0
4736;459.0;Altamira do Paraná;PR;4306.0;3590.0;-716.0
4737;14404.0;São José de Espinharas;PB;4800.0;4083.0;-717.0
4738;4700.0;Ataléia;MG;14455.0;13736.0;-719.0
4739;18605.0;Jussiape;BA;8099.0;7379.0;-720.0
4740;12203.0;Maximiliano de Almeida;RS;4911.0;4191.0;-720.0
4741;2158.0;Araguanã;TO;5030.0;4310.0;-720.0
4742;12605.0;Coronel Macedo;SP;5001.0;4280.0;-721.0
4743;16709.0;Santa Bárbara do Sul;RS;8843.0;8122.0;-721.0
4744;8454.0;Peritoró;MA;21201.0;20479.0;-722.0
4745;14303.0;Carmo do Paranaíba;MG;29735.0;29011.0;-724.0
4746;41504.0;Mendes Pimentel;MG;6331.0;5606.0;-725.0
4747;12405.0;Lizarda;TO;3725.0;2999.0;-726.0
4748;13425.0;Novo Machado;RS;3925.0;3198.0;-727.0
4749;2203.0;Aramari;BA;10561.0;9833.0;-728.0
4750;33204.0;Itanhomi;MG;11856.0;11128.0;-728.0
4751;27305.0;Galiléia;MG;6951.0;6222.0;-729.0
4752;4006.0;Francinópolis;PI;5235.0;4505.0;-730.0
4753;15353.0;Itaguaçu da Bahia;BA;13041.0;12311.0;-730.0
4754;1101.0;Andirá;PR;20610.0;19878.0;-732.0
4755;903.0;Apuiarés;CE;13661.0;12928.0;-733.0
4756;2900.0;Girau do Ponciano;AL;36837.0;36102.0;-735.0
4757;14001.0;Tangará;RN;14016.0;13281.0;-735.0
4758;32008.0;Itacambira;MG;4988.0;4252.0;-736.0
4759;27007.0;Teixeira Soares;PR;10283.0;9547.0;-736.0
4760;3931.0;Choró;CE;12853.0;12113.0;-740.0
4761;47956.0;Patis;MG;5579.0;4837.0;-742.0
4762;3700.0;Jaramataia;AL;5727.0;4985.0;-742.0
4763;24708.0;Estrela do Indaiá;MG;3516.0;2772.0;-744.0
4764;8907.0;Nova Maringá;MT;6590.0;5846.0;-744.0
4765;23704.0;Paratinga;BA;29998.0;29252.0;-746.0
4766;2706.0;Borborema;PB;4962.0;4214.0;-748.0
4767;57104.0;Salto da Divisa;MG;6859.0;6110.0;-749.0
4768;20507.0;Primeiro de Maio;PR;10832.0;10082.0;-750.0
4769;19058.0;Lajedo do Tabocal;BA;8244.0;7494.0;-750.0
4770;20503.0;Sertão;RS;6294.0;5541.0;-753.0
4771;21752.0;Reserva do Iguaçu;PR;7307.0;6553.0;-754.0
4772;13002.0;Ibitiara;BA;15392.0;14637.0;-755.0
4773;13102.0;Nova Palma;RS;6342.0;5586.0;-756.0
4774;5509.0;Barão de Monte Alto;MG;5720.0;4964.0;-756.0
4775;28559.0;Vera Cruz do Oeste;PR;8973.0;8215.0;-758.0
4776;22108.0;Divino das Laranjeiras;MG;4937.0;4178.0;-759.0
4777;1484.0;São Felipe D'Oeste;RO;6018.0;5258.0;-760.0
4778;13254.0;Laranjal;PR;6360.0;5600.0;-760.0
4779;19900.0;Macururé;BA;8021.0;7256.0;-765.0
4780;20686.0;Simolândia;GO;6507.0;5742.0;-765.0
4781;26752.0;Franciscópolis;MG;5800.0;5034.0;-766.0
4782;6359.0;Marajá do Sena;MA;7794.0;7027.0;-767.0
4783;23809.0;Engenheiro Navarro;MG;7122.0;6354.0;-768.0
4784;6709.0;Cândido Sales;BA;26015.0;25247.0;-768.0
4785;39508.0;Manhumirim;MG;21382.0;20613.0;-769.0
4786;1805.0;Betânia;PE;12003.0;11232.0;-771.0
4787;35076.0;Jampruca;MG;5067.0;4296.0;-771.0
4788;5504.0;Ciríaco;RS;4922.0;4149.0;-773.0
4789;46255.0;Padre Carvalho;MG;5834.0;5058.0;-776.0
4790;31506.0;Monte Azul Paulista;SP;18931.0;18151.0;-780.0
4791;49508.0;São José da Bela Vista;SP;8406.0;7626.0;-780.0
4792;28501.0;Guarará;MG;3929.0;3149.0;-780.0
4793;15552.0;Rio dos Índios;RS;3616.0;2835.0;-781.0
4794;20151.0;Crisólita;MG;6047.0;5265.0;-782.0
4795;306.0;Acajutiba;BA;14577.0;13795.0;-782.0
4796;3569.0;Rio Preto da Eva;AM;25719.0;24936.0;-783.0
4797;4303.0;Fronteiras;PI;11042.0;10259.0;-783.0
4798;4004.0;Coreaú;CE;21738.0;20953.0;-785.0
4799;19406.0;São Pedro do Sul;RS;16368.0;15577.0;-791.0
4800;1406.0;Aratuba;CE;12016.0;11224.0;-792.0
4801;48500.0;Santos;SP;419400.0;418608.0;-792.0
4802;3125.0;Central do Maranhão;MA;7887.0;7094.0;-793.0
4803;7702.0;Filadélfia;TO;8505.0;7712.0;-793.0
4804;23407.0;Palmas de Monte Alto;BA;20872.0;20078.0;-794.0
4805;4155.0;Casinhas;PE;13766.0;12967.0;-799.0
4806;1200.0;Antonina;PR;18891.0;18091.0;-800.0
4807;3257.0;Cidelândia;MA;13681.0;12878.0;-803.0
4808;5201.0;Cerro Azul;PR;16938.0;16134.0;-804.0
4809;62609.0;São João do Oriente;MG;7874.0;7070.0;-804.0
4810;31400.0;Teodoro Sampaio;BA;7914.0;7110.0;-804.0
4811;15304.0;Itagimirim;BA;7154.0;6347.0;-807.0
4812;14753.0;Venha-Ver;RN;3821.0;3014.0;-807.0
4813;29807.0;Mineiros do Tietê;SP;12038.0;11230.0;-808.0
4814;23209.0;Oliveira dos Brejinhos;BA;21524.0;20715.0;-809.0
4815;10105.0;Nova Floresta;PB;10533.0;9724.0;-809.0
4816;6265.0;Novo Mundo;MT;7332.0;6520.0;-812.0
4817;11908.0;Marcelino Ramos;RS;5134.0;4320.0;-814.0
4818;15208.0;Romelândia;SC;5637.0;4823.0;-814.0
4819;19603.0;Macajuba;BA;11268.0;10454.0;-814.0
4820;9700.0;Campos do Jordão;SP;47789.0;46974.0;-815.0
4821;403.0;Alto Paraíso;RO;17135.0;16320.0;-815.0
4822;3102.0;Barra do Rocha;BA;6591.0;5775.0;-816.0
4823;14027.0;Paraíso do Sul;RS;7336.0;6519.0;-817.0
4824;9505.0;Cravolândia;BA;5233.0;4415.0;-818.0
4825;29404.0;São Miguel das Matas;BA;11155.0;10334.0;-821.0
4826;25006.0;Planalto;BA;24156.0;23334.0;-822.0
4827;15156.0;Progresso;RS;6163.0;5340.0;-823.0
4828;11404.0;Itauçu;GO;8563.0;7736.0;-827.0
4829;6828.0;Porto Esperidião;MT;11031.0;10204.0;-827.0
4830;11403.0;Santana do Matos;RN;13284.0;12456.0;-828.0
4831;55603.0;Rio Pardo de Minas;MG;29099.0;28271.0;-828.0
4832;7802.0;Bom Jesus do Galho;MG;15364.0;14536.0;-828.0
4833;11804.0;Canápolis;MG;11436.0;10608.0;-828.0
4834;12901.0;São Benedito do Sul;PE;13941.0;13113.0;-828.0
4835;7207.0;Dois Irmãos do Tocantins;TO;7161.0;6327.0;-834.0
4836;7466.0;São João da Ponta;PA;5265.0;4430.0;-835.0
4837;7635.0;Madalena;CE;17731.0;16896.0;-835.0
4838;8805.0;General Câmara;RS;8447.0;7612.0;-835.0
4839;5807.0;Lago do Junco;MA;10343.0;9506.0;-837.0
4840;46701.0;Palma;MG;6545.0;5707.0;-838.0
4841;1801.0;Engenheiro Paulo de Frontin;RJ;13080.0;12242.0;-838.0
4842;26905.0;Rio do Pires;BA;11336.0;10497.0;-839.0
4843;807.0;Anaurilândia;MS;8493.0;7653.0;-840.0
4844;21054.0;Matina;BA;11171.0;10330.0;-841.0
4845;3304.0;Mantenópolis;ES;13612.0;12770.0;-842.0
4846;6734.0;Doutor Maurício Cardoso;RS;5313.0;4470.0;-843.0
4847;12802.0;Santa Terezinha;PE;11089.0;10244.0;-845.0
4848;14208.0;Irajuba;BA;6946.0;6101.0;-845.0
4849;9302.0;Guaraniaçu;PR;14582.0;13735.0;-847.0
4850;600.0;Amarante do Maranhão;MA;37932.0;37085.0;-847.0
4851;21708.0;Morro do Chapéu;BA;34441.0;33594.0;-847.0
4852;6604.0;Paulo Jacinto;AL;7426.0;6576.0;-850.0
4853;11001.0;Itambaracá;PR;6759.0;5908.0;-851.0
4854;1703.0;Aurora;CE;24566.0;23714.0;-852.0
4855;5401.0;Barra do Turvo;SP;7729.0;6876.0;-853.0
4856;12906.0;São Tomé;RN;10827.0;9972.0;-855.0
4857;10706.0;Itaguatins;TO;6029.0;5172.0;-857.0
4858;25001.0;São João do Ivaí;PR;11525.0;10667.0;-858.0
4859;3506.0;Cacimba de Dentro;PB;16923.0;16064.0;-859.0
4860;4852.0;Cabaceiras do Paraguaçu;BA;17420.0;16559.0;-861.0
4861;16803.0;Coluna;MG;9024.0;8163.0;-861.0
4862;6100.0;Cristalândia;TO;7234.0;6371.0;-863.0
4863;5007.0;Nova Timboteua;PA;13670.0;12806.0;-864.0
4864;6857.0;Capela do Alto Alegre;BA;11609.0;10744.0;-865.0
4865;37404.0;Pereira Barreto;SP;24962.0;24095.0;-867.0
4866;13809.0;Palmeiras do Tocantins;TO;5740.0;4872.0;-868.0
4867;41405.0;Medina;MG;21026.0;20156.0;-870.0
4868;2209.0;Bom Jardim;PE;38500.0;37629.0;-871.0
4869;10402.0;Olho d'Água;PB;6931.0;6060.0;-871.0
4870;22607.0;Nilo Peçanha;BA;12935.0;12063.0;-872.0
4871;32603.0;Nhandeara;SP;10725.0;9852.0;-873.0
4872;2003.0;Belém do Brejo do Cruz;PB;7143.0;6268.0;-875.0
4873;3354.0;Braganey;PR;5735.0;4854.0;-881.0
4874;11857.0;Heliópolis;BA;13192.0;12309.0;-883.0
4875;31202.0;Taperoá;BA;18928.0;18044.0;-884.0
4876;6112.0;Quatipuru;PA;12411.0;11524.0;-887.0
4877;6504.0;Itapiúna;CE;18732.0;17841.0;-891.0
4878;11254.0;Lagoão;RS;6233.0;5341.0;-892.0
4879;8404.0;Jurema;PE;14541.0;13648.0;-893.0
4880;21303.0;Taquari;RS;26092.0;25198.0;-894.0
4881;1307.0;Araripe;CE;20679.0;19783.0;-896.0
4882;2658.0;Banzaê;BA;12854.0;11958.0;-896.0
4883;12852.0;Vila Nova dos Martírios;MA;11258.0;10362.0;-896.0
4884;11106.0;Jaguari;RS;11475.0;10579.0;-896.0
4885;670.0;Boquim;SE;25533.0;24636.0;-897.0
4886;5302.0;Barra Bonita;SP;35246.0;34346.0;-900.0
4887;50902.0;São Simão;SP;14346.0;13442.0;-904.0
4888;3503.0;Elesbão Veloso;PI;14512.0;13607.0;-905.0
4889;32606.0;Urandi;BA;16260.0;15355.0;-905.0
4890;9708.0;São Francisco do Piauí;PI;6298.0;5392.0;-906.0
4891;11052.0;São João do Paraíso;MA;10814.0;9904.0;-910.0
4892;505.0;Alpestre;RS;8027.0;7117.0;-910.0
4893;17707.0;Santo Antônio das Missões;RS;11210.0;10300.0;-910.0
4894;2406.0;Bandeirantes;PR;32184.0;31273.0;-911.0
4895;37304.0;Lagoa dos Patos;MG;4225.0;3313.0;-912.0
4896;1305.0;Arroio Grande;RS;18470.0;17558.0;-912.0
4897;21401.0;Mirangaba;BA;16649.0;15734.0;-915.0
4898;1908.0;Aporá;BA;16838.0;15922.0;-916.0
4899;19500.0;Coronel Murta;MG;9117.0;8200.0;-917.0
4900;53609.0;Tapiratiba;SP;12737.0;11816.0;-921.0
4901;307.0;Alecrim;RS;7045.0;6123.0;-922.0
4902;17008.0;Nova Fátima;PR;8147.0;7225.0;-922.0
4903;14307.0;Iramaia;BA;11675.0;10752.0;-923.0
4904;51900.0;Severínia;SP;15501.0;14576.0;-925.0
4905;17604.0;Guapiara;SP;17998.0;17071.0;-927.0
4906;39300.0;Manga;MG;19813.0;18886.0;-927.0
4907;69208.0;Tombos;MG;9537.0;8609.0;-928.0
4908;29004.0;Guiricema;MG;8707.0;7778.0;-929.0
4909;9704.0;Pedro Avelino;RN;7171.0;6242.0;-929.0
4910;16104.0;Itaparica;BA;20725.0;19789.0;-936.0
4911;7253.0;Doverlândia;GO;7892.0;6956.0;-936.0
4912;36579.0;Josenópolis;MG;4566.0;3630.0;-936.0
4913;8650.0;Goioxim;PR;7503.0;6566.0;-937.0
4914;2707.0;Conceição do Araguaia;PA;45557.0;44617.0;-940.0
4915;16804.0;Gastão Vidigal;SP;4193.0;3252.0;-941.0
4916;3703.0;Ariranha;SP;8547.0;7602.0;-945.0
4917;29103.0;Gurinhatã;MG;6137.0;5192.0;-945.0
4918;14552.0;São José de Princesa;PB;4364.0;3416.0;-948.0
4919;5104.0;Barbosa;SP;6593.0;5640.0;-953.0
4920;4609.0;Maravilha;AL;10490.0;9534.0;-956.0
4921;9308.0;Patu;RN;11964.0;11007.0;-957.0
4922;6505.0;Passo de Camaragibe;AL;14763.0;13804.0;-959.0
4923;402.0;Altamira do Maranhão;MA;7407.0;6447.0;-960.0
4924;6707.0;Imaculada;PB;11352.0;10392.0;-960.0
4925;31.0;Cabixi;RO;6313.0;5351.0;-962.0
4926;20205.0;Malhada;BA;16361.0;15398.0;-963.0
4927;10702.0;Itatiba do Sul;RS;4171.0;3208.0;-963.0
4928;28402.0;Guarani;MG;8678.0;7714.0;-964.0
4929;16308.0;Cipotânea;MG;6547.0;5581.0;-966.0
4930;5608.0;Barbacena;MG;126284.0;125317.0;-967.0
4931;22107.0;Xambioá;TO;11484.0;10517.0;-967.0
4932;65552.0;Setubinha;MG;10885.0;9917.0;-968.0
4933;37106.0;Lagamar;MG;7600.0;6631.0;-969.0
4934;24504.0;Pindaí;BA;15700.0;14731.0;-969.0
4935;53302.0;Tambaú;SP;22406.0;21435.0;-971.0
4936;15503.0;Restinga Sêca;RS;15911.0;14939.0;-972.0
4937;1508.0;Belém de Maria;PE;11353.0;10378.0;-975.0
4938;14105.0;Sertânia;PE;33787.0;32811.0;-976.0
4939;5176.0;Juruena;MT;11190.0;10213.0;-977.0
4940;58508.0;Santana de Pirapama;MG;8009.0;7030.0;-979.0
4941;1100.0;Branquinha;AL;10583.0;9603.0;-980.0
4942;5266.0;Ibaretama;CE;12939.0;11956.0;-983.0
4943;30655.0;Indaiabira;MG;7330.0;6346.0;-984.0
4944;8700.0;Grandes Rios;PR;6625.0;5641.0;-984.0
4945;11806.0;Pirpirituba;PB;10327.0;9340.0;-987.0
4946;1106.0;Amélia Rodrigues;BA;25125.0;24138.0;-987.0
4947;11907.0;Iaçu;BA;25595.0;24607.0;-988.0
4948;29509.0;Ibiá;MG;23218.0;22229.0;-989.0
4949;940.0;Cujubim;RO;15854.0;14863.0;-991.0
4950;1605.0;Conceição da Barra;ES;28449.0;27458.0;-991.0
4951;17802.0;Guaraçaí;SP;8435.0;7441.0;-994.0
4952;2501.0;Bossoroca;RS;6884.0;5890.0;-994.0
4953;11601.0;Liberato Salzano;RS;5780.0;4781.0;-999.0
4954;19407.0;Santa Rita do Araguaia;GO;6924.0;5924.0;-1000.0
4955;6050.0;Massapê do Piauí;PI;6222.0;5218.0;-1004.0
4956;39003.0;Machado;MG;38688.0;37684.0;-1004.0
4957;56007.0;Rio Vermelho;MG;13645.0;12641.0;-1004.0
4958;16705.0;Garça;SP;43115.0;42110.0;-1005.0
4959;1600.0;Bonito;PA;13630.0;12622.0;-1008.0
4960;29708.0;Miguelópolis;SP;20451.0;19441.0;-1010.0
4961;9658.0;Honório Serpa;PR;5955.0;4941.0;-1014.0
4962;25709.0;Presidente Jânio Quadros;BA;13635.0;12621.0;-1014.0
4963;5700.0;Ponta de Pedras;PA;25999.0;24984.0;-1015.0
4964;4953.0;Campos Verdes;GO;5020.0;4005.0;-1015.0
4965;35456.0;Jenipapo de Minas;MG;7116.0;6100.0;-1016.0
4966;20908.0;Mascote;BA;14562.0;13544.0;-1018.0
4967;13601.0;Monte do Carmo;TO;6716.0;5694.0;-1022.0
4968;41702.0;Mesquita;MG;6069.0;5040.0;-1029.0
4969;13509.0;Monte Alegre de Goiás;GO;7730.0;6692.0;-1038.0
4970;32101.0;Ubaíra;BA;19664.0;18626.0;-1038.0
4971;3300.0;Barro Preto;BA;6873.0;5833.0;-1040.0
4972;20903.0;Taguatinga;TO;15051.0;14011.0;-1040.0
4973;20263.0;Segredo;RS;7050.0;6009.0;-1041.0
4974;5209.0;Hidrolândia;CE;18896.0;17855.0;-1041.0
4975;638.0;Amaral Ferrador;RS;6353.0;5310.0;-1043.0
4976;21000.0;Querência do Norte;PR;11729.0;10685.0;-1044.0
4977;17904.0;Jandaíra;BA;10331.0;9285.0;-1046.0
4978;80.0;Costa Marques;RO;13678.0;12627.0;-1051.0
4979;15008.0;Porto Lucena;RS;5413.0;4360.0;-1053.0
4980;50100.0;São Manuel;SP;38342.0;37289.0;-1053.0
4981;36009.0;Joaíma;MG;14941.0;13888.0;-1053.0
4982;4401.0;Major Isidoro;AL;18753.0;17700.0;-1053.0
4983;5450.0;Jatobá;MA;8526.0;7471.0;-1055.0
4984;15809.0;Itambé;BA;25450.0;24394.0;-1056.0
4985;13305.0;Carangola;MG;32296.0;31240.0;-1056.0
4986;12308.0;Conchas;SP;16288.0;15232.0;-1056.0
4987;14305.0;São José de Caiana;PB;6094.0;5034.0;-1060.0
4988;9001.0;Giruá;RS;17075.0;16013.0;-1062.0
4989;6402.0;Candeal;BA;8837.0;7772.0;-1065.0
4990;28401.0;Uraí;PR;11472.0;10406.0;-1066.0
4991;61106.0;São Francisco;MG;53828.0;52762.0;-1066.0
4992;4304.0;Iguatemi;MS;14875.0;13808.0;-1067.0
4993;16604.0;Peixe;TO;10384.0;9317.0;-1067.0
4994;13252.0;Tarrafas;CE;8597.0;7529.0;-1068.0
4995;2556.0;Campestre do Maranhão;MA;13369.0;12301.0;-1068.0
4996;46306.0;Santa Cruz das Palmeiras;SP;29932.0;28864.0;-1068.0
4997;40852.0;Matias Cardoso;MG;9964.0;8895.0;-1069.0
4998;9709.0;Orobó;PE;22878.0;21808.0;-1070.0
4999;5802.0;Riachão do Dantas;SE;19386.0;18313.0;-1073.0
5000;5506.0;Fraiburgo;SC;34556.0;33481.0;-1075.0
5001;7302.0;Erval Seco;RS;7863.0;6787.0;-1076.0
5002;5902.0;Ipueiras;CE;37876.0;36798.0;-1078.0
5003;61601.0;São Geraldo da Piedade;MG;4389.0;3305.0;-1084.0
5004;12700.0;Senador Pompeu;CE;25350.0;24266.0;-1084.0
5005;5806.0;Nioaque;MS;14304.0;13220.0;-1084.0
5006;30006.0;Sebastião Laranjeiras;BA;10444.0;9360.0;-1084.0
5007;6408.0;Pedro Gomes;MS;8026.0;6941.0;-1085.0
5008;900.0;Almadina;BA;6304.0;5218.0;-1086.0
5009;400.0;Almas;TO;7586.0;6499.0;-1087.0
5010;2504.0;Dois Riachos;AL;10894.0;9805.0;-1089.0
5011;5173.0;Cerro Grande do Sul;RS;10268.0;9178.0;-1090.0
5012;1905.0;Bequimão;MA;20674.0;19584.0;-1090.0
5013;34707.0;Jacinto;MG;12134.0;11042.0;-1092.0
5014;3703.0;Cururupu;MA;32652.0;31558.0;-1094.0
5015;10237.0;Santana do Maranhão;MA;11661.0;10567.0;-1094.0
5016;705.0;Alto Santo;CE;15250.0;14155.0;-1095.0
5017;36108.0;Joanésia;MG;5425.0;4329.0;-1096.0
5018;46900.0;Santa Lúcia;SP;8248.0;7149.0;-1099.0
5019;1506.0;Campo Grande;AL;9244.0;8143.0;-1101.0
5020;9601.0;Rosário;MA;39576.0;38475.0;-1101.0
5021;18408.0;São Jerônimo;RS;22134.0;21028.0;-1106.0
5022;71907.0;Virgolândia;MG;5658.0;4552.0;-1106.0
5023;1104.0;Areia;PB;23742.0;22633.0;-1109.0
5024;24600.0;Jacupiranga;SP;17208.0;16097.0;-1111.0
5025;13706.0;Palmeira das Missões;RS;34328.0;33216.0;-1112.0
5026;436.0;Alto Alegre do Maranhão;MA;25164.0;24048.0;-1116.0
5027;13457.0;Igrapiúna;BA;14270.0;13151.0;-1119.0
5028;18908.0;Cordisburgo;MG;8667.0;7547.0;-1120.0
5029;18804.0;São Lourenço do Sul;RS;43111.0;41989.0;-1122.0
5030;27800.0;Grão Mogol;MG;15024.0;13901.0;-1123.0
5031;24105.0;Ituverava;SP;38695.0;37571.0;-1124.0
5032;1750.0;Barão do Triunfo;RS;7018.0;5889.0;-1129.0
5033;23803.0;Paripiranga;BA;27740.0;26604.0;-1136.0
5034;808.0;Vitória do Jari;AP;12428.0;11291.0;-1137.0
5035;56.0;Cerejeiras;RO;17029.0;15890.0;-1139.0
5036;15700.0;Itamari;BA;8190.0;7051.0;-1139.0
5037;28109.0;Santa Maria da Vitória;BA;39743.0;38604.0;-1139.0
5038;30201.0;Mirante do Paranapanema;SP;17059.0;15917.0;-1142.0
5039;9204.0;Buenópolis;MG;10292.0;9150.0;-1142.0
5040;54457.0;Riachinho;MG;8007.0;6863.0;-1144.0
5041;26306.0;Sengés;PR;18414.0;17270.0;-1144.0
5042;5307.0;São Sebastião do Alto;RJ;8895.0;7750.0;-1145.0
5043;42909.0;Ribeirão Bonito;SP;12135.0;10989.0;-1146.0
5044;11155.0;Jóia;RS;8331.0;7184.0;-1147.0
5045;22409.0;Mutuípe;BA;21184.0;20037.0;-1147.0
5046;23205.0;Dores do Indaiá;MG;13778.0;12630.0;-1148.0
5047;7107.0;São José dos Quatro Marcos;MT;18998.0;17849.0;-1149.0
5048;9902.0;Pendências;RN;13432.0;12278.0;-1154.0
5049;35507.0;Paraguaçu Paulista;SP;42278.0;41120.0;-1158.0
5050;13203.0;Tamboril;CE;25974.0;24815.0;-1159.0
5051;14068.0;Passa Sete;RS;5143.0;3983.0;-1160.0
5052;7808.0;Firminópolis;GO;11582.0;10419.0;-1163.0
5053;6232.0;Nova Olímpia;MT;17515.0;16352.0;-1163.0
5054;26806.0;Rio do Antônio;BA;14312.0;13146.0;-1166.0
5055;8300.0;Fontoura Xavier;RS;10719.0;9550.0;-1169.0
5056;2252.0;Arataca;BA;11361.0;10191.0;-1170.0
5057;24603.0;Pindobaçu;BA;20257.0;19083.0;-1174.0
5058;2808.0;Caçapava do Sul;RS;33690.0;32515.0;-1175.0
5059;22533.0;Vale do Sol;RS;11077.0;9897.0;-1180.0
5060;31902.0;Morro Agudo;SP;29116.0;27933.0;-1183.0
5061;20809.0;Marcionílio Souza;BA;10451.0;9267.0;-1184.0
5062;36604.0;Paulo de Faria;SP;8589.0;7400.0;-1189.0
5063;64001.0;São Pedro dos Ferros;MG;8356.0;7166.0;-1190.0
5064;4104.0;Guarantã do Norte;MT;32216.0;31024.0;-1192.0
5065;2307.0;Arapoema;TO;6742.0;5550.0;-1192.0
5066;6507.0;Iati;PE;18360.0;17165.0;-1195.0
5067;29503.0;São Sebastião do Passé;BA;42153.0;40958.0;-1195.0
5068;6007.0;Crissiumal;RS;14084.0;12886.0;-1198.0
5069;31301.0;Tapiramutá;BA;17016.0;15818.0;-1198.0
5070;8702.0;Caconde;SP;18301.0;17101.0;-1200.0
5071;3106.0;Igaci;AL;25197.0;23995.0;-1202.0
5072;30309.0;Iguatama;MG;8029.0;6826.0;-1203.0
5073;2100.0;Bom Conselho;PE;45503.0;44294.0;-1209.0
5074;10856.0;São Francisco do Brejão;MA;10261.0;9051.0;-1210.0
5075;201.0;Alegre;ES;30392.0;29177.0;-1215.0
5076;13004.0;Maurilândia;GO;11521.0;10304.0;-1217.0
5077;17004.0;Santana da Boa Vista;RS;8242.0;7024.0;-1218.0
5078;2108.0;Ecoporanga;ES;23212.0;21992.0;-1220.0
5079;8300.0;Nova Cruz;RN;35490.0;34269.0;-1221.0
5080;1107.0;Areia Branca;RN;25315.0;24093.0;-1222.0
5081;11507.0;Campos Altos;MG;14206.0;12979.0;-1227.0
5082;1902.0;Chã Preta;AL;7138.0;5910.0;-1228.0
5083;29707.0;Ibiraci;MG;12176.0;10948.0;-1228.0
5084;7206.0;Poço das Trincheiras;AL;13748.0;12518.0;-1230.0
5085;8159.0;Uruará;PA;44789.0;43558.0;-1231.0
5086;12302.0;São José do Campestre;RN;12356.0;11121.0;-1235.0
5087;3801.0;Capoeiras;PE;19581.0;18338.0;-1243.0
5088;25903.0;Ferros;MG;10837.0;9590.0;-1247.0
5089;2204.0;Canguaretama;RN;30916.0;29668.0;-1248.0
5090;2858.0;Mesquita;RJ;168376.0;167127.0;-1249.0
5091;17003.0;Itiúba;BA;35121.0;33872.0;-1249.0
5092;17703.0;Guará;SP;19858.0;18606.0;-1252.0
5093;1609.0;Barra de Santa Rosa;PB;14157.0;12904.0;-1253.0
5094;7950.0;Jaqueira;PE;11501.0;10247.0;-1254.0
5095;1301.0;Bacuri;MA;17548.0;16290.0;-1258.0
5096;39201.0;Malacacheta;MG;18776.0;17516.0;-1260.0
5097;4908.0;Cumaru;PE;17183.0;15920.0;-1263.0
5098;72.0;Corumbiara;RO;8783.0;7519.0;-1264.0
5099;4200.0;Candelária;RS;30171.0;28906.0;-1265.0
5100;12554.0;Santa Filomena;PE;13371.0;12106.0;-1265.0
5101;2100.0;Alto Rio Doce;MG;12159.0;10891.0;-1268.0
5102;13757.0;Umirim;CE;18741.0;17470.0;-1271.0
5103;10201.0;Inácio Martins;PR;10943.0;9670.0;-1273.0
5104;7501.0;Tomar do Geru;SE;13287.0;12012.0;-1275.0
5105;42106.0;Miradouro;MG;10251.0;8968.0;-1283.0
5106;35101.0;Palmares Paulista;SP;10934.0;9650.0;-1284.0
5107;1435.0;Nova União;RO;7493.0;6200.0;-1293.0
5108;27073.0;Fruta de Leite;MG;5940.0;4647.0;-1293.0
5109;6802.0;Piaçabuçu;AL;17203.0;15908.0;-1295.0
5110;6905.0;Itabaiana;PB;24481.0;23182.0;-1299.0
5111;25907.0;Quijingue;BA;26575.0;25272.0;-1303.0
5112;3303.0;Cariús;CE;18320.0;17015.0;-1305.0
5113;16302.0;Itapebi;BA;10482.0;9174.0;-1308.0
5114;1907.0;Bujaru;PA;25695.0;24383.0;-1312.0
5115;11101.0;Campina Verde;MG;19324.0;18011.0;-1313.0
5116;43709.0;Rincão;SP;10414.0;9098.0;-1316.0
5117;5064.0;Novo Repartimento;PA;62050.0;60732.0;-1318.0
5118;2709.0;Butiá;RS;20406.0;19084.0;-1322.0
5119;11007.0;Jaguarão;RS;27931.0;26603.0;-1328.0
5120;6502.0;Dom Feliciano;RS;14380.0;13051.0;-1329.0
5121;21477.0;Tiradentes do Sul;RS;6461.0;5129.0;-1332.0
5122;9909.0;Natuba;PB;10277.0;8945.0;-1332.0
5123;7458.0;São Geraldo do Araguaia;PA;25587.0;24255.0;-1332.0
5124;26209.0;Juquitiba;SP;28737.0;27404.0;-1333.0
5125;500.0;Açucena;MG;10276.0;8943.0;-1333.0
5126;2756.0;Concórdia do Pará;PA;28216.0;26881.0;-1335.0
5127;32305.0;Itaipé;MG;11798.0;10463.0;-1335.0
5128;379.0;Alto Alegre dos Parecis;RO;12816.0;11479.0;-1337.0
5129;15403.0;Itaju do Colônia;BA;7376.0;6037.0;-1339.0
5130;3103.0;Currais Novos;RN;42652.0;41313.0;-1339.0
5131;20106.0;Mairi;BA;19015.0;17674.0;-1341.0
5132;10103.0;Palmeirina;PE;8373.0;7031.0;-1342.0
5133;2701.0;Campos Sales;CE;26478.0;25135.0;-1343.0
5134;21204.0;Taquara;RS;54590.0;53242.0;-1348.0
5135;15906.0;Serraria;PB;6238.0;4885.0;-1353.0
5136;11205.0;Júlio de Castilhos;RS;19579.0;18226.0;-1353.0
5137;16807.0;Itarantim;BA;18412.0;17052.0;-1360.0
5138;22854.0;Nova Redenção;BA;8898.0;7538.0;-1360.0
5139;11706.0;São Vicente Ferrer;MA;20863.0;19498.0;-1365.0
5140;23907.0;Santa Mariana;PR;12435.0;11066.0;-1369.0
5141;2150.0;Brejo de Areia;MA;10590.0;9218.0;-1372.0
5142;7009.0;Dianópolis;TO;19112.0;17739.0;-1373.0
5143;6456.0;Coronel Domingos Soares;PR;7022.0;5649.0;-1373.0
5144;11003.0;São João Batista;MA;19920.0;18544.0;-1376.0
5145;10407.0;Paramoti;CE;11763.0;10384.0;-1379.0
5146;23857.0;Santa Maria do Oeste;PR;11316.0;9934.0;-1382.0
5147;13705.0;Inhambupe;BA;35176.0;33790.0;-1386.0
5148;4301.0;Farias Brito;CE;19617.0;18217.0;-1400.0
5149;9402.0;Moreno;PE;56696.0;55292.0;-1404.0
5150;4402.0;Cândido de Abreu;PR;16655.0;15244.0;-1411.0
5151;54903.0;Rio Casca;MG;14201.0;12789.0;-1412.0
5152;18758.0;Rio Sono;TO;6254.0;4841.0;-1413.0
5153;11672.0;São Roberto;MA;5957.0;4544.0;-1413.0
5154;114.0;Jaru;RO;52005.0;50591.0;-1414.0
5155;3007.0;Ibateguara;AL;15149.0;13731.0;-1418.0
5156;18403.0;Conselheiro Pena;MG;22242.0;20824.0;-1418.0
5157;9400.0;Viçosa;AL;25514.0;24092.0;-1422.0
5158;2451.0;Boqueirão do Leão;RS;7673.0;6247.0;-1426.0
5159;3403.0;Mimoso do Sul;ES;25902.0;24475.0;-1427.0
5160;62401.0;São João da Ponte;MG;25358.0;23930.0;-1428.0
5161;16109.0;Moreira Sales;PR;12606.0;11175.0;-1431.0
5162;3056.0;Cláudia;MT;11028.0;9593.0;-1435.0
5163;26703.0;Francisco Sá;MG;24912.0;23476.0;-1436.0
5164;5109.0;Pedrinhas;SE;8833.0;7396.0;-1437.0
5165;11207.0;Potengi;CE;10273.0;8833.0;-1440.0
5166;5507.0;Murici;AL;26627.0;25187.0;-1440.0
5167;60306.0;Santo Antônio do Jacinto;MG;11775.0;10327.0;-1448.0
5168;7504.0;Engenheiro Beltrão;PR;13906.0;12454.0;-1452.0
5169;13701.0;Carlos Chagas;MG;20069.0;18615.0;-1454.0
5170;1707.0;Américo Brasiliense;SP;34478.0;33019.0;-1459.0
5171;34302.0;Orlândia;SP;39781.0;38319.0;-1462.0
5172;56809.0;Sabinópolis;MG;15704.0;14240.0;-1464.0
5173;3705.0;Itupiranga;PA;51220.0;49754.0;-1466.0
5174;296.0;Santa Luzia D'Oeste;RO;8886.0;7419.0;-1467.0
5175;66709.0;Serra dos Aimorés;MG;8412.0;6944.0;-1468.0
5176;12307.0;Saloá;PE;15309.0;13836.0;-1473.0
5177;25803.0;São Pedro do Ivaí;PR;10167.0;8690.0;-1477.0
5178;27200.0;Ruy Barbosa;BA;29768.0;28282.0;-1486.0
5179;10008.0;Dário Meira;BA;12309.0;10820.0;-1489.0
5180;20677.0;Sinimbu;RS;10068.0;8578.0;-1490.0
5181;16304.0;Paranaiguara;GO;9100.0;7607.0;-1493.0
5182;1005.0;Araruna;PB;18683.0;17189.0;-1494.0
5183;8600.0;Vila Rica;MT;21382.0;19888.0;-1494.0
5184;11606.0;Campos Gerais;MG;27600.0;26105.0;-1495.0
5185;3452.0;Denise;MT;8513.0;7014.0;-1499.0
5186;405.0;Água Fria;BA;15997.0;14497.0;-1500.0
5187;12100.0;Timbiras;MA;27997.0;26484.0;-1513.0
5188;46305.0;Padre Paraíso;MG;18849.0;17334.0;-1515.0
5189;8302.0;Milagres;CE;27418.0;25900.0;-1518.0
5190;35605.0;Jequitaí;MG;8005.0;6484.0;-1521.0
5191;12601.0;São Luís do Curu;CE;12347.0;10822.0;-1525.0
5192;8501.0;São Luís do Quitunde;AL;32412.0;30873.0;-1539.0
5193;108.0;Abaíra;BA;8841.0;7301.0;-1540.0
5194;5605.0;Independência;CE;25573.0;24024.0;-1549.0
5195;29608.0;Ibiaí;MG;7839.0;6286.0;-1553.0
5196;26678.0;Tamarana;PR;12262.0;10707.0;-1555.0
5197;10108.0;Poço Branco;RN;13949.0;12390.0;-1559.0
5198;2006.0;Caicó;RN;62709.0;61146.0;-1563.0
5199;11659.0;Guajeru;BA;9614.0;8050.0;-1564.0
5200;14506.0;Pinheiro Machado;RS;12780.0;11214.0;-1566.0
5201;14809.0;Eldorado;SP;14641.0;13069.0;-1572.0
5202;2100.0;Bela Vista;MS;23192.0;21613.0;-1579.0
5203;7203.0;Macau;RN;28954.0;27369.0;-1585.0
5204;601.0;Cacaulândia;RO;5736.0;4150.0;-1586.0
5205;8701.0;Lagoa dos Gatos;PE;15665.0;14076.0;-1589.0
5206;35309.0;Palmital;SP;21186.0;19594.0;-1592.0
5207;1757.0;Vale do Anari;RO;9384.0;7788.0;-1596.0
5208;30903.0;Inhapim;MG;24294.0;22692.0;-1602.0
5209;5900.0;Coronel Bicaco;RS;7748.0;6144.0;-1604.0
5210;58201.0;Santa Maria do Suaçuí;MG;14395.0;12788.0;-1607.0
5211;19803.0;São Domingos;GO;11325.0;9711.0;-1614.0
5212;38501.0;Piquete;SP;14107.0;12490.0;-1617.0
5213;12301.0;Ibicuí;BA;15552.0;13934.0;-1618.0
5214;39509.0;Pitangueiras;SP;35307.0;33674.0;-1633.0
5215;8050.0;Trairão;PA;16875.0;15242.0;-1633.0
5216;18101.0;São Francisco de Assis;RS;19254.0;17618.0;-1636.0
5217;7305.0;Porto Calvo;AL;25708.0;24071.0;-1637.0
5218;17009.0;Comercinho;MG;8298.0;6660.0;-1638.0
5219;6306.0;Itapajé;CE;48070.0;46426.0;-1644.0
5220;3502.0;Jacuípe;AL;6997.0;5352.0;-1645.0
5221;47502.0;Santa Rita do Passa Quatro;SP;26478.0;24833.0;-1645.0
5222;3706.0;Boa Nova;BA;15341.0;13690.0;-1651.0
5223;5606.0;Novo Lino;AL;11673.0;10020.0;-1653.0
5224;8503.0;Lagoa de Itaenga;PE;20659.0;19003.0;-1656.0
5225;23902.0;Pau Brasil;BA;11028.0;9370.0;-1658.0
5226;2306.0;Coruripe;AL;52072.0;50414.0;-1658.0
5227;50803.0;São Sebastião da Grama;SP;12099.0;10441.0;-1658.0
5228;355.0;Adustina;BA;15861.0;14201.0;-1660.0
5229;15350.0;Euclides da Cunha Paulista;SP;9585.0;7924.0;-1661.0
5230;807.0;Altinho;PE;22337.0;20674.0;-1663.0
5231;42908.0;Monte Azul;MG;21994.0;20328.0;-1666.0
5232;5401.0;Itapecuru Mirim;MA;62110.0;60440.0;-1670.0
5233;708.0;Aliança;PE;37415.0;35741.0;-1674.0
5234;22904.0;Nova Soure;BA;25911.0;24236.0;-1675.0
5235;16451.0;Salto do Jacuí;RS;11880.0;10203.0;-1677.0
5236;9239.0;Presidente Médici;MA;6374.0;4696.0;-1678.0
5237;10503.0;Entre Rios;BA;39776.0;38098.0;-1678.0
5238;5708.0;Lago da Pedra;MA;46083.0;44403.0;-1680.0
5239;3409.0;Belmonte;BA;21804.0;20121.0;-1683.0
5240;3205.0;Igreja Nova;AL;23074.0;21372.0;-1702.0
5241;9508.0;Orós;CE;21389.0;19675.0;-1714.0
5242;3405.0;Araçuaí;MG;36013.0;34297.0;-1716.0
5243;6407.0;Cornélio Procópio;PR;46928.0;45206.0;-1722.0
5244;8207.0;Pedreiras;MA;38777.0;37050.0;-1727.0
5245;53708.0;Taquaritinga;SP;53988.0;52260.0;-1728.0
5246;15007.0;Itaeté;BA;15200.0;13472.0;-1728.0
5247;3130.0;João Neiva;ES;15809.0;14079.0;-1730.0
5248;1807.0;Vale do Paraíso;RO;8210.0;6479.0;-1731.0
5249;1306.0;Anicuns;GO;20242.0;18503.0;-1739.0
5250;20103.0;Igarapava;SP;27952.0;26212.0;-1740.0
5251;1704.0;Barra do Bugres;MT;31146.0;29403.0;-1743.0
5252;10506.0;Pedra Branca;CE;41933.0;40187.0;-1746.0
5253;10100.0;Palmácia;CE;11994.0;10242.0;-1752.0
5254;3805.0;Boa Vista do Tupim;BA;18630.0;16873.0;-1757.0
5255;31806.0;Tremedal;BA;18055.0;16296.0;-1759.0
5256;32701.0;Itambacuri;MG;22809.0;21042.0;-1767.0
5257;4308.0;Brejões;BA;14711.0;12943.0;-1768.0
5258;32804.0;Utinga;BA;18049.0;16277.0;-1772.0
5259;509.0;Altônia;PR;20516.0;18742.0;-1774.0
5260;13804.0;Ipecaetá;BA;15487.0;13709.0;-1778.0
5261;1605.0;Canapi;AL;17338.0;15559.0;-1779.0
5262;16906.0;Itiruçu;BA;12785.0;10999.0;-1786.0
5263;4909.0;Guimarães;MA;12081.0;10290.0;-1791.0
5264;42700.0;Montalvânia;MG;15862.0;14060.0;-1802.0
5265;41307.0;Presidente Epitácio;SP;41318.0;39505.0;-1813.0
5266;71600.0;Virgem da Lapa;MG;13619.0;11804.0;-1815.0
5267;5608.0;Flores;PE;22169.0;20347.0;-1822.0
5268;11409.0;São Luís Gonzaga do Maranhão;MA;19645.0;17818.0;-1827.0
5269;7704.0;Paraibano;MA;20103.0;18274.0;-1829.0
5270;17800.0;Palmital;PR;14865.0;13033.0;-1832.0
5271;5703.0;Propriá;SE;28451.0;26618.0;-1833.0
5272;2006.0;Barros Cassal;RS;11133.0;9296.0;-1837.0
5273;9903.0;Iaciara;GO;12427.0;10584.0;-1843.0
5274;33303.0;Itaobim;MG;21001.0;19151.0;-1850.0
5275;2553.0;Estrela de Alagoas;AL;17287.0;15429.0;-1858.0
5276;2505.0;Barbosa Ferraz;PR;12656.0;10795.0;-1861.0
5277;4100.0;Boquira;BA;21184.0;19322.0;-1862.0
5278;2358.0;Buritirana;MA;14784.0;12918.0;-1866.0
5279;8303.0;São José da Laje;AL;22686.0;20813.0;-1873.0
5280;27804.0;Santa Cruz da Vitória;BA;6557.0;4681.0;-1876.0
5281;805.0;Borba;AM;34961.0;33080.0;-1881.0
5282;21803.0;Dionísio;MG;8739.0;6847.0;-1892.0
5283;29800.0;Saúde;BA;12373.0;10478.0;-1895.0
5284;4203.0;Limoeiro de Anadia;AL;26636.0;24740.0;-1896.0
5285;8309.0;Conceição do Almeida;BA;17698.0;15794.0;-1904.0
5286;6601.0;Dom Pedrito;RS;38898.0;36981.0;-1917.0
5287;308.0;Barra do Piraí;RJ;94808.0;92883.0;-1925.0
5288;2507.0;Cajari;MA;18338.0;16412.0;-1926.0
5289;21105.0;Tapes;RS;16629.0;14695.0;-1934.0
5290;11900.0;Saboeiro;CE;15792.0;13854.0;-1938.0
5291;1100.0;Careiro;AM;32734.0;30792.0;-1942.0
5292;18309.0;São Gabriel;RS;60432.0;58487.0;-1945.0
5293;7405.0;Esperantina;TO;9476.0;7530.0;-1946.0
5294;6703.0;Penedo;AL;60596.0;58650.0;-1946.0
5295;1607.0;Belém do São Francisco;PE;20253.0;18301.0;-1952.0
5296;10004.0;Caeté;MG;40750.0;38776.0;-1974.0
5297;18002.0;São Borja;RS;61671.0;59676.0;-1995.0
5298;2801.0;Maraã;AM;17528.0;15529.0;-1999.0
5299;52402.0;Poté;MG;15667.0;13666.0;-2001.0
5300;2404.0;Boa Viagem;CE;52421.0;50411.0;-2010.0
5301;21500.0;Monte Santo;BA;49793.0;47780.0;-2013.0
5302;4451.0;Cantagalo;PR;12952.0;10933.0;-2019.0
5303;2609.0;Baixa Grande;BA;20240.0;18220.0;-2020.0
5304;7803.0;Parnarama;MA;33281.0;31250.0;-2031.0
5305;10400.0;Parnamirim;PE;20646.0;18612.0;-2034.0
5306;7151.0;São Domingos do Araguaia;PA;23130.0;21092.0;-2038.0
5307;29906.0;Miracatu;SP;20592.0;18553.0;-2039.0
5308;12502.0;São João do Jaguaribe;CE;7900.0;5855.0;-2045.0
5309;31707.0;Terra Nova;BA;12851.0;10798.0;-2053.0
5310;508.0;Alto Paraguai;MT;10066.0;8009.0;-2057.0
5311;6803.0;Cruz Machado;PR;18040.0;15978.0;-2062.0
5312;70800.0;Várzea da Palma;MG;35809.0;33744.0;-2065.0
5313;16005.0;Itanhém;BA;19884.0;17813.0;-2071.0
5314;7701.0;Rosário Oeste;MT;17527.0;15453.0;-2074.0
5315;100.0;Angra dos Reis;RJ;169511.0;167434.0;-2077.0
5316;13405.0;Cruzeiro;SP;77039.0;74961.0;-2078.0
5317;4409.0;Neópolis;SE;18506.0;16426.0;-2080.0
5318;5002.0;Jauru;MT;10448.0;8367.0;-2081.0
5319;15186.0;Espírito Santo do Pinhal;SP;41907.0;39816.0;-2091.0
5320;26100.0;Juquiá;SP;19246.0;17154.0;-2092.0
5321;56502.0;Rubelita;MG;7772.0;5679.0;-2093.0
5322;21203.0;Miguel Calmon;BA;26761.0;24661.0;-2100.0
5323;13205.0;Miracema do Tocantins;TO;20684.0;18566.0;-2118.0
5324;408.0;Aiuaba;CE;16203.0;14076.0;-2127.0
5325;2008.0;Barro;CE;21520.0;19381.0;-2139.0
5326;11903.0;Rio Formoso;PE;22151.0;20009.0;-2142.0
5327;41901.0;Queluz;SP;11309.0;9159.0;-2150.0
5328;3604.0;Coroatá;MA;61725.0;59566.0;-2159.0
5329;5706.0;Clevelândia;PR;17240.0;15070.0;-2170.0
5330;27002.0;Rio Real;BA;37539.0;35362.0;-2177.0
5331;25204.0;Pojuca;BA;34335.0;32136.0;-2199.0
5332;15502.0;Itajuípe;BA;20981.0;18781.0;-2200.0
5333;7305.0;São José do Rio Claro;MT;17124.0;14911.0;-2213.0
5334;16409.0;Tacima;PB;10229.0;8010.0;-2219.0
5335;24207.0;Pedro Alexandre;BA;16186.0;13954.0;-2232.0
5336;39806.0;Poá;SP;106013.0;103765.0;-2248.0
5337;1708.0;Urupá;RO;12974.0;10725.0;-2249.0
5338;44251.0;Rosana;SP;19691.0;17440.0;-2251.0
5339;3759.0;Jequiá da Praia;AL;11724.0;9470.0;-2254.0
5340;28604.0;Santo Amaro;BA;58270.0;56012.0;-2258.0
5341;106.0;Guajará-Mirim;RO;41656.0;39387.0;-2269.0
5342;4054.0;Pedro Canário;ES;23794.0;21522.0;-2272.0
5343;4677.0;Governador Nunes Freire;MA;25401.0;23128.0;-2273.0
5344;22202.0;Tupanciretã;RS;22281.0;20005.0;-2276.0
5345;9308.0;Guaíba;RS;95204.0;92924.0;-2280.0
5346;9105.0;Machados;PE;13627.0;11333.0;-2294.0
5347;4809.0;Cortês;PE;12501.0;10198.0;-2303.0
5348;22706.0;Nova Canaã;BA;16036.0;13715.0;-2321.0
5349;26400.0;Riacho de Santana;BA;33033.0;30711.0;-2322.0
5350;1704.0;Capela;AL;17367.0;15032.0;-2335.0
5351;14605.0;Piratini;RS;19841.0;17504.0;-2337.0
5352;8107.0;João Alfredo;PE;30069.0;27725.0;-2344.0
5353;304.0;Alagoa Grande;PB;28410.0;26062.0;-2348.0
5354;5156.0;Caetanos;BA;13615.0;11266.0;-2349.0
5355;5427.0;Itinga do Maranhão;MA;24863.0;22513.0;-2350.0
5356;2401.0;Aurelino Leal;BA;13552.0;11179.0;-2373.0
5357;10603.0;Itaqui;RS;38159.0;35768.0;-2391.0
5358;2104.0;Araci;BA;50689.0;48294.0;-2395.0
5359;25956.0;Rafael Jambeiro;BA;22062.0;19662.0;-2400.0
5360;4307.0;Maracanã;PA;28376.0;25971.0;-2405.0
5361;9501.0;Cabo Verde;MG;13823.0;11410.0;-2413.0
5362;9202.0;Traipu;AL;25992.0;23565.0;-2427.0
5363;6903.0;Porto Murtinho;MS;15290.0;12859.0;-2431.0
5364;2507.0;Aparecida;SP;35007.0;32569.0;-2438.0
5365;32903.0;Valença;BA;88100.0;85655.0;-2445.0
5366;16401.0;Itapetinga;BA;68343.0;65897.0;-2446.0
5367;3808.0;Cedro;CE;24792.0;22344.0;-2448.0
5368;2077.0;Bom Lugar;MA;14666.0;12212.0;-2454.0
5369;8206.0;Joaquim Nabuco;PE;15732.0;13269.0;-2463.0
5370;6507.0;Berilo;MG;12300.0;9826.0;-2474.0
5371;16506.0;Xexéu;PE;14093.0;11611.0;-2482.0
5372;1005.0;Governador Jorge Teixeira;RO;10512.0;8001.0;-2511.0
5373;47700.0;Santo Anastácio;SP;20475.0;17963.0;-2512.0
5374;8600.0;São Miguel dos Campos;AL;54502.0;51990.0;-2512.0
5375;2907.0;Cacequi;RS;13676.0;11157.0;-2519.0
5376;51009.0;São Vicente;SP;332445.0;329911.0;-2534.0
5377;1609.0;Theobroma;RO;10649.0;8113.0;-2536.0
5378;4057.0;Estreito;MA;35835.0;33294.0;-2541.0
5379;1401.0;Monte Negro;RO;14091.0;11548.0;-2543.0
5380;3008.0;Babaçulândia;TO;10424.0;7880.0;-2544.0
5381;1903.0;Assaí;PR;16354.0;13797.0;-2557.0
5382;20002.0;Porecatu;PR;14189.0;11624.0;-2565.0
5383;502.0;Novo Horizonte do Oeste;RO;10240.0;7667.0;-2573.0
5384;19604.0;São Sepé;RS;23798.0;21219.0;-2579.0
5385;12205.0;Santa Quitéria;CE;42763.0;40183.0;-2580.0
5386;14407.0;Pelotas;RS;328275.0;325685.0;-2590.0
5387;12103.0;Ibicaraí;BA;24272.0;21665.0;-2607.0
5388;8502.0;General Carneiro;PR;13669.0;11062.0;-2607.0
5389;37007.0;Ladainha;MG;16994.0;14383.0;-2611.0
5390;4902.0;Cachoeira;BA;31865.0;29250.0;-2615.0
5391;40200.0;Pontal;SP;40244.0;37607.0;-2637.0
5392;1302.0;Mirante da Serra;RO;11878.0;9235.0;-2643.0
5393;4005.0;Pancas;ES;21548.0;18893.0;-2655.0
5394;8405.0;Peri Mirim;MA;13787.0;11108.0;-2679.0
5395;14204.0;Sirinhaém;PE;40296.0;37596.0;-2700.0
5396;2801.0;Flexeiras;AL;12325.0;9618.0;-2707.0
5397;41505.0;Presidente Venceslau;SP;37910.0;35201.0;-2709.0
5398;5407.0;Icó;CE;65357.0;62642.0;-2715.0
5399;3304.0;Inhapi;AL;17886.0;15167.0;-2719.0
5400;11808.0;Guaratinga;BA;21808.0;19049.0;-2759.0
5401;958.0;Aurora do Pará;PA;26546.0;23774.0;-2772.0
5402;873.0;Araguanã;MA;13973.0;11181.0;-2792.0
5403;13008.0;Caraí;MG;22343.0;19548.0;-2795.0
5404;11501.0;Gongogi;BA;8360.0;5555.0;-2805.0
5405;8306.0;Penalva;MA;35320.0;32511.0;-2809.0
5406;12308.0;Tuntum;MA;39111.0;36251.0;-2860.0
5407;1601.0;Antas;BA;17072.0;14206.0;-2866.0
5408;9204.0;Maraial;PE;12230.0;9359.0;-2871.0
5409;8900.0;Poção de Pedras;MA;20034.0;17161.0;-2873.0
5410;5002.0;Mata Grande;AL;24719.0;21844.0;-2875.0
5411;7509.0;Catu;BA;51028.0;48148.0;-2880.0
5412;26505.0;Francisco Badaró;MG;10248.0;7366.0;-2882.0
5413;155.0;Ouro Preto do Oeste;RO;37928.0;35044.0;-2884.0
5414;15.0;Alta Floresta D'Oeste;RO;24392.0;21494.0;-2898.0
5415;3609.0;Laranjeiras;SE;26902.0;23975.0;-2927.0
5416;64.0;Colorado do Oeste;RO;18591.0;15663.0;-2928.0
5417;609.0;Água Boa;MG;15521.0;12589.0;-2932.0
5418;6904.0;Monção;MA;30685.0;27751.0;-2934.0
5419;3174.0;Centro Novo do Maranhão;MA;19203.0;16267.0;-2936.0
5420;15701.0;Rio Pardo;RS;37591.0;34654.0;-2937.0
5421;254.0;Presidente Médici;RO;22319.0;19327.0;-2992.0
5422;10404.0;Encruzilhada;BA;22108.0;19107.0;-3001.0
5423;4203.0;Guiratinga;MT;13970.0;10966.0;-3004.0
5424;9402.0;Buritizeiro;MG;26922.0;23910.0;-3012.0
5425;10202.0;Panelas;PE;26037.0;22991.0;-3046.0
5426;9301.0;União dos Palmares;AL;62326.0;59280.0;-3046.0
5427;4803.0;Caatiba;BA;9252.0;6205.0;-3047.0
5428;204.0;Alcântara;MA;21521.0;18467.0;-3054.0
5429;16402.0;Rosário do Sul;RS;39700.0;36630.0;-3070.0
5430;14000.0;Ipirá;BA;59970.0;56876.0;-3094.0
5431;9152.0;Teotônio Vilela;AL;41152.0;38053.0;-3099.0
5432;32200.0;Ubaitaba;BA;20711.0;17596.0;-3115.0
5433;18701.0;Guarujá;SP;290752.0;287634.0;-3118.0
5434;29008.0;São Félix;BA;14230.0;11026.0;-3204.0
5435;11722.0;Satubinha;MA;11990.0;8784.0;-3206.0
5436;17102.0;Itororó;BA;19914.0;16617.0;-3297.0
5437;12406.0;Sanharó;PE;21955.0;18624.0;-3331.0
5438;201.0;Anadia;AL;17318.0;13966.0;-3352.0
5439;11029.0;São João do Carú;MA;15668.0;12251.0;-3417.0
5440;32457.0;Umburanas;BA;17089.0;13642.0;-3447.0
5441;907.0;Araioses;MA;42505.0;39052.0;-3453.0
5442;30709.0;Simões Filho;BA;118047.0;114559.0;-3488.0
5443;15300.0;Cataguases;MG;69757.0;66261.0;-3496.0
5444;23206.0;Itararé;SP;47934.0;44438.0;-3496.0
5445;5800.0;Camamu;BA;33972.0;30469.0;-3503.0
5446;4704.0;Buerarema;BA;18377.0;14804.0;-3573.0
5447;4507.0;Canguçu;RS;53259.0;49680.0;-3579.0
5448;3006.0;Caridade;CE;19956.0;16377.0;-3579.0
5449;12109.0;Salgadinho;PE;9312.0;5727.0;-3585.0
5450;2954.0;Eldorado do Carajás;PA;31786.0;28192.0;-3594.0
5451;5202.0;Escada;PE;63489.0;59891.0;-3598.0
5452;24702.0;Piripá;BA;12757.0;9152.0;-3605.0
5453;8002.0;Coaraci;BA;20964.0;17333.0;-3631.0
5454;1508.0;Além Paraíba;MG;34349.0;30717.0;-3632.0
5455;3106.0;Nova Olinda do Norte;AM;30696.0;27062.0;-3634.0
5456;906.0;Amaraji;PE;21890.0;18205.0;-3685.0
5457;19801.0;Macaúbas;BA;45569.0;41859.0;-3710.0
5458;6107.0;Valença;RJ;71822.0;68088.0;-3734.0
5459;346.0;Alvorada D'Oeste;RO;16853.0;13117.0;-3736.0
5460;45307.0;Novo Cruzeiro;MG;30725.0;26975.0;-3750.0
5461;3004.0;Cachoeira do Sul;RS;83827.0;80070.0;-3757.0
5462;1209.0;Cachoeiro de Itapemirim;ES;189546.0;185786.0;-3760.0
5463;3307.0;Codó;MA;118038.0;114275.0;-3763.0
5464;13903.0;Ipiaú;BA;44485.0;40706.0;-3779.0
5465;6300.0;Magalhães de Almeida;MA;17587.0;13807.0;-3780.0
5466;13606.0;Ilhéus;BA;182438.0;178649.0;-3789.0
5467;13008.0;São Bento do Una;PE;53242.0;49449.0;-3793.0
5468;700.0;Campo Novo de Rondônia;RO;12665.0;8844.0;-3821.0
5469;60702.0;Santos Dumont;MG;46284.0;42406.0;-3878.0
5470;1203.0;Ministro Andreazza;RO;10352.0;6466.0;-3886.0
5471;15601.0;Itamaraju;BA;63513.0;59605.0;-3908.0
5472;6106.0;Cruz Alta;RS;62821.0;58913.0;-3908.0
5473;3379.0;Cotriguaçu;MT;14983.0;11011.0;-3972.0
5474;3601.0;Santa Isabel do Rio Negro;AM;18146.0;14164.0;-3982.0
5475;13087.0;Minaçu;GO;31150.0;27075.0;-4075.0
5476;1308.0;Cajueiro;AL;20106.0;16024.0;-4082.0
5477;148.0;Nova Brasilândia D'Oeste;RO;19874.0;15679.0;-4195.0
5478;2108.0;Colônia Leopoldina;AL;20019.0;15816.0;-4203.0
5479;1159.0;Careiro da Várzea;AM;23930.0;19637.0;-4293.0
5480;23100.0;Olindina;BA;26942.0;22633.0;-4309.0
5481;6195.0;Rurópolis;PA;40087.0;35769.0;-4318.0
5482;16308.0;Vicência;PE;30732.0;26359.0;-4373.0
5483;452.0;Buritis;RO;32383.0;27992.0;-4391.0
5484;13507.0;Iguaí;BA;25928.0;21491.0;-4437.0
5485;23050.0;Novo Triunfo;BA;15105.0;10660.0;-4445.0
5486;7708.0;Esteio;RS;80755.0;76137.0;-4618.0
5487;8500.0;Mombaça;CE;42375.0;37735.0;-4640.0
5488;24801.0;Piritiba;BA;22237.0;17566.0;-4671.0
5489;1001.0;Boca da Mata;AL;25916.0;21187.0;-4729.0
5490;17300.0;Ituberá;BA;26691.0;21902.0;-4789.0
5491;7357.0;Nova Olinda do Maranhão;MA;19134.0;14314.0;-4820.0
5492;279.0;Laranjal do Jari;AP;39942.0;35114.0;-4828.0
5493;16100.0;Chapada do Norte;MG;15189.0;10337.0;-4852.0
5494;10004.0;Palmares;PE;59526.0;54584.0;-4942.0
5495;17607.0;Jaguaquara;BA;50907.0;45964.0;-4943.0
5496;32507.0;Una;BA;23089.0;18131.0;-4958.0
5497;3406.0;Coelho Neto;MA;46750.0;41658.0;-5092.0
5498;406.0;Alegrete;RS;77653.0;72409.0;-5244.0
5499;5650.0;Placas;PA;23934.0;18668.0;-5266.0
5500;15602.0;Rio Grande;RS;197228.0;191900.0;-5328.0
5501;477.0;Alto Alegre do Pindaré;MA;31052.0;25710.0;-5342.0
5502;1209.0;Coari;AM;75965.0;70616.0;-5349.0
5503;8126.0;Ulianópolis;PA;43341.0;37972.0;-5369.0
5504;3809.0;Joaquim Gomes;AL;22575.0;17150.0;-5425.0
5505;3403.0;Parintins;AM;102033.0;96372.0;-5661.0
5506;4205.0;Catende;PE;37820.0;32156.0;-5664.0
5507;2553.0;Manaquiri;AM;22801.0;17107.0;-5694.0
5508;44300.0;Nanuque;MG;40834.0;35038.0;-5796.0
5509;3302.0;Niterói;RJ;487562.0;481749.0;-5813.0
5510;8100.0;Tucuruí;PA;97128.0;91306.0;-5822.0
5511;3609.0;Paracambi;RJ;47281.0;41375.0;-5906.0
5512;2002.0;Bom Jardim;MA;39049.0;33100.0;-5949.0
5513;956.0;Arame;MA;31471.0;25517.0;-5954.0
5514;12704.0;Vargem Grande;MA;49412.0;43261.0;-6151.0
5515;13504.0;Cubatão;SP;118720.0;112476.0;-6244.0
5516;11507.0;Quipapá;PE;24186.0;17928.0;-6258.0
5517;309.0;Acopiara;CE;51271.0;44962.0;-6309.0
5518;41801.0;Minas Novas;MG;30794.0;24405.0;-6389.0
5519;27701.0;Governador Valadares;MG;263689.0;257171.0;-6518.0
5520;401.0;Água Preta;PE;33095.0;26461.0;-6634.0
5521;1782.0;Breu Branco;PA;52493.0;45712.0;-6781.0
5522;20601.0;Maragogipe;BA;42661.0;35859.0;-6802.0
5523;7953.0;Tailândia;PA;79297.0;72493.0;-6804.0
5524;409.0;Atalaia;AL;44326.0;37512.0;-6814.0
5525;1956.0;Cachoeira do Piriá;PA;26484.0;19630.0;-6854.0
5526;409.0;Barcelos;AM;25718.0;18834.0;-6884.0
5527;347.0;Água Azul do Norte;PA;25057.0;18080.0;-6977.0
5528;407.0;Barra Mansa;RJ;176947.0;169894.0;-7053.0
5529;22102.0;Mundo Novo;BA;24368.0;17305.0;-7063.0
5530;14606.0;Niquelândia;GO;42361.0;34964.0;-7397.0
5531;3207.0;Corumbá;MS;103675.0;96268.0;-7407.0
5532;3093.0;Goianésia do Pará;PA;33864.0;26362.0;-7502.0
5533;15300.0;Timbaúba;PE;53825.0;46147.0;-7678.0
5534;14007.0;Zé Doca;MA;48490.0;40801.0;-7689.0
5535;32309.0;Ubatã;BA;24272.0;16094.0;-8178.0
5536;22400.0;Uruguaiana;RS;125435.0;117210.0;-8225.0
5537;604.0;Alvorada;RS;195673.0;187315.0;-8358.0
5538;3600.0;Catarina;CE;18705.0;10243.0;-8462.0
5539;5602.0;Camacan;BA;31173.0;22579.0;-8594.0
5540;7700.0;Maranguape;CE;114005.0;105093.0;-8912.0
5541;6501.0;Candeias;BA;81634.0;72382.0;-9252.0
5542;1807.0;Bayeux;PB;92350.0;82742.0;-9608.0
5543;5905.0;Gameleira;PE;27912.0;18214.0;-9698.0
5544;2325.0;Buriticupu;MA;65237.0;55499.0;-9738.0
5545;3203.0;Nilópolis;RJ;157425.0;146774.0;-10651.0
5546;11804.0;Ribeirão;PE;44497.0;33507.0;-10990.0
5547;13409.0;Novo Hamburgo;RS;238940.0;227646.0;-11294.0
5548;10005.0;Santa Luzia;MA;69184.0;57635.0;-11549.0
5549;31307.0;Ipatinga;MG;239468.0;227731.0;-11737.0
5550;3804.0;Jacundá;PA;51360.0;37707.0;-13653.0
5551;23002.0;Viamão;RS;239384.0;224112.0;-15272.0
5552;3906.0;Petrópolis;RJ;295774.0;278881.0;-16893.0
5553;3457.0;Ipixuna do Pará;PA;47881.0;30329.0;-17552.0
5554;5109.0;São João de Meriti;RJ;458673.0;440962.0;-17711.0
5555;14802.0;Itabuna;BA;204478.0;186708.0;-17770.0
5556;1407.0;Campo Alegre;AL;51121.0;32106.0;-19015.0
5557;6708.0;Santana do Araguaia;PA;56153.0;32413.0;-23740.0
5558;7300.0;São Félix do Xingu;PA;91340.0;65418.0;-25922.0
5559;9600.0;Olinda;PE;377779.0;349976.0;-27803.0
5560;4400.0;Fortaleza;CE;2459712.0;2428708.0;-31004.0
5561;1702.0;Duque de Caxias;RJ;855088.0;808161.0;-46927.0
5562;11606.0;Recife;PE;1537704.0;1488920.0;-48784.0
5563;8102.0;Natal;RN;803739.0;751300.0;-52439.0
5564;6200.0;Belo Horizonte;MG;2375609.0;2315560.0;-60049.0
5565;14902.0;Porto Alegre;RS;1409351.0;1332845.0;-76506.0
5566;1402.0;Belém;PA;1393399.0;1303403.0;-89996.0
5567;4904.0;São Gonçalo;RJ;999728.0;896744.0;-102984.0
5568;4557.0;Rio de Janeiro;RJ;6320446.0;6211223.0;-109223.0
5569;27408.0;Salvador;BA;2675656.0;2417678.0;-257978.0
